mtllib glove_left.mtl
v -0.028016 0.000000 -0.015915
v -0.028167 -0.001097 -0.016078
v -0.028251 0.000000 -0.016097
v 0.013560 -0.053575 0.047113
v 0.024554 -0.042341 0.036315
v 0.007369 -0.040831 0.045723
v -0.016345 -0.049730 0.044408
v -0.025725 -0.049818 0.036394
v -0.017184 -0.051504 0.046044
v -0.002680 -0.065521 -0.038179
v -0.004156 -0.057170 -0.036221
v -0.000644 -0.061960 -0.035768
v -0.030906 -0.062589 0.011261
v -0.027583 -0.079973 -0.000844
v -0.032274 -0.079350 0.021512
v 0.021742 -0.073242 0.043927
v 0.014653 -0.078956 0.054930
v 0.023741 -0.082190 0.045012
v -0.029795 -0.063971 -0.011420
v -0.028649 -0.079709 -0.017766
v -0.022524 -0.064834 -0.030359
v -0.019658 -0.055246 -0.028181
v -0.015939 -0.065543 -0.034512
v 0.008120 -0.065979 -0.034575
v 0.030143 -0.115622 0.030084
v 0.031615 -0.099119 0.029030
v 0.028675 -0.115629 0.034871
v 0.032201 -0.115623 0.025843
v 0.031551 -0.114581 -0.015089
v 0.033857 -0.100188 -0.013387
v 0.032615 -0.114965 -0.010142
v 0.028991 -0.134998 -0.016963
v 0.027246 -0.146872 -0.012353
v 0.024804 -0.143252 -0.024561
v -0.012955 -0.204661 -0.048259
v -0.012818 -0.205678 -0.045080
v -0.013839 -0.201480 -0.046211
v -0.003317 -0.208806 -0.046345
v -0.003206 -0.207960 -0.049730
v 0.000205 -0.207061 -0.047990
v 0.022765 -0.150109 -0.024478
v 0.024269 -0.153501 -0.015929
v 0.019835 -0.158107 -0.022620
v 0.023986 -0.157344 0.002387
v 0.023573 -0.158966 0.012750
v 0.019861 -0.162617 0.005350
v 0.015848 -0.163004 0.036856
v 0.020937 -0.159078 0.031283
v 0.017286 -0.157548 0.042674
v 0.026641 -0.150700 0.001602
v 0.029916 -0.138958 0.009211
v 0.026253 -0.151743 0.015062
v 0.003975 -0.159588 0.060471
v -0.004472 -0.159359 0.060887
v 0.003570 -0.164265 0.061865
v -0.003568 -0.232368 -0.015840
v -0.003550 -0.231783 -0.020357
v 0.000153 -0.228034 -0.017427
v -0.004988 -0.236333 0.023238
v -0.009777 -0.240020 0.024826
v -0.008711 -0.240286 0.020400
v -0.017618 -0.227866 0.059941
v -0.016313 -0.228714 0.056608
v -0.013974 -0.225012 0.058777
v -0.005734 -0.162161 0.004212
v -0.011609 -0.151821 0.019285
v -0.009673 -0.150811 0.000229
v -0.007943 -0.149195 -0.019418
v -0.006433 -0.160989 -0.009170
v -0.014881 -0.229747 -0.016398
v -0.015622 -0.222656 -0.017987
v -0.014370 -0.228886 -0.020811
v -0.021334 -0.232386 0.018559
v -0.019658 -0.238597 0.017384
v -0.020841 -0.238156 0.021497
v -0.028614 -0.220789 0.051149
v -0.026838 -0.226684 0.050521
v -0.028449 -0.225792 0.054196
v 0.012453 -0.155435 0.050870
v 0.012708 -0.156014 0.050513
v 0.012732 -0.155374 0.050373
v 0.012439 -0.154960 0.050514
v 0.012638 -0.154587 0.050223
v 0.012512 -0.155043 0.050286
v -0.029783 -0.042270 -0.012978
v -0.033359 -0.040506 -0.013620
v -0.029860 -0.040104 -0.013479
v -0.034615 -0.037381 -0.013901
v -0.029920 -0.038424 -0.013867
v 0.023243 -0.055607 0.038613
v 0.024383 -0.045569 0.037098
v -0.001223 -0.051069 0.049552
v 0.005287 -0.043305 0.046950
v -0.012494 -0.205149 -0.042441
v -0.011974 -0.203570 -0.040296
v -0.012612 -0.200640 -0.051402
v -0.012915 -0.202760 -0.050575
v -0.001113 -0.207446 -0.042413
v -0.002413 -0.208514 -0.044178
v -0.001519 -0.204631 -0.053029
v -0.002511 -0.206423 -0.052163
v -0.002042 -0.228408 -0.010042
v -0.003188 -0.230700 -0.012061
v -0.001533 -0.226659 -0.024212
v -0.002657 -0.229247 -0.023391
v -0.008632 -0.234341 0.030316
v -0.009678 -0.237641 0.028720
v -0.006069 -0.236471 0.014663
v -0.007460 -0.238994 0.017023
v -0.014775 -0.227572 0.053345
v -0.013426 -0.225956 0.050666
v -0.017056 -0.222520 0.064264
v -0.017902 -0.225408 0.062983
v -0.047586 -0.132227 0.093040
v -0.051607 -0.136638 0.093317
v -0.049242 -0.136891 0.091408
v -0.046983 -0.135900 0.089446
v -0.061698 -0.123735 0.092376
v -0.061597 -0.126043 0.093905
v -0.060563 -0.128338 0.095037
v -0.056866 -0.124162 0.094697
v -0.062732 -0.131237 0.085232
v -0.064095 -0.132957 0.089101
v -0.064661 -0.130889 0.088079
v -0.064500 -0.128877 0.086624
v -0.050134 -0.139487 0.084277
v -0.052659 -0.140759 0.086491
v -0.055561 -0.140769 0.088188
v -0.054040 -0.138444 0.083400
v -0.013409 -0.222299 -0.024366
v -0.013758 -0.225676 -0.023692
v -0.014822 -0.227652 -0.012195
v -0.014331 -0.224479 -0.010333
v -0.017410 -0.233308 0.011205
v -0.018521 -0.236752 0.013783
v -0.021749 -0.232434 0.025452
v -0.021698 -0.235677 0.024467
v -0.029512 -0.222932 0.057236
v -0.029432 -0.219480 0.058248
v -0.023848 -0.222501 0.045390
v -0.025027 -0.225295 0.047064
v -0.034472 0.000000 -0.001870
v -0.034503 -0.000791 -0.001781
v -0.034579 0.000000 0.010574
v 0.021616 0.000000 0.046038
v 0.033316 -0.001104 0.041371
v 0.033217 0.000000 0.041069
v 0.041332 -0.003254 0.023123
v 0.041180 0.000000 0.022869
v 0.034409 0.000000 0.038623
v 0.043590 0.000000 0.015687
v 0.047388 -0.004168 0.003501
v 0.047440 0.000000 0.003192
v 0.043787 -0.004940 -0.016981
v 0.043938 0.000000 -0.017376
v 0.045688 0.000000 -0.007326
v 0.032629 -0.004994 -0.033715
v 0.032766 0.000000 -0.033810
v 0.037713 0.000000 -0.026390
v 0.014165 -0.004351 -0.044694
v 0.014710 0.000000 -0.044324
v 0.023989 0.000000 -0.039019
v -0.006758 -0.003517 -0.044591
v -0.006342 0.000000 -0.044306
v 0.003257 0.000000 -0.044307
v -0.011193 0.000000 -0.039590
v -0.022046 -0.002072 -0.028997
v -0.021887 0.000000 -0.028838
v -0.022828 0.000000 -0.026512
v -0.028167 -0.001097 -0.016078
v -0.028016 0.000000 -0.015915
v -0.034462 0.000000 -0.002774
v -0.032645 0.000000 -0.015491
v -0.032511 -0.001035 -0.015500
v -0.028735 0.000000 -0.016012
v -0.026900 -0.019691 -0.015492
v -0.030875 -0.019119 -0.015509
v -0.023723 -0.020589 -0.029638
v -0.026900 -0.019691 -0.015492
v -0.033059 -0.018362 0.000667
v -0.033506 -0.017820 0.021064
v -0.034598 0.000000 0.019307
v -0.008242 -0.021818 -0.043039
v 0.011846 -0.022762 -0.040351
v 0.029577 -0.023177 -0.030489
v 0.040195 -0.022811 -0.015021
v 0.044133 -0.021880 0.004754
v 0.040764 -0.020730 0.024220
v 0.031676 -0.018794 0.041749
v 0.010035 0.000000 0.050652
v 0.009362 -0.016408 0.050845
v -0.018686 -0.016386 0.045890
v 0.008288 0.000000 0.050343
v -0.016568 0.000000 0.043044
v -0.027422 0.000000 0.032668
v -0.028410 -0.016719 0.034400
v -0.017388 0.000000 0.042066
v -0.034432 0.000000 0.019740
v -0.035462 -0.037908 0.002939
v -0.034971 -0.035646 0.022936
v -0.030334 -0.035254 0.036734
v -0.019922 -0.034753 0.048516
v 0.008071 -0.035494 0.053417
v 0.029326 -0.037586 0.041996
v 0.038155 -0.039689 0.023999
v 0.041267 -0.040800 0.005452
v 0.037351 -0.042006 -0.013080
v 0.027752 -0.042720 -0.029691
v 0.009662 -0.042519 -0.039601
v -0.007471 -0.041510 -0.040665
v -0.025349 -0.039874 -0.030079
v -0.029920 -0.038424 -0.013867
v -0.025068 -0.041865 -0.030063
v -0.029860 -0.040104 -0.013479
v -0.007654 -0.043504 -0.040690
v -0.033868 -0.039961 0.003258
v -0.033532 -0.037604 0.023153
v 0.009704 -0.044351 -0.039443
v 0.027468 -0.044575 -0.029538
v 0.036609 -0.043444 -0.012839
v 0.040539 -0.042322 0.005502
v 0.036753 -0.040840 0.023649
v 0.028092 -0.038983 0.040935
v 0.007930 -0.037262 0.051699
v -0.019033 -0.036755 0.047359
v -0.029352 -0.037264 0.035973
v 0.039600 -0.044285 0.005567
v 0.035379 -0.044942 0.004800
v 0.032402 -0.045791 -0.010395
v 0.035654 -0.045299 -0.012528
v 0.035044 -0.041723 0.023056
v 0.033115 -0.042428 0.021959
v 0.026525 -0.046436 -0.028293
v 0.023541 -0.047032 -0.025247
v 0.032213 -0.049116 -0.010645
v 0.032402 -0.045791 -0.010395
v 0.035379 -0.044942 0.004800
v 0.035258 -0.048321 0.005039
v 0.023362 -0.049990 -0.025419
v 0.023541 -0.047032 -0.025247
v 0.032730 -0.046069 0.022405
v 0.033115 -0.042428 0.021959
v 0.026603 -0.041240 0.039843
v 0.024554 -0.042341 0.036315
v 0.007879 -0.039832 0.049539
v 0.007369 -0.040831 0.045723
v -0.017316 -0.038596 0.045408
v -0.014453 -0.040735 0.041401
v -0.014453 -0.040735 0.041401
v -0.015045 -0.042903 0.042395
v -0.027546 -0.039279 0.034754
v -0.023745 -0.041589 0.032159
v -0.023745 -0.041589 0.032159
v -0.024425 -0.043575 0.033388
v -0.031138 -0.039553 0.023193
v -0.026785 -0.041448 0.021836
v -0.031273 -0.042032 0.003432
v -0.028087 -0.043938 0.004138
v -0.024425 -0.043575 0.033388
v -0.023745 -0.041589 0.032159
v -0.026785 -0.041448 0.021836
v -0.027830 -0.043787 0.022306
v -0.028087 -0.043938 0.004138
v -0.028529 -0.046055 0.005024
v -0.023881 -0.043478 -0.012676
v -0.023881 -0.043478 -0.012676
v -0.024796 -0.045707 -0.012495
v -0.029783 -0.042270 -0.012978
v -0.023832 -0.043960 -0.028673
v -0.018867 -0.044660 -0.024818
v -0.023881 -0.043478 -0.012676
v -0.019220 -0.046922 -0.025861
v -0.018867 -0.044660 -0.024818
v -0.007015 -0.045603 -0.039352
v -0.005464 -0.047153 -0.035178
v -0.005464 -0.047153 -0.035178
v -0.005206 -0.049618 -0.035725
v 0.009181 -0.046181 -0.038194
v 0.008259 -0.046604 -0.034069
v 0.008176 -0.049500 -0.034283
v 0.008259 -0.046604 -0.034069
v -0.005206 -0.049618 -0.035725
v -0.005464 -0.047153 -0.035178
v -0.004656 -0.056014 0.053222
v -0.028835 -0.055265 0.040871
v -0.025725 -0.049818 0.036394
v -0.030163 -0.051116 0.023276
v -0.033449 -0.059190 0.026927
v -0.028835 -0.055265 0.040871
v -0.020097 -0.055290 0.049163
v -0.017184 -0.051504 0.046044
v -0.028972 -0.052631 0.007790
v -0.035465 -0.067966 0.031913
v -0.030730 -0.061205 0.043663
v -0.030730 -0.061205 0.043663
v -0.022238 -0.060328 0.052013
v -0.034263 -0.070000 0.048965
v -0.026313 -0.068720 0.056520
v -0.037569 -0.076706 0.039040
v -0.034263 -0.070000 0.048965
v -0.010621 -0.063863 0.058538
v -0.008411 -0.059310 0.056610
v -0.016413 -0.071035 0.063599
v -0.036249 -0.085233 0.032567
v 0.008768 -0.063792 0.054137
v 0.030207 -0.078805 0.027281
v 0.034248 -0.081071 0.007502
v 0.033956 -0.058744 0.005795
v 0.030683 -0.057372 0.023301
v 0.030971 -0.078675 -0.012125
v 0.030787 -0.059351 -0.010947
v 0.021955 -0.072412 -0.027952
v 0.022227 -0.059058 -0.025048
v 0.008120 -0.065979 -0.034575
v 0.007780 -0.058394 -0.033785
v -0.026814 -0.053963 -0.011406
v -0.039642 -0.084526 0.046723
v -0.037185 -0.078438 0.054953
v -0.037185 -0.078438 0.054953
v -0.031242 -0.076877 0.062752
v -0.042425 -0.088222 0.061648
v -0.036828 -0.086029 0.068338
v -0.022511 -0.079229 0.068606
v -0.029115 -0.086863 0.074097
v -0.047079 -0.095428 0.066883
v -0.041691 -0.093686 0.072942
v -0.035045 -0.094938 0.077732
v -0.043981 -0.093132 0.055129
v -0.042425 -0.088222 0.061648
v -0.047828 -0.099747 0.061812
v -0.047079 -0.095428 0.066883
v -0.038150 -0.091779 0.042443
v -0.041957 -0.098477 0.051674
v -0.046341 -0.104912 0.057802
v 0.004770 -0.067577 0.058553
v -0.001234 -0.072871 0.062256
v -0.007477 -0.079211 0.066826
v -0.003369 -0.090700 0.065762
v 0.003774 -0.086891 0.063442
v 0.008768 -0.063792 0.054137
v -0.004656 -0.056014 0.053222
v 0.021742 -0.073242 0.043927
v -0.003955 -0.101825 0.064620
v 0.002466 -0.100699 0.062398
v 0.015421 -0.099891 0.057122
v -0.014039 -0.085734 0.070948
v -0.010224 -0.094759 0.069114
v -0.009362 -0.103365 0.065886
v -0.008646 -0.111412 0.058378
v -0.005148 -0.114311 0.058887
v -0.013397 -0.109385 0.059024
v -0.004903 -0.120185 0.058305
v 0.003654 -0.117183 0.059735
v 0.014363 -0.116197 0.056844
v -0.005148 -0.114311 0.058887
v -0.008646 -0.111412 0.058378
v -0.017940 -0.114528 0.050219
v -0.014699 -0.118592 0.049010
v -0.014018 -0.121770 0.049242
v -0.004903 -0.120185 0.058305
v -0.013397 -0.109385 0.059024
v -0.020643 -0.110457 0.051908
v -0.027537 -0.100490 0.019284
v -0.031299 -0.098806 0.031336
v -0.033873 -0.100332 0.041023
v -0.022924 -0.099699 0.000588
v -0.025751 -0.110844 0.040040
v -0.021579 -0.114676 0.035347
v -0.028219 -0.108441 0.044310
v -0.018228 -0.119783 0.036018
v -0.020885 -0.114407 0.020044
v -0.018208 -0.112785 0.001046
v -0.020871 -0.092376 0.076104
v -0.028641 -0.099629 0.078885
v -0.016640 -0.099414 0.073163
v -0.015697 -0.105641 0.067921
v -0.018851 -0.109823 0.061475
v -0.018851 -0.109823 0.061475
v -0.024297 -0.110668 0.055301
v 0.025186 -0.099604 0.045715
v -0.023825 -0.105464 0.076782
v -0.023010 -0.110382 0.071550
v -0.025467 -0.112791 0.066103
v -0.030618 -0.108925 0.051602
v -0.037430 -0.104300 0.049818
v -0.029549 -0.114001 0.060963
v -0.034791 -0.112909 0.058091
v -0.041159 -0.109277 0.056577
v -0.025467 -0.112791 0.066103
v -0.022740 -0.080156 -0.032126
v -0.013710 -0.080463 -0.038033
v -0.024228 -0.099530 -0.018644
v -0.018834 -0.112241 -0.018921
v -0.019373 -0.098936 -0.033653
v -0.013973 -0.111411 -0.033863
v -0.009456 -0.098324 -0.040815
v -0.001290 -0.080649 -0.041688
v 0.001953 -0.098525 -0.043374
v 0.012047 -0.081870 -0.038747
v 0.014082 -0.098874 -0.040652
v -0.005020 -0.111326 -0.042006
v 0.021955 -0.072412 -0.027952
v 0.024115 -0.084157 -0.029874
v 0.030971 -0.078675 -0.012125
v 0.033230 -0.086609 -0.012735
v 0.035030 -0.087453 0.008479
v 0.034248 -0.081071 0.007502
v 0.030207 -0.078805 0.027281
v 0.032133 -0.085824 0.027920
v 0.025846 -0.099516 -0.030754
v 0.034015 -0.099454 0.008745
v 0.024263 -0.115705 0.047144
v 0.033200 -0.115339 0.008774
v 0.026162 -0.113510 -0.031249
v 0.015082 -0.112390 -0.041693
v 0.003765 -0.111767 -0.044523
v 0.004551 -0.135610 0.058744
v 0.004400 -0.128781 0.058765
v -0.004122 -0.128544 0.058004
v -0.003598 -0.134576 0.058077
v 0.013886 -0.128925 0.056498
v 0.013323 -0.136668 0.056183
v -0.003598 -0.134576 0.058077
v -0.004122 -0.128544 0.058004
v -0.013038 -0.128087 0.050036
v -0.012604 -0.132897 0.050764
v 0.004086 -0.145264 0.058553
v -0.003666 -0.143873 0.058202
v -0.004239 -0.151408 0.060105
v 0.003965 -0.152520 0.059440
v -0.012223 -0.143124 0.052112
v -0.003666 -0.143873 0.058202
v -0.012401 -0.151436 0.052847
v -0.004239 -0.151408 0.060105
v 0.005408 -0.122401 -0.044926
v 0.015574 -0.123230 -0.042248
v 0.015637 -0.130284 -0.042353
v 0.006433 -0.128985 -0.045078
v -0.000865 -0.122006 -0.043474
v 0.001257 -0.128800 -0.044248
v 0.025552 -0.132786 -0.030856
v 0.026161 -0.125367 -0.031281
v 0.013891 -0.141321 -0.042896
v 0.007657 -0.139240 -0.046087
v 0.020871 -0.138832 -0.036407
v 0.018430 -0.144490 -0.039371
v 0.013746 -0.149342 -0.044071
v 0.007735 -0.147554 -0.045946
v 0.017744 -0.151215 -0.040282
v 0.001951 -0.138684 -0.044030
v 0.000183 -0.146991 -0.043492
v -0.009183 -0.129049 -0.035157
v -0.010624 -0.122125 -0.034640
v -0.006848 -0.139292 -0.034838
v -0.004762 -0.147976 -0.034805
v 0.011279 -0.146410 0.055731
v 0.024596 -0.137320 -0.030327
v 0.022912 -0.129195 0.048540
v 0.021091 -0.137505 0.049204
v 0.026140 -0.129435 0.038964
v 0.023964 -0.138043 0.041038
v 0.027746 -0.138753 0.031894
v 0.029012 -0.129838 0.031354
v 0.029687 -0.138943 0.022210
v 0.031403 -0.129915 0.023210
v 0.031784 -0.129524 0.008982
v 0.031886 -0.128626 -0.006073
v 0.030922 -0.137441 -0.004213
v 0.030118 -0.126876 -0.016347
v 0.028688 -0.145185 -0.005202
v 0.019339 -0.149804 0.043904
v 0.018284 -0.144756 0.049164
v -0.016957 -0.126584 0.036812
v -0.017259 -0.131684 0.037331
v -0.013699 -0.129588 -0.019264
v -0.015342 -0.122834 -0.019105
v -0.014957 -0.130185 0.000794
v -0.015712 -0.123440 0.001027
v -0.018072 -0.131111 0.020268
v -0.018501 -0.124760 0.020291
v 0.014607 -0.155553 -0.045151
v 0.018833 -0.158907 -0.035920
v 0.016588 -0.165984 -0.037786
v 0.013851 -0.163224 -0.046427
v 0.017658 -0.161116 -0.026709
v 0.016190 -0.167887 -0.028605
v 0.019900 -0.156169 -0.027833
v 0.018317 -0.158856 -0.025337
v 0.019025 -0.152055 -0.038671
v 0.019395 -0.157151 -0.035431
v 0.021080 -0.154845 -0.029129
v 0.014751 -0.172396 -0.039391
v 0.012397 -0.169997 -0.047498
v 0.013643 -0.174360 -0.030863
v 0.006476 -0.161310 -0.047836
v 0.007295 -0.153995 -0.046818
v 0.005290 -0.168096 -0.049354
v 0.007260 -0.161473 -0.024138
v 0.006206 -0.167289 -0.026449
v 0.007370 -0.159875 -0.023421
v 0.004856 -0.173808 -0.028528
v 0.000088 -0.153257 -0.044011
v -0.000461 -0.160433 -0.045299
v -0.001471 -0.167239 -0.046436
v -0.003288 -0.162059 -0.036976
v -0.002680 -0.155621 -0.035389
v -0.005249 -0.168839 -0.038501
v -0.004051 -0.157589 -0.026025
v -0.002498 -0.164284 -0.027960
v -0.005378 -0.155832 -0.024962
v -0.002928 -0.171639 -0.030051
v 0.006206 -0.167289 -0.026449
v 0.007260 -0.161473 -0.024138
v 0.004856 -0.173808 -0.028528
v 0.007370 -0.159875 -0.023421
v 0.012404 -0.179532 -0.041055
v 0.010645 -0.176969 -0.049040
v 0.011125 -0.181583 -0.032494
v 0.003378 -0.174689 -0.050220
v -0.002928 -0.173743 -0.048086
v -0.006496 -0.175203 -0.039763
v -0.003957 -0.177895 -0.031595
v 0.003377 -0.180001 -0.030735
v 0.003377 -0.180001 -0.030735
v 0.001368 -0.187396 -0.032736
v -0.005867 -0.185193 -0.033832
v 0.001368 -0.187396 -0.032736
v 0.007870 -0.189288 -0.034487
v -0.008261 -0.182809 -0.041693
v -0.007557 -0.191524 -0.035733
v -0.000829 -0.194460 -0.034724
v -0.010212 -0.188946 -0.043053
v -0.000829 -0.194460 -0.034724
v 0.005033 -0.196182 -0.036620
v 0.010358 -0.187986 -0.042977
v 0.006742 -0.194599 -0.044749
v 0.007630 -0.185218 -0.050810
v 0.001193 -0.182576 -0.052470
v -0.005014 -0.181280 -0.050015
v 0.004829 -0.191994 -0.052312
v -0.001500 -0.189456 -0.053426
v -0.008082 -0.187575 -0.051143
v 0.002006 -0.202539 -0.039053
v 0.003570 -0.201064 -0.046377
v 0.001814 -0.198352 -0.053582
v -0.004269 -0.200902 -0.036346
v -0.010257 -0.197993 -0.037474
v -0.004269 -0.200902 -0.036346
v -0.012439 -0.195377 -0.044543
v -0.010802 -0.194047 -0.052095
v -0.004399 -0.195859 -0.055127
v -0.006529 -0.206247 -0.039601
v -0.007006 -0.202540 -0.054393
v -0.007006 -0.202540 -0.054393
v -0.006529 -0.206247 -0.039601
v -0.007852 -0.207879 -0.042335
v -0.008799 -0.208381 -0.045690
v -0.008120 -0.205402 -0.053004
v -0.008799 -0.208381 -0.045690
v -0.007852 -0.207879 -0.042335
v -0.008120 -0.205402 -0.053004
v -0.008815 -0.207629 -0.049588
v 0.019395 -0.157151 -0.035431
v 0.019025 -0.152055 -0.038671
v 0.023651 -0.149382 -0.035967
v 0.024263 -0.150941 -0.034230
v 0.024645 -0.150852 -0.031075
v 0.021080 -0.154845 -0.029129
v 0.020143 -0.145686 -0.038106
v 0.020143 -0.145686 -0.038106
v 0.022791 -0.145768 -0.036649
v 0.022957 -0.149539 -0.026831
v 0.024553 -0.148597 -0.028448
v 0.022957 -0.149539 -0.026831
v 0.021985 -0.141220 -0.035186
v 0.021985 -0.141220 -0.035186
v 0.022727 -0.141937 -0.034592
v 0.024546 -0.144021 -0.026792
v 0.024546 -0.144021 -0.026792
v 0.024371 -0.144441 -0.027611
v 0.024271 -0.139951 -0.030395
v 0.024271 -0.139951 -0.030395
v 0.023841 -0.140617 -0.030625
v 0.024271 -0.139951 -0.030395
v 0.023841 -0.140617 -0.030625
v 0.024645 -0.150852 -0.031075
v 0.023965 -0.149509 -0.031630
v 0.024131 -0.147626 -0.029706
v 0.024553 -0.148597 -0.028448
v 0.024263 -0.150941 -0.034230
v 0.023645 -0.149514 -0.033414
v 0.024371 -0.144441 -0.027611
v 0.023982 -0.144950 -0.029105
v 0.023651 -0.149382 -0.035967
v 0.023279 -0.148567 -0.034697
v 0.022791 -0.145768 -0.036649
v 0.022744 -0.145953 -0.035174
v 0.022727 -0.141937 -0.034592
v 0.022777 -0.143135 -0.033561
v 0.023841 -0.140617 -0.030625
v 0.023412 -0.142241 -0.030834
v 0.023841 -0.140617 -0.030625
v 0.023412 -0.142241 -0.030834
v 0.023982 -0.144950 -0.029105
v 0.024131 -0.147626 -0.029706
v 0.019967 -0.148266 -0.031743
v 0.019964 -0.147907 -0.031690
v 0.023965 -0.149509 -0.031630
v 0.019914 -0.148582 -0.032070
v 0.023412 -0.142241 -0.030834
v 0.019903 -0.147504 -0.031963
v 0.023412 -0.142241 -0.030834
v 0.019903 -0.147504 -0.031963
v 0.019751 -0.147586 -0.032464
v 0.022777 -0.143135 -0.033561
v 0.019771 -0.148075 -0.032721
v 0.022744 -0.145953 -0.035174
v 0.019812 -0.148421 -0.032600
v 0.023279 -0.148567 -0.034697
v 0.019982 -0.148709 -0.032481
v 0.023645 -0.149514 -0.033414
v 0.007462 -0.159395 -0.023088
v -0.011028 -0.140045 -0.019739
v -0.013740 -0.140643 0.000505
v 0.027722 -0.148131 -0.005774
v 0.027021 -0.149395 -0.010153
v 0.026676 -0.151454 -0.001790
v 0.027722 -0.148131 -0.005774
v 0.027353 -0.148701 -0.005933
v 0.026913 -0.150117 -0.009548
v 0.027021 -0.149395 -0.010153
v 0.026676 -0.151454 -0.001790
v 0.026756 -0.151688 -0.002737
v 0.027353 -0.148701 -0.005933
v 0.027722 -0.148131 -0.005774
v 0.025365 -0.154471 -0.012817
v 0.025365 -0.154471 -0.012817
v 0.026914 -0.154186 -0.010948
v 0.023819 -0.160758 -0.012312
v 0.022366 -0.161334 -0.015172
v 0.023819 -0.160758 -0.012312
v 0.027121 -0.157062 -0.010285
v 0.020524 -0.162365 -0.020069
v 0.021630 -0.168381 -0.009442
v 0.022646 -0.165183 -0.008165
v 0.019913 -0.166805 -0.019580
v 0.022646 -0.165183 -0.008165
v 0.027292 -0.159171 -0.007429
v 0.023013 -0.162416 -0.002897
v 0.021735 -0.163889 -0.000811
v 0.026973 -0.158128 -0.004017
v 0.023013 -0.162416 -0.002897
v 0.020929 -0.164981 0.001803
v 0.020495 -0.169195 -0.000864
v 0.018791 -0.175171 -0.002139
v 0.019780 -0.174300 -0.010541
v 0.018089 -0.173168 -0.019806
v 0.024732 -0.156761 -0.000817
v 0.026629 -0.155405 -0.002349
v 0.024732 -0.156761 -0.000817
v 0.025485 -0.154398 0.018302
v 0.024244 -0.159414 0.016447
v 0.021800 -0.166473 0.017466
v 0.020653 -0.166383 0.013785
v 0.024244 -0.159414 0.016447
v 0.025485 -0.154398 0.018302
v 0.025104 -0.154877 0.018890
v 0.025198 -0.158750 0.018092
v 0.021800 -0.166473 0.017466
v 0.025361 -0.162095 0.019651
v 0.018982 -0.166339 0.009106
v 0.026927 -0.148617 0.022479
v 0.025772 -0.152548 0.022349
v 0.025772 -0.152548 0.022349
v 0.025324 -0.153042 0.022162
v 0.019835 -0.169595 0.022047
v 0.018871 -0.171893 0.022061
v 0.019835 -0.169595 0.022047
v 0.025309 -0.163247 0.022749
v 0.017708 -0.171405 0.010368
v 0.018756 -0.166144 0.029863
v 0.020513 -0.165930 0.027342
v 0.016482 -0.166195 0.033809
v 0.015696 -0.171054 0.032086
v 0.016244 -0.179480 0.022454
v 0.014978 -0.179117 0.011796
v 0.013210 -0.178410 0.031125
v 0.024798 -0.161694 0.025636
v 0.020513 -0.165930 0.027342
v 0.022809 -0.159323 0.028113
v 0.024382 -0.158029 0.026927
v 0.022809 -0.159323 0.028113
v 0.023992 -0.151332 0.031184
v 0.024794 -0.153948 0.025912
v 0.024881 -0.154164 0.025474
v 0.024794 -0.153948 0.025912
v 0.025324 -0.153042 0.022162
v 0.025772 -0.152548 0.022349
v 0.018110 -0.151223 0.046483
v 0.017276 -0.156963 0.046023
v 0.014598 -0.163394 0.044444
v 0.015214 -0.162067 0.047450
v 0.017276 -0.156963 0.046023
v 0.018110 -0.151223 0.046483
v 0.017732 -0.151450 0.047071
v 0.017926 -0.155646 0.047940
v 0.015214 -0.162067 0.047450
v 0.017473 -0.157964 0.050030
v 0.017130 -0.147585 0.049641
v 0.017130 -0.147585 0.049641
v 0.016711 -0.148130 0.049728
v 0.011154 -0.167132 0.052485
v 0.012356 -0.164443 0.052429
v 0.012356 -0.164443 0.052429
v 0.016387 -0.158340 0.053098
v 0.014033 -0.165223 0.039764
v 0.011875 -0.168957 0.041162
v 0.007843 -0.159968 0.058097
v 0.010642 -0.159988 0.056568
v 0.007736 -0.175650 0.053658
v 0.007970 -0.176731 0.043046
v 0.001479 -0.172294 0.062656
v 0.015186 -0.156250 0.055017
v 0.010642 -0.159988 0.056568
v 0.011451 -0.153386 0.056736
v 0.008292 -0.153339 0.057963
v 0.014094 -0.153280 0.055491
v 0.011451 -0.153386 0.056736
v 0.013961 -0.148360 0.053954
v 0.014473 -0.149229 0.053564
v 0.013961 -0.148360 0.053954
v 0.017130 -0.147585 0.049641
v 0.016711 -0.148130 0.049728
v 0.014709 -0.185645 -0.003547
v 0.016322 -0.185044 -0.011873
v 0.015077 -0.183806 -0.020851
v 0.008291 -0.169375 0.002145
v 0.007594 -0.174017 0.001183
v 0.005491 -0.183651 -0.000563
v 0.007467 -0.165685 0.003203
v 0.008833 -0.165247 -0.022359
v 0.008388 -0.170880 -0.022928
v 0.008411 -0.161069 -0.022610
v 0.006842 -0.180648 -0.023552
v 0.007222 -0.164373 0.004221
v 0.006817 -0.166394 0.005390
v 0.006691 -0.171066 0.006489
v 0.001440 -0.166545 0.033394
v 0.001706 -0.164637 0.034365
v 0.000745 -0.165289 0.034640
v 0.001517 -0.170286 0.032405
v 0.000077 -0.167352 0.035504
v 0.013224 -0.188522 0.022637
v 0.012010 -0.188268 0.012439
v 0.009905 -0.187059 0.031020
v 0.006041 -0.178284 0.007571
v 0.003554 -0.187406 0.008760
v 0.001270 -0.177138 0.031516
v -0.000748 -0.185213 0.031956
v -0.002311 -0.174269 0.037653
v 0.004009 -0.183701 0.054468
v 0.004874 -0.184593 0.044132
v -0.004664 -0.181720 0.039122
v -0.001711 -0.181185 0.063225
v -0.006641 -0.168807 0.061797
v -0.009161 -0.177663 0.062373
v 0.014044 -0.194587 -0.013118
v 0.012670 -0.193196 -0.021818
v 0.011952 -0.195181 -0.004579
v 0.004177 -0.190084 -0.023895
v 0.003006 -0.193243 -0.002105
v 0.009242 -0.203963 -0.005688
v 0.010704 -0.203010 -0.013968
v 0.000648 -0.202022 -0.003231
v 0.009585 -0.201615 -0.022828
v 0.001826 -0.198356 -0.024886
v 0.005787 -0.212147 -0.006884
v 0.007070 -0.211429 -0.014957
v 0.005411 -0.210106 -0.023287
v -0.002193 -0.210578 -0.005088
v -0.001330 -0.207435 -0.025669
v 0.002299 -0.220329 -0.008215
v 0.003501 -0.219658 -0.016151
v -0.005887 -0.218826 -0.006132
v 0.002219 -0.218242 -0.024191
v -0.004174 -0.216006 -0.026519
v -0.007339 -0.224386 -0.026892
v -0.008944 -0.226468 -0.008325
v -0.009694 -0.230100 -0.010951
v -0.010058 -0.232692 -0.016133
v -0.009565 -0.231736 -0.021419
v -0.008449 -0.228195 -0.025334
v 0.010728 -0.198942 0.022958
v 0.006232 -0.197139 0.031521
v 0.008751 -0.198425 0.012765
v -0.003861 -0.194744 0.031619
v 0.002405 -0.206871 0.031540
v 0.006376 -0.208781 0.023074
v -0.006894 -0.204453 0.032087
v 0.005382 -0.208772 0.012954
v 0.000749 -0.196833 0.008770
v -0.001831 -0.206219 0.008500
v 0.002413 -0.218710 0.023324
v -0.002115 -0.216765 0.031953
v 0.001144 -0.218428 0.012392
v -0.010257 -0.214557 0.031898
v -0.005353 -0.217031 0.009288
v -0.006045 -0.226152 0.031761
v -0.001277 -0.228455 0.023267
v -0.002571 -0.227994 0.012832
v -0.013447 -0.224339 0.032293
v -0.008182 -0.226254 0.009814
v -0.015973 -0.233607 0.030119
v -0.011198 -0.235147 0.011470
v -0.016677 -0.237903 0.028036
v -0.015160 -0.241259 0.018386
v -0.013308 -0.239118 0.014289
v -0.016323 -0.240987 0.023364
v 0.001517 -0.192235 0.055706
v 0.001547 -0.193481 0.045221
v -0.004319 -0.189580 0.064122
v -0.006903 -0.190485 0.039934
v -0.001823 -0.202081 0.045822
v -0.001557 -0.200895 0.056605
v -0.009284 -0.199109 0.040828
v -0.006910 -0.198149 0.064955
v -0.012214 -0.186532 0.062395
v -0.015363 -0.195159 0.063887
v -0.005153 -0.209447 0.057487
v -0.005523 -0.210367 0.047112
v -0.011243 -0.206207 0.064986
v -0.012304 -0.208617 0.042661
v -0.018509 -0.203994 0.063924
v -0.013998 -0.215024 0.065352
v -0.009414 -0.217352 0.058092
v -0.021927 -0.212614 0.064090
v -0.009292 -0.218660 0.048319
v -0.015232 -0.217071 0.044200
v -0.018368 -0.225423 0.046856
v -0.024487 -0.220821 0.063471
v -0.022517 -0.230143 0.053684
v -0.020110 -0.228670 0.049177
v -0.024419 -0.228998 0.058134
v -0.025199 -0.225209 0.062024
v -0.034899 -0.106763 0.083046
v -0.029897 -0.112409 0.081142
v -0.041638 -0.102615 0.082197
v -0.029238 -0.116096 0.076094
v -0.040949 -0.113835 0.086769
v -0.036249 -0.119097 0.084694
v -0.035271 -0.123300 0.080439
v -0.047435 -0.109633 0.085826
v -0.047715 -0.102045 0.077701
v -0.052712 -0.108828 0.081843
v -0.052518 -0.117342 0.091053
v -0.047082 -0.121210 0.091030
v -0.058527 -0.116510 0.087254
v -0.042746 -0.126077 0.088877
v -0.040481 -0.129621 0.085132
v -0.051929 -0.127725 0.095025
v -0.056544 -0.133052 0.095830
v -0.052054 -0.103377 0.072528
v -0.053609 -0.106962 0.066940
v -0.052054 -0.103377 0.072528
v -0.057075 -0.109782 0.077688
v -0.057158 -0.113781 0.073828
v -0.057075 -0.109782 0.077688
v -0.061055 -0.117971 0.084052
v -0.061506 -0.121088 0.080263
v -0.061055 -0.117971 0.084052
v -0.064275 -0.125539 0.089626
v -0.064275 -0.125539 0.089626
v -0.064362 -0.128016 0.091329
v -0.064362 -0.128016 0.091329
v -0.031414 -0.118513 0.070208
v -0.031414 -0.118513 0.070208
v -0.034645 -0.119636 0.066554
v -0.036673 -0.124998 0.075738
v -0.036673 -0.124998 0.075738
v -0.039396 -0.126019 0.071853
v -0.041473 -0.131698 0.080265
v -0.044354 -0.133321 0.076843
v -0.041473 -0.131698 0.080265
v -0.048056 -0.138158 0.086597
v -0.048056 -0.138158 0.086597
v -0.053984 -0.139674 0.091114
v -0.050886 -0.139632 0.088995
v -0.050886 -0.139632 0.088995
v -0.053984 -0.139674 0.091114
v -0.059450 -0.136216 0.093588
v -0.063524 -0.130537 0.092600
v -0.059450 -0.136216 0.093588
v -0.060775 -0.137566 0.089611
v -0.063524 -0.130537 0.092600
v -0.051106 -0.111618 0.063617
v -0.045611 -0.116143 0.061510
v -0.039516 -0.118980 0.063186
v -0.054852 -0.117733 0.070471
v -0.050424 -0.122462 0.067748
v -0.044035 -0.125171 0.069120
v -0.055469 -0.129407 0.075214
v -0.059466 -0.125265 0.077402
v -0.049450 -0.132387 0.075184
v -0.059564 -0.135203 0.084090
v -0.015262 -0.141731 0.020320
v -0.016420 -0.142626 0.038321
v -0.014768 -0.152108 0.039736
v -0.006257 -0.154660 -0.022484
v -0.009709 -0.160240 0.031646
v -0.010335 -0.160185 0.033319
v -0.005616 -0.163560 0.006579
v -0.007627 -0.163094 0.018418
v -0.008277 -0.163257 0.028980
v -0.006641 -0.168807 0.061797
v -0.004472 -0.159359 0.060887
v -0.011400 -0.158968 0.055041
v -0.013668 -0.166622 0.056233
v -0.016098 -0.176098 0.057266
v -0.009161 -0.177663 0.062373
v -0.014263 -0.160039 0.044428
v -0.014751 -0.168204 0.046098
v -0.016009 -0.177352 0.047679
v -0.010791 -0.161676 0.035440
v -0.012111 -0.169733 0.037244
v -0.013103 -0.178844 0.038913
v 0.000077 -0.167352 0.035504
v -0.002311 -0.174269 0.037653
v -0.004664 -0.181720 0.039122
v 0.000745 -0.165289 0.034640
v -0.003608 -0.169858 0.007963
v -0.006513 -0.169435 0.018222
v 0.007222 -0.164373 0.004221
v 0.006817 -0.166394 0.005390
v 0.006691 -0.171066 0.006489
v -0.004420 -0.163312 0.000918
v 0.007467 -0.165685 0.003203
v -0.004967 -0.165078 -0.009786
v -0.003630 -0.167078 -0.000300
v 0.008291 -0.169375 0.002145
v -0.005136 -0.158602 -0.019510
v -0.003174 -0.163429 -0.019220
v 0.007462 -0.159395 -0.023088
v -0.001883 -0.168921 -0.019600
v -0.004477 -0.169579 -0.010552
v 0.008833 -0.165247 -0.022359
v 0.008388 -0.170880 -0.022928
v -0.002508 -0.178669 -0.020298
v -0.005207 -0.179569 -0.011631
v 0.006842 -0.180648 -0.023552
v -0.003536 -0.171494 -0.001221
v -0.004517 -0.181154 -0.002884
v 0.007594 -0.174017 0.001183
v 0.005491 -0.183651 -0.000563
v -0.003437 -0.177559 0.009192
v -0.006531 -0.176653 0.018161
v 0.006041 -0.178284 0.007571
v -0.007269 -0.169569 0.028719
v -0.007622 -0.176180 0.028263
v 0.001270 -0.177138 0.031516
v 0.001517 -0.170286 0.032405
v 0.001440 -0.166545 0.033394
v -0.003593 -0.187866 -0.021238
v -0.006821 -0.188460 -0.012992
v 0.004177 -0.190084 -0.023895
v -0.005353 -0.190401 -0.004116
v 0.003006 -0.193243 -0.002105
v -0.004740 -0.185809 0.009528
v -0.007823 -0.184846 0.018396
v 0.003554 -0.187406 0.008760
v -0.009280 -0.184216 0.027955
v -0.000748 -0.185213 0.031956
v -0.014960 -0.187908 0.039989
v -0.018873 -0.186178 0.048169
v -0.006903 -0.190485 0.039934
v -0.018454 -0.184987 0.057940
v -0.012214 -0.186532 0.062395
v -0.008333 -0.197585 -0.014136
v -0.005021 -0.196722 -0.022465
v 0.001826 -0.198356 -0.024886
v -0.007106 -0.199598 -0.005521
v 0.000648 -0.202022 -0.003231
v -0.008184 -0.205711 -0.023219
v -0.010308 -0.206677 -0.015541
v -0.009531 -0.208386 -0.007037
v -0.001330 -0.207435 -0.025669
v -0.002193 -0.210578 -0.005088
v -0.011206 -0.214223 -0.024359
v -0.013053 -0.214859 -0.016851
v -0.012751 -0.216506 -0.008249
v -0.005887 -0.218826 -0.006132
v -0.008944 -0.226468 -0.008325
v -0.004174 -0.216006 -0.026519
v -0.007339 -0.224386 -0.026892
v -0.008449 -0.228195 -0.025334
v -0.010058 -0.232692 -0.016133
v -0.009694 -0.230100 -0.010951
v -0.006560 -0.194571 0.009806
v -0.010233 -0.193575 0.018210
v -0.011236 -0.193015 0.027700
v 0.000749 -0.196833 0.008770
v -0.008810 -0.204389 0.009452
v -0.012888 -0.202535 0.018102
v -0.001831 -0.206219 0.008500
v -0.014495 -0.202368 0.027235
v -0.003861 -0.194744 0.031619
v -0.006894 -0.204453 0.032087
v -0.017569 -0.213512 0.027419
v -0.016914 -0.213294 0.018031
v -0.011939 -0.214996 0.009736
v -0.010257 -0.214557 0.031898
v -0.005353 -0.217031 0.009288
v -0.019284 -0.223355 0.018424
v -0.014627 -0.224260 0.009769
v -0.008182 -0.226254 0.009814
v -0.020159 -0.222891 0.027699
v -0.013447 -0.224339 0.032293
v -0.015973 -0.233607 0.030119
v -0.011198 -0.235147 0.011470
v -0.013308 -0.239118 0.014289
v -0.015160 -0.241259 0.018386
v -0.016677 -0.237903 0.028036
v -0.016911 -0.196327 0.040291
v -0.021222 -0.194450 0.048674
v -0.021116 -0.193509 0.058660
v -0.009284 -0.199109 0.040828
v -0.015363 -0.195159 0.063887
v -0.023765 -0.203611 0.049418
v -0.024462 -0.202697 0.058633
v -0.018869 -0.205741 0.041822
v -0.018509 -0.203994 0.063924
v -0.012304 -0.208617 0.042661
v -0.021362 -0.214766 0.042816
v -0.026175 -0.212489 0.050427
v -0.015232 -0.217071 0.044200
v -0.027695 -0.211300 0.058587
v -0.021927 -0.212614 0.064090
v -0.018368 -0.225423 0.046856
v -0.024487 -0.220821 0.063471
v -0.025199 -0.225209 0.062024
v -0.024419 -0.228998 0.058134
v -0.022517 -0.230143 0.053684
v -0.020110 -0.228670 0.049177
v 0.001706 -0.164637 0.034365
v 0.027292 -0.159171 -0.007429
v 0.027121 -0.157062 -0.010285
v 0.026027 -0.156177 -0.008903
v 0.026656 -0.157569 -0.007220
v 0.026557 -0.156927 -0.005001
v 0.026973 -0.158128 -0.004017
v 0.026914 -0.154186 -0.010948
v 0.026427 -0.154205 -0.009564
v 0.026913 -0.150117 -0.009548
v 0.026786 -0.150973 -0.008715
v 0.026629 -0.155405 -0.002349
v 0.026581 -0.154922 -0.003831
v 0.026687 -0.151958 -0.003961
v 0.026756 -0.151688 -0.002737
v 0.026581 -0.154922 -0.003831
v 0.026557 -0.156927 -0.005001
v 0.022979 -0.156165 -0.006567
v 0.022961 -0.155731 -0.006485
v 0.026687 -0.151958 -0.003961
v 0.022981 -0.155188 -0.006708
v 0.026656 -0.157569 -0.007220
v 0.023132 -0.156507 -0.006909
v 0.026027 -0.156177 -0.008903
v 0.022870 -0.156123 -0.007343
v 0.026427 -0.154205 -0.009564
v 0.022849 -0.155718 -0.007498
v 0.026786 -0.150973 -0.008715
v 0.022818 -0.155215 -0.007414
v 0.026929 -0.149620 -0.006173
v 0.022815 -0.155254 -0.007180
v 0.026929 -0.149620 -0.006173
v 0.025309 -0.163247 0.022749
v 0.025361 -0.162095 0.019651
v 0.024478 -0.160838 0.020576
v 0.024524 -0.161654 0.022444
v 0.025198 -0.158750 0.018092
v 0.024685 -0.158002 0.019276
v 0.024798 -0.161694 0.025636
v 0.024419 -0.160739 0.024482
v 0.024382 -0.158029 0.026927
v 0.024456 -0.158301 0.025525
v 0.024881 -0.154164 0.025474
v 0.024762 -0.154925 0.024677
v 0.025024 -0.153850 0.022057
v 0.025324 -0.153042 0.022162
v 0.025324 -0.153042 0.022162
v 0.025024 -0.153850 0.022057
v 0.024982 -0.155473 0.020017
v 0.025104 -0.154877 0.018890
v 0.024685 -0.158002 0.019276
v 0.020933 -0.160094 0.021474
v 0.021021 -0.160421 0.021680
v 0.024478 -0.160838 0.020576
v 0.024982 -0.155473 0.020017
v 0.020993 -0.159591 0.021436
v 0.024524 -0.161654 0.022444
v 0.020882 -0.160396 0.021988
v 0.024419 -0.160739 0.024482
v 0.020985 -0.160432 0.022382
v 0.024456 -0.158301 0.025525
v 0.020890 -0.159917 0.022451
v 0.024762 -0.154925 0.024677
v 0.020909 -0.159516 0.022340
v 0.025024 -0.153850 0.022057
v 0.020920 -0.159366 0.021839
v 0.025024 -0.153850 0.022057
v 0.021022 -0.160005 0.021987
v 0.016387 -0.158340 0.053098
v 0.017473 -0.157964 0.050030
v 0.016594 -0.156574 0.050433
v 0.016012 -0.156874 0.052245
v 0.017926 -0.155646 0.047940
v 0.016982 -0.155114 0.048976
v 0.015169 -0.155681 0.053545
v 0.015186 -0.156250 0.055017
v 0.014094 -0.153280 0.055491
v 0.014828 -0.153461 0.053993
v 0.014473 -0.149229 0.053564
v 0.015179 -0.150486 0.052929
v 0.016711 -0.148130 0.049728
v 0.016505 -0.149181 0.050034
v 0.016711 -0.148130 0.049728
v 0.016505 -0.149181 0.050034
v 0.017271 -0.151792 0.048300
v 0.017732 -0.151450 0.047071
v 0.017271 -0.151792 0.048300
v 0.012704 -0.155070 0.049825
v 0.012917 -0.155509 0.049616
v 0.016982 -0.155114 0.048976
v 0.016505 -0.149181 0.050034
v 0.012781 -0.155841 0.049918
v 0.016594 -0.156574 0.050433
v 0.016012 -0.156874 0.052245
v 0.015169 -0.155681 0.053545
v 0.014828 -0.153461 0.053993
v 0.015179 -0.150486 0.052929
v 0.016505 -0.149181 0.050034
v -0.004156 -0.057170 -0.036221
v -0.000644 -0.061960 -0.035768
v -0.008815 -0.207629 -0.049588
v -0.009565 -0.231736 -0.021419
v -0.016323 -0.240987 0.023364
v 0.008411 -0.161069 -0.022610
v 0.026929 -0.149620 -0.006173
v 0.027353 -0.148701 -0.005933
v 0.027353 -0.148701 -0.005933
v 0.026929 -0.149620 -0.006173
v 0.000000 0.000000 0.000000
vt 0.856755 0.626474
vt 0.858563 0.626474
vt 0.857091 0.626917
vt 0.237703 0.438668
vt 0.274075 0.446478
vt 0.245832 0.465887
vt 0.205404 0.492082
vt 0.196763 0.515444
vt 0.201887 0.488986
vt 0.426507 0.370094
vt 0.426194 0.388097
vt 0.422177 0.378203
vt 0.546885 0.393078
vt 0.531324 0.351810
vt 0.574105 0.361967
vt 0.235275 0.394363
vt 0.206695 0.392640
vt 0.229478 0.376319
vt 0.504670 0.382500
vt 0.499206 0.348968
vt 0.466400 0.374937
vt 0.462360 0.395400
vt 0.452857 0.372286
vt 0.406598 0.369100
vt 0.245508 0.292042
vt 0.255635 0.331715
vt 0.232246 0.296111
vt 0.257380 0.288589
vt 0.340945 0.271637
vt 0.338581 0.308238
vt 0.327890 0.274145
vt 0.342792 0.236136
vt 0.331721 0.212746
vt 0.359142 0.216202
vt 0.457562 0.067146
vt 0.467716 0.066995
vt 0.461772 0.073087
vt 0.390523 0.065590
vt 0.400991 0.065630
vt 0.397909 0.071410
vt 0.360911 0.200756
vt 0.341718 0.197484
vt 0.357395 0.182564
vt 0.295668 0.196807
vt 0.273842 0.198084
vt 0.288550 0.182554
vt 0.215305 0.198918
vt 0.229531 0.208998
vt 0.205842 0.216643
vt 0.297937 0.212219
vt 0.285220 0.240036
vt 0.268961 0.215604
vt 0.155749 0.222111
vt 0.137256 0.220110
vt 0.154953 0.210239
vt 0.321374 0.028716
vt 0.336018 0.028366
vt 0.327416 0.037025
vt 0.247101 0.035093
vt 0.238840 0.025337
vt 0.255843 0.025899
vt 0.167171 0.068408
vt 0.180722 0.068362
vt 0.173803 0.075800
vt 0.549386 0.163576
vt 0.582225 0.188146
vt 0.540896 0.188723
vt 0.498736 0.189770
vt 0.520344 0.163819
vt 0.525678 0.013877
vt 0.519332 0.024817
vt 0.511390 0.013932
vt 0.581215 0.018741
vt 0.574133 0.009716
vt 0.589752 0.010450
vt 0.643162 0.033686
vt 0.635071 0.024181
vt 0.649632 0.024411
vt 0.913718 0.236175
vt 0.909377 0.237540
vt 0.909508 0.232971
vt 0.914545 0.231181
vt 0.909050 0.225424
vt 0.914555 0.226999
vt 0.911838 0.626474
vt 0.907651 0.628614
vt 0.908069 0.626474
vt 0.905944 0.630542
vt 0.905945 0.626474
vt 0.257826 0.424440
vt 0.270113 0.441105
vt 0.219218 0.462436
vt 0.239343 0.465046
vt 0.472955 0.069806
vt 0.478285 0.072665
vt 0.446111 0.071971
vt 0.452402 0.069320
vt 0.381411 0.071145
vt 0.386006 0.068344
vt 0.409086 0.071053
vt 0.404639 0.068074
vt 0.311107 0.035900
vt 0.316080 0.032420
vt 0.344648 0.035966
vt 0.340028 0.031897
vt 0.228678 0.034927
vt 0.233793 0.030099
vt 0.267162 0.033215
vt 0.261544 0.029584
vt 0.186275 0.071134
vt 0.192873 0.074427
vt 0.155096 0.076339
vt 0.161719 0.071989
vt 0.022056 0.435937
vt 0.010561 0.437862
vt 0.014420 0.432005
vt 0.017447 0.427411
vt 0.023293 0.469453
vt 0.019312 0.465867
vt 0.015370 0.462316
vt 0.025831 0.459348
vt 0.734412 0.405137
vt 0.741651 0.409913
vt 0.737051 0.410519
vt 0.732405 0.411131
vt 0.747960 0.377773
vt 0.750206 0.383349
vt 0.753069 0.390458
vt 0.744105 0.384674
vt 0.502803 0.023486
vt 0.507400 0.018371
vt 0.531072 0.018950
vt 0.536139 0.023716
vt 0.562551 0.019402
vt 0.568300 0.014595
vt 0.599188 0.019242
vt 0.594438 0.014816
vt 0.654985 0.028507
vt 0.661487 0.033483
vt 0.624801 0.032763
vt 0.630377 0.028103
vt 0.857725 0.649855
vt 0.858559 0.649854
vt 0.858571 0.665399
vt 0.858566 0.762676
vt 0.858561 0.777656
vt 0.857254 0.777659
vt 0.858570 0.802246
vt 0.854409 0.802246
vt 0.856753 0.781211
vt 0.853996 0.811455
vt 0.858568 0.827449
vt 0.853256 0.827449
vt 0.858567 0.852682
vt 0.851644 0.852684
vt 0.852174 0.840339
vt 0.858566 0.877055
vt 0.851565 0.877056
vt 0.851599 0.866248
vt 0.858561 0.903384
vt 0.852199 0.902303
vt 0.851991 0.889560
vt 0.858563 0.926654
vt 0.853907 0.926654
vt 0.852864 0.915091
vt 0.854739 0.934848
vt 0.858563 0.953471
vt 0.855987 0.953471
vt 0.856429 0.956918
vt 0.858563 0.973688
vt 0.857334 0.973688
vt 0.857618 0.648722
vt 0.857359 0.632158
vt 0.858563 0.631937
vt 0.857293 0.627244
vt 0.881662 0.626474
vt 0.881661 0.629702
vt 0.881660 0.953471
vt 0.881661 0.973688
vt 0.881661 0.649875
vt 0.881661 0.676334
vt 0.859277 0.676320
vt 0.881661 0.926658
vt 0.881662 0.903386
vt 0.881661 0.877059
vt 0.881662 0.852690
vt 0.881661 0.827456
vt 0.881662 0.802253
vt 0.881660 0.777697
vt 0.860007 0.747907
vt 0.881661 0.747915
vt 0.881660 0.713876
vt 0.860009 0.745786
vt 0.860566 0.713864
vt 0.859928 0.694192
vt 0.881662 0.694203
vt 0.860530 0.712198
vt 0.859322 0.676895
vt 0.905945 0.649916
vt 0.905951 0.676320
vt 0.905951 0.694191
vt 0.905951 0.713863
vt 0.905945 0.747944
vt 0.905945 0.777721
vt 0.905950 0.802246
vt 0.905950 0.827449
vt 0.905950 0.852683
vt 0.905945 0.877055
vt 0.905945 0.903385
vt 0.905945 0.926656
vt 0.905944 0.953471
vt 0.905944 0.973689
vt 0.908527 0.953471
vt 0.908528 0.973688
vt 0.908528 0.926653
vt 0.908528 0.649862
vt 0.908528 0.676320
vt 0.908528 0.903385
vt 0.908528 0.877055
vt 0.908528 0.852683
vt 0.908528 0.827449
vt 0.908528 0.802246
vt 0.908528 0.777689
vt 0.908527 0.747904
vt 0.908528 0.713863
vt 0.908527 0.694191
vt 0.911839 0.827449
vt 0.917567 0.827449
vt 0.917567 0.852685
vt 0.911840 0.852683
vt 0.911840 0.802246
vt 0.917567 0.802245
vt 0.911839 0.877055
vt 0.917567 0.877056
vt 0.349508 0.410074
vt 0.350288 0.416762
vt 0.326513 0.424368
vt 0.324279 0.417917
vt 0.377160 0.403255
vt 0.377428 0.409227
vt 0.296984 0.430922
vt 0.300315 0.437624
vt 0.911838 0.777688
vt 0.917566 0.777688
vt 0.911838 0.747903
vt 0.917566 0.747904
vt 0.911838 0.713862
vt 0.917566 0.713864
vt 0.222639 0.500996
vt 0.218437 0.498823
vt 0.911840 0.694191
vt 0.917567 0.694191
vt 0.212847 0.525147
vt 0.208925 0.522781
vt 0.911840 0.676323
vt 0.917567 0.676320
vt 0.911838 0.649862
vt 0.917567 0.649862
vt 0.579947 0.446392
vt 0.576923 0.449914
vt 0.556520 0.442722
vt 0.558385 0.437930
vt 0.523936 0.428810
vt 0.526672 0.424923
vt 0.917566 0.626474
vt 0.489497 0.425041
vt 0.491590 0.419743
vt 0.911838 0.973690
vt 0.911838 0.953471
vt 0.917567 0.953471
vt 0.917566 0.973688
vt 0.462698 0.412931
vt 0.462807 0.418584
vt 0.911839 0.926656
vt 0.917567 0.926654
vt 0.425833 0.408727
vt 0.425921 0.403697
vt 0.911838 0.903385
vt 0.917567 0.903385
vt 0.406384 0.402620
vt 0.406252 0.408451
vt 0.425921 0.403697
vt 0.425833 0.408727
vt 0.206409 0.457950
vt 0.599384 0.424922
vt 0.589326 0.435470
vt 0.564168 0.423070
vt 0.574635 0.407269
vt 0.184304 0.508379
vt 0.192142 0.485142
vt 0.201887 0.488986
vt 0.535156 0.412869
vt 0.586881 0.391878
vt 0.605091 0.414690
vt 0.173634 0.502971
vt 0.182053 0.479991
vt 0.156061 0.494794
vt 0.163750 0.473459
vt 0.603299 0.379253
vt 0.616005 0.400922
vt 0.186963 0.451588
vt 0.195790 0.455930
vt 0.167567 0.447714
vt 0.598655 0.357313
vt 0.214083 0.426725
vt 0.266648 0.371128
vt 0.303664 0.355107
vt 0.317351 0.397909
vt 0.286652 0.410136
vt 0.342517 0.350594
vt 0.347087 0.389334
vt 0.378619 0.357107
vt 0.376327 0.384735
vt 0.406598 0.369100
vt 0.406793 0.384534
vt 0.498080 0.403310
vt 0.621191 0.371524
vt 0.627654 0.391752
vt 0.139459 0.486765
vt 0.143663 0.466970
vt 0.117177 0.481792
vt 0.121487 0.463980
vt 0.146228 0.444607
vt 0.124336 0.444453
vt 0.100183 0.479963
vt 0.102808 0.463191
vt 0.103863 0.445951
vt 0.643698 0.368469
vt 0.643971 0.384634
vt 0.660645 0.374369
vt 0.656504 0.386756
vt 0.621648 0.353728
vt 0.645371 0.355655
vt 0.664128 0.361886
vt 0.201078 0.424274
vt 0.184511 0.422566
vt 0.165416 0.420611
vt 0.157506 0.394524
vt 0.174686 0.391376
vt 0.214083 0.426725
vt 0.206409 0.457950
vt 0.235275 0.394363
vt 0.144708 0.373387
vt 0.159898 0.363036
vt 0.189219 0.352221
vt 0.145629 0.420816
vt 0.139566 0.399442
vt 0.131400 0.380974
vt 0.127662 0.354307
vt 0.135161 0.340139
vt 0.117642 0.365587
vt 0.135554 0.317579
vt 0.155089 0.315422
vt 0.178295 0.311210
vt 0.673700 0.269494
vt 0.673549 0.278168
vt 0.650253 0.287297
vt 0.647420 0.272366
vt 0.647226 0.259763
vt 0.673941 0.255753
vt 0.673371 0.288363
vt 0.656258 0.300217
vt 0.580623 0.314401
vt 0.605435 0.327218
vt 0.626834 0.333625
vt 0.541044 0.308842
vt 0.628305 0.303113
vt 0.617764 0.286004
vt 0.638662 0.314745
vt 0.619106 0.265680
vt 0.584701 0.271781
vt 0.544175 0.271829
vt 0.124317 0.423544
vt 0.102775 0.428874
vt 0.121107 0.405437
vt 0.115837 0.388886
vt 0.105783 0.375002
vt 0.677274 0.299789
vt 0.664546 0.310885
vt 0.219660 0.341954
vt 0.100303 0.412183
vt 0.095952 0.397542
vt 0.089810 0.385812
vt 0.655606 0.323950
vt 0.648484 0.340266
vt 0.679612 0.323746
vt 0.673455 0.334475
vt 0.667192 0.348371
vt 0.688524 0.313527
vt 0.470513 0.344149
vt 0.451469 0.341033
vt 0.502544 0.307258
vt 0.502515 0.271730
vt 0.472185 0.305556
vt 0.470008 0.271528
vt 0.449394 0.303338
vt 0.427068 0.338038
vt 0.427719 0.300716
vt 0.404477 0.334991
vt 0.404737 0.299999
vt 0.445412 0.269195
vt 0.378619 0.357107
vt 0.377465 0.332824
vt 0.342517 0.350594
vt 0.340486 0.334670
vt 0.299873 0.343391
vt 0.303664 0.355107
vt 0.266648 0.371128
vt 0.263352 0.357195
vt 0.375434 0.301972
vt 0.295597 0.320002
vt 0.206988 0.303714
vt 0.290501 0.281177
vt 0.374784 0.267803
vt 0.405598 0.266267
vt 0.428305 0.267090
vt 0.154429 0.280598
vt 0.154756 0.297833
vt 0.135846 0.300796
vt 0.136133 0.284352
vt 0.176241 0.292802
vt 0.174229 0.274765
vt 0.674420 0.228272
vt 0.674183 0.241873
vt 0.648515 0.246818
vt 0.649779 0.234133
vt 0.153667 0.257253
vt 0.136548 0.260591
vt 0.136894 0.240757
vt 0.154179 0.239169
vt 0.652033 0.209557
vt 0.674788 0.207200
vt 0.653106 0.189182
vt 0.675107 0.188894
vt 0.428570 0.251918
vt 0.406263 0.250774
vt 0.406915 0.235594
vt 0.428830 0.237052
vt 0.442359 0.253095
vt 0.439368 0.237320
vt 0.373617 0.234993
vt 0.374195 0.251231
vt 0.412481 0.212414
vt 0.429212 0.215116
vt 0.389521 0.219590
vt 0.399265 0.207533
vt 0.414505 0.195068
vt 0.429530 0.196884
vt 0.402318 0.193541
vt 0.440960 0.215704
vt 0.443932 0.196726
vt 0.467723 0.238763
vt 0.468854 0.254979
vt 0.467286 0.214914
vt 0.465644 0.193712
vt 0.170451 0.253549
vt 0.373806 0.225339
vt 0.201621 0.285012
vt 0.196363 0.266687
vt 0.223571 0.277790
vt 0.215070 0.259839
vt 0.236524 0.253158
vt 0.240970 0.272402
vt 0.257565 0.247214
vt 0.257473 0.267691
vt 0.287834 0.260397
vt 0.321071 0.255177
vt 0.314390 0.236592
vt 0.341878 0.253706
vt 0.315474 0.219665
vt 0.203318 0.235679
vt 0.191747 0.250328
vt 0.619800 0.252005
vt 0.620480 0.238605
vt 0.501872 0.238702
vt 0.502190 0.255048
vt 0.543731 0.238963
vt 0.543951 0.255229
vt 0.584974 0.239724
vt 0.584839 0.255589
vt 0.413281 0.181534
vt 0.390303 0.180415
vt 0.396301 0.163500
vt 0.414090 0.164440
vt 0.371920 0.174726
vt 0.379843 0.161004
vt 0.371287 0.186943
vt 0.366090 0.179526
vt 0.397884 0.192692
vt 0.388546 0.184572
vt 0.374012 0.191040
vt 0.396575 0.147896
vt 0.414366 0.148565
vt 0.380110 0.145648
vt 0.430093 0.164626
vt 0.429795 0.181792
vt 0.430379 0.148224
vt 0.364552 0.156205
vt 0.364682 0.148821
vt 0.362916 0.157169
vt 0.364861 0.138437
vt 0.444196 0.181632
vt 0.444499 0.164327
vt 0.444784 0.147925
vt 0.460650 0.159903
vt 0.460380 0.175372
vt 0.460929 0.143923
vt 0.476628 0.167692
vt 0.476882 0.153005
vt 0.483402 0.173328
vt 0.476983 0.139548
vt 0.485425 0.146124
vt 0.485088 0.152659
vt 0.485946 0.137510
vt 0.485221 0.153711
vt 0.396866 0.131124
vt 0.414656 0.132142
vt 0.380395 0.129385
vt 0.430661 0.132116
vt 0.445065 0.131874
vt 0.461181 0.129591
vt 0.477346 0.126453
vt 0.486061 0.125544
vt 0.365069 0.126560
vt 0.486021 0.111909
vt 0.477661 0.112600
vt 0.365343 0.110979
vt 0.380711 0.111247
vt 0.461476 0.112657
vt 0.477835 0.098458
vt 0.486660 0.099221
vt 0.461722 0.098495
vt 0.365594 0.096538
vt 0.380957 0.097155
vt 0.397210 0.111536
vt 0.397455 0.097447
vt 0.415009 0.111846
vt 0.431011 0.112126
vt 0.445407 0.112378
vt 0.415254 0.097779
vt 0.431261 0.097703
vt 0.445639 0.098933
vt 0.381219 0.082460
vt 0.397716 0.082749
vt 0.415515 0.083059
vt 0.365844 0.082192
vt 0.478087 0.084151
vt 0.487211 0.085604
vt 0.461982 0.083871
vt 0.445911 0.083590
vt 0.431516 0.083340
vt 0.484033 0.066694
vt 0.438832 0.064988
vt 0.418496 0.064114
vt 0.366137 0.065309
vt 0.477371 0.062434
vt 0.470823 0.058247
vt 0.447889 0.060763
vt 0.386933 0.055348
vt 0.376625 0.060286
vt 0.409625 0.059192
vt 0.455319 0.057298
vt 0.911578 0.203544
vt 0.871423 0.176760
vt 0.894100 0.132466
vt 0.912625 0.137464
vt 0.937397 0.131716
vt 0.958518 0.174058
vt 0.394639 0.205382
vt 0.849438 0.130065
vt 0.869260 0.114429
vt 0.365884 0.202393
vt 0.960117 0.115408
vt 0.975499 0.128765
vt 0.385790 0.214872
vt 0.841916 0.086309
vt 0.851040 0.083782
vt 0.363879 0.214123
vt 0.984809 0.084598
vt 0.977633 0.085613
vt 0.373729 0.219765
vt 0.978000 0.041454
vt 0.972731 0.045605
vt 0.849220 0.042941
vt 0.852613 0.048304
vt 0.937397 0.131716
vt 0.931310 0.119516
vt 0.951013 0.104944
vt 0.960117 0.115408
vt 0.912625 0.137464
vt 0.914206 0.122863
vt 0.977633 0.085613
vt 0.963995 0.084274
vt 0.894100 0.132466
vt 0.898513 0.119962
vt 0.869260 0.114429
vt 0.878534 0.105556
vt 0.851040 0.083782
vt 0.864026 0.080984
vt 0.972731 0.045605
vt 0.964340 0.056533
vt 0.852613 0.048304
vt 0.863693 0.056007
vt 0.963995 0.084274
vt 0.951013 0.104944
vt 0.918447 0.086138
vt 0.916891 0.082961
vt 0.931310 0.119516
vt 0.917423 0.089541
vt 0.964340 0.056533
vt 0.917203 0.079355
vt 0.863693 0.056007
vt 0.911174 0.080744
vt 0.909277 0.084058
vt 0.864026 0.080984
vt 0.909249 0.088869
vt 0.878534 0.105556
vt 0.912011 0.091080
vt 0.898513 0.119962
vt 0.914651 0.091366
vt 0.914206 0.122863
vt 0.361680 0.157392
vt 0.499976 0.213540
vt 0.542743 0.214261
vt 0.315919 0.212938
vt 0.326643 0.207964
vt 0.304927 0.209447
vt 0.704018 0.184132
vt 0.707365 0.188880
vt 0.700680 0.220342
vt 0.693304 0.219434
vt 0.829086 0.236123
vt 0.822119 0.233473
vt 0.821482 0.197101
vt 0.826019 0.193694
vt 0.334318 0.197150
vt 0.700288 0.265512
vt 0.715716 0.252449
vt 0.331808 0.184915
vt 0.337790 0.181825
vt 0.718920 0.312978
vt 0.732241 0.270403
vt 0.347585 0.177087
vt 0.322863 0.170846
vt 0.320877 0.178437
vt 0.343392 0.168221
vt 0.755585 0.345143
vt 0.758739 0.281964
vt 0.309196 0.186043
vt 0.304562 0.182136
vt 0.787044 0.276110
vt 0.797695 0.324340
vt 0.299001 0.179247
vt 0.306403 0.169788
vt 0.309026 0.155019
vt 0.325345 0.155737
vt 0.342596 0.153519
vt 0.302618 0.198356
vt 0.808043 0.260613
vt 0.820170 0.280204
vt 0.261232 0.211237
vt 0.265741 0.199665
vt 0.260380 0.185873
vt 0.267808 0.182897
vt 0.710413 0.120848
vt 0.699177 0.079623
vt 0.705596 0.079942
vt 0.721120 0.108460
vt 0.729722 0.177226
vt 0.743756 0.128750
vt 0.277631 0.178497
vt 0.253515 0.226818
vt 0.251892 0.218404
vt 0.707222 0.044711
vt 0.710626 0.049454
vt 0.248942 0.182079
vt 0.247947 0.176566
vt 0.767050 0.204603
vt 0.769787 0.135038
vt 0.270410 0.170620
vt 0.233047 0.192049
vt 0.239377 0.193349
vt 0.223761 0.190956
vt 0.228010 0.178080
vt 0.244962 0.157640
vt 0.265042 0.154719
vt 0.226518 0.158615
vt 0.795492 0.127635
vt 0.810494 0.177537
vt 0.237121 0.208684
vt 0.819307 0.106399
vt 0.827078 0.124050
vt 0.232548 0.226692
vt 0.242914 0.219024
vt 0.832034 0.074923
vt 0.835431 0.075919
vt 0.822749 0.047543
vt 0.827620 0.044992
vt 0.196847 0.233381
vt 0.199144 0.219990
vt 0.199163 0.205054
vt 0.194405 0.210307
vt 0.852808 0.275635
vt 0.841774 0.231145
vt 0.847374 0.230926
vt 0.866056 0.260653
vt 0.867995 0.317801
vt 0.885948 0.277124
vt 0.188826 0.244257
vt 0.847266 0.191902
vt 0.851908 0.195280
vt 0.179662 0.204653
vt 0.181614 0.210817
vt 0.910020 0.343546
vt 0.911925 0.282749
vt 0.207263 0.197035
vt 0.201167 0.191311
vt 0.165817 0.222100
vt 0.172668 0.222802
vt 0.171895 0.185167
vt 0.191080 0.177048
vt 0.153098 0.190827
vt 0.934978 0.273366
vt 0.954317 0.320089
vt 0.170900 0.237720
vt 0.163942 0.237499
vt 0.955720 0.257450
vt 0.975474 0.271890
vt 0.177026 0.248265
vt 0.970802 0.223664
vt 0.979476 0.222682
vt 0.962266 0.182682
vt 0.959992 0.187720
vt 0.309459 0.130237
vt 0.325782 0.130751
vt 0.343012 0.129705
vt 0.290531 0.151653
vt 0.290639 0.145522
vt 0.290953 0.127514
vt 0.289000 0.154871
vt 0.360234 0.153333
vt 0.360353 0.146556
vt 0.360181 0.156327
vt 0.360661 0.128846
vt 0.287321 0.155314
vt 0.283863 0.154717
vt 0.281631 0.150080
vt 0.207391 0.166476
vt 0.207333 0.169735
vt 0.206973 0.171102
vt 0.207468 0.162019
vt 0.205899 0.166898
vt 0.245335 0.136256
vt 0.265388 0.134879
vt 0.226893 0.137129
vt 0.281775 0.141705
vt 0.282031 0.127066
vt 0.207674 0.150172
vt 0.207978 0.132811
vt 0.205172 0.159522
vt 0.172232 0.165785
vt 0.191353 0.161356
vt 0.205726 0.145904
vt 0.153484 0.168637
vt 0.137693 0.195041
vt 0.138092 0.172148
vt 0.326155 0.109034
vt 0.343359 0.109334
vt 0.309832 0.108750
vt 0.360996 0.109643
vt 0.291288 0.108427
vt 0.310160 0.090140
vt 0.326475 0.090951
vt 0.291631 0.088695
vt 0.343683 0.091201
vt 0.361320 0.091067
vt 0.310477 0.071911
vt 0.326805 0.072052
vt 0.344023 0.071806
vt 0.291965 0.069520
vt 0.361664 0.071310
vt 0.310816 0.052505
vt 0.327142 0.052790
vt 0.292268 0.052181
vt 0.344352 0.053090
vt 0.361977 0.053399
vt 0.362364 0.031225
vt 0.292662 0.029636
vt 0.305033 0.023420
vt 0.318201 0.016803
vt 0.340262 0.018061
vt 0.350531 0.024177
vt 0.245751 0.112507
vt 0.227297 0.112184
vt 0.265697 0.112854
vt 0.208345 0.111854
vt 0.227662 0.093016
vt 0.246103 0.092359
vt 0.208707 0.091009
vt 0.266137 0.091962
vt 0.282275 0.113144
vt 0.282665 0.090810
vt 0.246470 0.071330
vt 0.228038 0.071577
vt 0.266499 0.071182
vt 0.209075 0.069936
vt 0.283055 0.068413
vt 0.228407 0.050441
vt 0.246827 0.050761
vt 0.266850 0.051112
vt 0.209422 0.050110
vt 0.283393 0.049063
vt 0.209835 0.026435
vt 0.283763 0.027807
vt 0.222791 0.019751
vt 0.259713 0.013684
vt 0.271826 0.020797
vt 0.235572 0.013158
vt 0.172568 0.146598
vt 0.191743 0.142305
vt 0.153843 0.148114
vt 0.206662 0.134282
vt 0.191952 0.127253
vt 0.172913 0.126921
vt 0.206558 0.122122
vt 0.154220 0.126595
vt 0.138481 0.149940
vt 0.138892 0.126327
vt 0.173221 0.109193
vt 0.192277 0.108546
vt 0.154511 0.109883
vt 0.207552 0.106476
vt 0.139196 0.109033
vt 0.154827 0.091770
vt 0.173520 0.092059
vt 0.139534 0.089528
vt 0.192586 0.090801
vt 0.207453 0.088338
vt 0.207799 0.068426
vt 0.139904 0.068334
vt 0.185677 0.056085
vt 0.195787 0.061725
vt 0.163221 0.055476
vt 0.152693 0.061281
vt 0.082178 0.433875
vt 0.079389 0.418218
vt 0.082535 0.450306
vt 0.076380 0.405829
vt 0.062410 0.438925
vt 0.059525 0.424110
vt 0.055242 0.412593
vt 0.063719 0.454995
vt 0.081422 0.465895
vt 0.063580 0.468855
vt 0.043008 0.457469
vt 0.041962 0.444140
vt 0.041897 0.471947
vt 0.039077 0.430687
vt 0.036761 0.419762
vt 0.024489 0.447982
vt 0.011016 0.450909
vt 0.080583 0.479940
vt 0.677865 0.383092
vt 0.672407 0.395351
vt 0.062596 0.481337
vt 0.693930 0.394394
vt 0.688258 0.404120
vt 0.040225 0.480603
vt 0.712416 0.404662
vt 0.708821 0.413984
vt 0.019134 0.476592
vt 0.729855 0.419667
vt 0.013764 0.472052
vt 0.736906 0.418813
vt 0.072674 0.392437
vt 0.701242 0.326603
vt 0.695904 0.335123
vt 0.052170 0.402481
vt 0.720288 0.340398
vt 0.714298 0.348163
vt 0.033279 0.409535
vt 0.730950 0.361947
vt 0.736357 0.354275
vt 0.012450 0.421922
vt 0.752847 0.373460
vt 0.002121 0.435873
vt 0.007910 0.428054
vt 0.755767 0.380906
vt 0.759489 0.390399
vt 0.001714 0.452259
vt 0.008447 0.467556
vt 0.756517 0.406940
vt 0.749504 0.402124
vt 0.743888 0.417968
vt 0.681615 0.371797
vt 0.685346 0.357871
vt 0.690221 0.345335
vt 0.697593 0.383259
vt 0.702348 0.369889
vt 0.708477 0.357271
vt 0.720869 0.383210
vt 0.716664 0.394619
vt 0.726076 0.371223
vt 0.739241 0.396268
vt 0.584632 0.213503
vt 0.622240 0.211690
vt 0.625859 0.187331
vt 0.490480 0.175720
vt 0.607862 0.167397
vt 0.613064 0.166924
vt 0.555205 0.161842
vt 0.578695 0.163000
vt 0.601074 0.160489
vt 0.675805 0.148823
vt 0.675427 0.170632
vt 0.658399 0.170236
vt 0.659448 0.150312
vt 0.659851 0.127395
vt 0.676173 0.127793
vt 0.637097 0.167522
vt 0.641176 0.147379
vt 0.641556 0.125677
vt 0.622550 0.161702
vt 0.622876 0.143101
vt 0.623221 0.123185
vt 0.611258 0.143026
vt 0.611495 0.129309
vt 0.611865 0.116060
vt 0.610766 0.146285
vt 0.560299 0.148441
vt 0.578940 0.149052
vt 0.548015 0.146034
vt 0.547992 0.142250
vt 0.547846 0.139367
vt 0.541628 0.157391
vt 0.547321 0.145132
vt 0.517116 0.151778
vt 0.537160 0.147528
vt 0.546968 0.138622
vt 0.498189 0.166069
vt 0.500257 0.152607
vt 0.485653 0.153024
vt 0.500810 0.137764
vt 0.517341 0.138945
vt 0.486795 0.138478
vt 0.486867 0.128035
vt 0.501206 0.115068
vt 0.517754 0.115264
vt 0.487057 0.111508
vt 0.534174 0.136312
vt 0.534558 0.114253
vt 0.546725 0.130393
vt 0.545967 0.112469
vt 0.560588 0.131881
vt 0.579217 0.133212
vt 0.547876 0.128772
vt 0.596962 0.146801
vt 0.597209 0.132646
vt 0.609515 0.127924
vt 0.609640 0.136979
vt 0.609640 0.144160
vt 0.501586 0.093222
vt 0.518133 0.093514
vt 0.488104 0.092896
vt 0.534915 0.093804
vt 0.545579 0.096344
vt 0.560885 0.114887
vt 0.579520 0.115828
vt 0.547363 0.113840
vt 0.597501 0.115897
vt 0.609388 0.114111
vt 0.623552 0.104281
vt 0.641922 0.104600
vt 0.612258 0.103524
vt 0.660239 0.104921
vt 0.676589 0.105207
vt 0.518447 0.075552
vt 0.501883 0.076273
vt 0.486867 0.075574
vt 0.535241 0.075107
vt 0.545739 0.075171
vt 0.502215 0.057247
vt 0.518775 0.056740
vt 0.535564 0.056657
vt 0.485682 0.057094
vt 0.546338 0.057699
vt 0.502534 0.038992
vt 0.519080 0.039279
vt 0.535861 0.039573
vt 0.546788 0.039627
vt 0.546876 0.019138
vt 0.486005 0.038702
vt 0.486372 0.017556
vt 0.497678 0.010461
vt 0.529100 0.003984
vt 0.538265 0.011798
vt 0.561189 0.097134
vt 0.579832 0.097461
vt 0.597805 0.097773
vt 0.546916 0.096083
vt 0.561529 0.077959
vt 0.580156 0.079461
vt 0.546440 0.078194
vt 0.598144 0.078949
vt 0.609683 0.097155
vt 0.610241 0.078819
vt 0.598537 0.056473
vt 0.580546 0.057075
vt 0.561907 0.056302
vt 0.611576 0.056781
vt 0.546827 0.056010
vt 0.580892 0.037166
vt 0.562247 0.036841
vt 0.547166 0.036575
vt 0.598870 0.037480
vt 0.612518 0.037752
vt 0.612833 0.014715
vt 0.547560 0.013943
vt 0.559021 0.007448
vt 0.570651 0.000858
vt 0.603346 0.007695
vt 0.623864 0.086421
vt 0.642227 0.087171
vt 0.660534 0.088007
vt 0.612583 0.084881
vt 0.676861 0.088374
vt 0.642567 0.067665
vt 0.660883 0.068044
vt 0.624201 0.067064
vt 0.677187 0.069680
vt 0.613246 0.066415
vt 0.624528 0.048319
vt 0.642899 0.048640
vt 0.613751 0.047435
vt 0.661215 0.048958
vt 0.677546 0.049243
vt 0.616330 0.026154
vt 0.677917 0.028030
vt 0.665467 0.020182
vt 0.655218 0.013722
vt 0.632748 0.012874
vt 0.625245 0.018943
vt 0.610150 0.144788
vt 0.758739 0.281964
vt 0.732241 0.270403
vt 0.741766 0.256355
vt 0.759876 0.267569
vt 0.781264 0.263656
vt 0.787044 0.276110
vt 0.715716 0.252449
vt 0.725891 0.245130
vt 0.700680 0.220342
vt 0.710681 0.220231
vt 0.808043 0.260613
vt 0.798652 0.251244
vt 0.812689 0.229300
vt 0.822119 0.233473
vt 0.798652 0.251244
vt 0.781264 0.263656
vt 0.766761 0.235790
vt 0.767891 0.232098
vt 0.812689 0.229300
vt 0.765850 0.227922
vt 0.759876 0.267569
vt 0.763151 0.237883
vt 0.741766 0.256355
vt 0.759963 0.235896
vt 0.725891 0.245130
vt 0.758469 0.232141
vt 0.710681 0.220231
vt 0.759581 0.227461
vt 0.712102 0.195794
vt 0.761630 0.226615
vt 0.814843 0.202100
vt 0.769787 0.135038
vt 0.743756 0.128750
vt 0.749607 0.114224
vt 0.768352 0.119988
vt 0.721120 0.108460
vt 0.727051 0.097557
vt 0.795492 0.127635
vt 0.789057 0.115935
vt 0.819307 0.106399
vt 0.808284 0.101599
vt 0.832034 0.074923
vt 0.822792 0.075100
vt 0.817309 0.051657
vt 0.822749 0.047543
vt 0.710626 0.049454
vt 0.714763 0.055136
vt 0.715637 0.077279
vt 0.705596 0.079942
vt 0.727051 0.097557
vt 0.762976 0.087491
vt 0.764307 0.089854
vt 0.749607 0.114224
vt 0.715637 0.077279
vt 0.763754 0.083084
vt 0.768352 0.119988
vt 0.766791 0.090573
vt 0.789057 0.115935
vt 0.770535 0.090033
vt 0.808284 0.101599
vt 0.771933 0.086159
vt 0.822792 0.075100
vt 0.772118 0.081986
vt 0.817309 0.051657
vt 0.766840 0.080056
vt 0.714763 0.055136
vt 0.767691 0.085797
vt 0.911925 0.282749
vt 0.885948 0.277124
vt 0.891854 0.263981
vt 0.909687 0.268430
vt 0.866056 0.260653
vt 0.876013 0.252589
vt 0.927413 0.262277
vt 0.934978 0.273366
vt 0.955720 0.257450
vt 0.943984 0.248984
vt 0.970802 0.223664
vt 0.957691 0.224453
vt 0.959992 0.187720
vt 0.955290 0.195269
vt 0.851908 0.195280
vt 0.858482 0.201543
vt 0.858466 0.228897
vt 0.847374 0.230926
vt 0.858466 0.228897
vt 0.902992 0.227988
vt 0.903111 0.233091
vt 0.876013 0.252589
vt 0.858482 0.201543
vt 0.904252 0.237207
vt 0.891854 0.263981
vt 0.909687 0.268430
vt 0.927413 0.262277
vt 0.943984 0.248984
vt 0.957691 0.224453
vt 0.955290 0.195269
vt 0.426194 0.388097
vt 0.422177 0.378203
vt 0.402348 0.055154
vt 0.507490 0.004303
vt 0.593987 0.000769
vt 0.486141 0.147253
vt 0.814843 0.202100
vt 0.821482 0.197101
vt 0.707365 0.188880
vt 0.712102 0.195794
vt 0.856210 0.784234
usemtl hands
f 1/1 2/2 3/3
f 4/4 5/5 6/6
f 7/7 8/8 9/9
f 10/10 11/11 12/12
f 13/13 14/14 15/15
f 16/16 17/17 18/18
f 14/14 13/13 19/19
f 20/20 14/14 19/19
f 21/21 22/22 23/23
f 12/12 24/24 10/10
f 25/25 26/26 27/27
f 28/28 26/26 25/25
f 29/29 30/30 31/31
f 32/32 33/33 34/34
f 35/35 36/36 37/37
f 38/38 39/39 40/40
f 41/41 42/42 43/43
f 44/44 45/45 46/46
f 47/47 48/48 49/49
f 50/50 51/51 52/52
f 53/53 54/54 55/55
f 56/56 57/57 58/58
f 59/59 60/60 61/61
f 62/62 63/63 64/64
f 65/65 66/66 67/67
f 67/67 68/68 69/69
f 70/70 71/71 72/72
f 73/73 74/74 75/75
f 76/76 77/77 78/78
f 79/79 80/80 81/81
f 82/82 83/83 84/84
f 85/85 86/86 87/87
f 86/86 88/88 89/89
f 86/86 89/89 87/87
f 90/90 91/91 5/5
f 90/90 5/5 4/4
f 92/92 4/4 6/6
f 92/92 6/6 93/93
f 36/36 94/94 95/95
f 36/36 95/95 37/37
f 37/37 96/96 97/97
f 37/37 97/97 35/35
f 40/40 98/98 99/99
f 40/40 99/99 38/38
f 100/100 40/40 39/39
f 100/100 39/39 101/101
f 58/58 102/102 103/103
f 58/58 103/103 56/56
f 104/104 58/58 57/57
f 104/104 57/57 105/105
f 59/59 106/106 107/107
f 59/59 107/107 60/60
f 108/108 59/59 61/61
f 108/108 61/61 109/109
f 63/63 110/110 111/111
f 63/63 111/111 64/64
f 64/64 112/112 113/113
f 64/64 113/113 62/62
f 114/114 115/115 116/116
f 114/114 116/116 117/117
f 118/118 119/119 120/120
f 118/118 120/120 121/121
f 122/122 123/123 124/124
f 122/122 124/124 125/125
f 126/126 127/127 128/128
f 126/126 128/128 129/129
f 72/72 71/71 130/130
f 72/72 130/130 131/131
f 70/70 132/132 133/133
f 70/70 133/133 71/71
f 73/73 134/134 135/135
f 73/73 135/135 74/74
f 136/136 73/73 75/75
f 136/136 75/75 137/137
f 78/78 138/138 139/139
f 78/78 139/139 76/76
f 77/77 76/76 140/140
f 77/77 140/140 141/141
f 142/142 143/143 144/144
f 145/145 146/146 147/147
f 146/146 148/148 149/149
f 146/146 149/149 150/150
f 146/146 150/150 147/147
f 149/149 148/148 151/151
f 151/151 148/148 152/152
f 151/151 152/152 153/153
f 152/152 154/154 155/155
f 152/152 155/155 156/156
f 152/152 156/156 153/153
f 154/154 157/157 158/158
f 154/154 158/158 159/159
f 154/154 159/159 155/155
f 160/160 161/161 162/162
f 160/160 162/162 158/158
f 160/160 158/158 157/157
f 163/163 164/164 165/165
f 163/163 165/165 161/161
f 163/163 161/161 160/160
f 164/164 163/163 166/166
f 166/166 163/163 167/167
f 166/166 167/167 168/168
f 168/168 167/167 169/169
f 169/169 167/167 170/170
f 169/169 170/170 171/171
f 143/143 142/142 172/172
f 143/143 172/172 173/173
f 143/143 173/173 174/174
f 2/2 174/174 173/173
f 2/2 173/173 175/175
f 2/2 175/175 3/3
f 176/176 177/177 174/174
f 176/176 174/174 2/2
f 170/170 167/167 178/178
f 170/170 178/178 179/179
f 180/180 143/143 174/174
f 180/180 174/174 177/177
f 143/143 180/180 181/181
f 143/143 181/181 182/182
f 143/143 182/182 144/144
f 163/163 183/183 178/178
f 163/163 178/178 167/167
f 160/160 184/184 183/183
f 160/160 183/183 163/163
f 157/157 185/185 184/184
f 157/157 184/184 160/160
f 157/157 154/154 186/186
f 157/157 186/186 185/185
f 154/154 152/152 187/187
f 154/154 187/187 186/186
f 152/152 148/148 188/188
f 152/152 188/188 187/187
f 188/188 148/148 146/146
f 188/188 146/146 189/189
f 146/146 145/145 190/190
f 146/146 190/190 191/191
f 146/146 191/191 189/189
f 192/192 191/191 190/190
f 192/192 190/190 193/193
f 192/192 193/193 194/194
f 195/195 196/196 197/197
f 197/197 196/196 192/192
f 197/197 192/192 194/194
f 182/182 181/181 196/196
f 182/182 196/196 198/198
f 198/198 196/196 195/195
f 180/180 199/199 200/200
f 180/180 200/200 181/181
f 201/201 196/196 181/181
f 201/201 181/181 200/200
f 199/199 180/180 177/177
f 199/199 177/177 88/88
f 201/201 202/202 192/192
f 201/201 192/192 196/196
f 191/191 192/192 202/202
f 191/191 202/202 203/203
f 203/203 204/204 189/189
f 203/203 189/189 191/191
f 205/205 188/188 189/189
f 205/205 189/189 204/204
f 188/188 205/205 206/206
f 188/188 206/206 187/187
f 187/187 206/206 207/207
f 187/187 207/207 186/186
f 208/208 185/185 186/186
f 208/208 186/186 207/207
f 209/209 184/184 185/185
f 209/209 185/185 208/208
f 183/183 184/184 209/209
f 183/183 209/209 210/210
f 210/210 211/211 178/178
f 210/210 178/178 183/183
f 211/211 212/212 179/179
f 211/211 179/179 178/178
f 213/213 214/214 212/212
f 213/213 212/212 211/211
f 211/211 210/210 215/215
f 211/211 215/215 213/213
f 88/88 86/86 216/216
f 88/88 216/216 199/199
f 199/199 216/216 217/217
f 199/199 217/217 200/200
f 210/210 209/209 218/218
f 210/210 218/218 215/215
f 208/208 219/219 218/218
f 208/208 218/218 209/209
f 207/207 220/220 219/219
f 207/207 219/219 208/208
f 206/206 221/221 220/220
f 206/206 220/220 207/207
f 205/205 222/222 221/221
f 205/205 221/221 206/206
f 204/204 223/223 222/222
f 204/204 222/222 205/205
f 203/203 224/224 223/223
f 203/203 223/223 204/204
f 202/202 225/225 224/224
f 202/202 224/224 203/203
f 201/201 226/226 225/225
f 201/201 225/225 202/202
f 200/200 217/217 226/226
f 200/200 226/226 201/201
f 227/227 228/228 229/229
f 227/227 229/229 230/230
f 231/231 232/232 228/228
f 231/231 228/228 227/227
f 233/233 230/230 229/229
f 233/233 229/229 234/234
f 235/235 236/236 237/237
f 235/235 237/237 238/238
f 236/236 235/235 239/239
f 236/236 239/239 240/240
f 241/241 238/238 237/237
f 241/241 237/237 242/242
f 243/243 244/244 232/232
f 243/243 232/232 231/231
f 242/242 5/5 91/91
f 242/242 91/91 241/241
f 245/245 246/246 244/244
f 245/245 244/244 243/243
f 247/247 248/248 246/246
f 247/247 246/246 245/245
f 6/6 249/249 250/250
f 6/6 250/250 93/93
f 251/251 252/252 248/248
f 251/251 248/248 247/247
f 253/253 254/254 250/250
f 253/253 250/250 249/249
f 251/251 255/255 256/256
f 251/251 256/256 252/252
f 255/255 257/257 258/258
f 255/255 258/258 256/256
f 259/259 260/260 261/261
f 259/259 261/261 262/262
f 263/263 264/264 262/262
f 263/263 262/262 261/261
f 265/265 258/258 257/257
f 265/265 257/257 85/85
f 264/264 263/263 266/266
f 264/264 266/266 267/267
f 268/268 269/269 270/270
f 268/268 270/270 271/271
f 272/272 267/267 266/266
f 272/272 266/266 273/273
f 269/269 274/274 275/275
f 269/269 275/275 270/270
f 273/273 276/276 277/277
f 273/273 277/277 272/272
f 274/274 278/278 279/279
f 274/274 279/279 275/275
f 278/278 233/233 234/234
f 278/278 234/234 279/279
f 240/240 239/239 280/280
f 240/240 280/280 281/281
f 281/281 280/280 282/282
f 281/281 282/282 283/283
f 92/92 7/7 9/9
f 92/92 9/9 284/284
f 285/285 286/286 287/287
f 285/285 287/287 288/288
f 8/8 289/289 290/290
f 8/8 290/290 291/291
f 288/288 287/287 292/292
f 288/288 292/292 13/13
f 288/288 293/293 294/294
f 288/288 294/294 285/285
f 289/289 295/295 296/296
f 289/289 296/296 290/290
f 295/295 297/297 298/298
f 295/295 298/298 296/296
f 294/294 293/293 299/299
f 294/294 299/299 300/300
f 290/290 296/296 301/301
f 290/290 301/301 302/302
f 296/296 298/298 303/303
f 296/296 303/303 301/301
f 13/13 15/15 293/293
f 13/13 293/293 288/288
f 15/15 304/304 299/299
f 15/15 299/299 293/293
f 4/4 92/92 284/284
f 4/4 284/284 305/305
f 306/306 307/307 308/308
f 306/306 308/308 309/309
f 307/307 310/310 311/311
f 307/307 311/311 308/308
f 310/310 312/312 313/313
f 310/310 313/313 311/311
f 312/312 314/314 315/315
f 312/312 315/315 313/313
f 22/22 11/11 10/10
f 22/22 10/10 23/23
f 21/21 19/19 316/316
f 21/21 316/316 22/22
f 299/299 317/317 318/318
f 299/299 318/318 300/300
f 297/297 319/319 320/320
f 297/297 320/320 298/298
f 319/319 321/321 322/322
f 319/319 322/322 320/320
f 323/323 320/320 322/322
f 323/323 322/322 324/324
f 322/322 321/321 325/325
f 322/322 325/325 326/326
f 324/324 322/322 326/326
f 324/324 326/326 327/327
f 318/318 317/317 328/328
f 318/318 328/328 329/329
f 329/329 328/328 330/330
f 329/329 330/330 331/331
f 317/317 332/332 333/333
f 317/317 333/333 328/328
f 328/328 333/333 334/334
f 328/328 334/334 330/330
f 299/299 304/304 332/332
f 299/299 332/332 317/317
f 335/335 302/302 301/301
f 335/335 301/301 336/336
f 301/301 303/303 337/337
f 301/301 337/337 336/336
f 336/336 337/337 338/338
f 336/336 338/338 339/339
f 339/339 17/17 335/335
f 339/339 335/335 336/336
f 340/340 341/341 302/302
f 340/340 302/302 335/335
f 16/16 340/340 335/335
f 16/16 335/335 17/17
f 342/342 90/90 4/4
f 342/342 4/4 305/305
f 339/339 338/338 343/343
f 339/339 343/343 344/344
f 17/17 339/339 344/344
f 17/17 344/344 345/345
f 298/298 320/320 323/323
f 298/298 323/323 303/303
f 303/303 323/323 346/346
f 303/303 346/346 337/337
f 337/337 346/346 347/347
f 337/337 347/347 338/338
f 338/338 347/347 348/348
f 338/338 348/348 343/343
f 344/344 343/343 349/349
f 344/344 349/349 350/350
f 343/343 348/348 351/351
f 343/343 351/351 349/349
f 344/344 350/350 352/352
f 344/344 352/352 353/353
f 345/345 344/344 353/353
f 345/345 353/353 354/354
f 355/355 356/356 357/357
f 355/355 357/357 358/358
f 355/355 358/358 359/359
f 355/355 359/359 360/360
f 356/356 361/361 362/362
f 356/356 362/362 357/357
f 363/363 364/364 304/304
f 363/363 304/304 15/15
f 304/304 364/364 365/365
f 304/304 365/365 332/332
f 15/15 14/14 366/366
f 15/15 366/366 363/363
f 358/358 357/357 367/367
f 358/358 367/367 368/368
f 357/357 362/362 369/369
f 357/357 369/369 367/367
f 368/368 370/370 359/359
f 368/368 359/359 358/358
f 363/363 368/368 367/367
f 363/363 367/367 364/364
f 364/364 367/367 369/369
f 364/364 369/369 365/365
f 363/363 371/371 370/370
f 363/363 370/370 368/368
f 371/371 363/363 366/366
f 371/371 366/366 372/372
f 323/323 324/324 373/373
f 323/323 373/373 346/346
f 373/373 324/324 327/327
f 373/373 327/327 374/374
f 346/346 373/373 375/375
f 346/346 375/375 347/347
f 347/347 375/375 376/376
f 347/347 376/376 348/348
f 348/348 376/376 377/377
f 348/348 377/377 351/351
f 361/361 378/378 379/379
f 361/361 379/379 362/362
f 17/17 345/345 380/380
f 17/17 380/380 18/18
f 373/373 374/374 381/381
f 373/373 381/381 375/375
f 375/375 381/381 382/382
f 375/375 382/382 376/376
f 376/376 382/382 383/383
f 376/376 383/383 377/377
f 365/365 369/369 384/384
f 365/365 384/384 385/385
f 369/369 362/362 379/379
f 369/369 379/379 384/384
f 379/379 386/386 387/387
f 379/379 387/387 384/384
f 385/385 384/384 387/387
f 385/385 387/387 388/388
f 378/378 389/389 386/386
f 378/378 386/386 379/379
f 332/332 365/365 385/385
f 332/332 385/385 333/333
f 333/333 385/385 388/388
f 333/333 388/388 334/334
f 19/19 21/21 390/390
f 19/19 390/390 20/20
f 391/391 390/390 21/21
f 391/391 21/21 23/23
f 366/366 14/14 20/20
f 366/366 20/20 392/392
f 372/372 366/366 392/392
f 372/372 392/392 393/393
f 20/20 390/390 394/394
f 20/20 394/394 392/392
f 392/392 394/394 395/395
f 392/392 395/395 393/393
f 396/396 394/394 390/390
f 396/396 390/390 391/391
f 23/23 10/10 397/397
f 23/23 397/397 391/391
f 391/391 397/397 398/398
f 391/391 398/398 396/396
f 399/399 397/397 10/10
f 399/399 10/10 24/24
f 397/397 399/399 400/400
f 397/397 400/400 398/398
f 401/401 395/395 394/394
f 401/401 394/394 396/396
f 24/24 402/402 403/403
f 24/24 403/403 399/399
f 402/402 404/404 405/405
f 402/402 405/405 403/403
f 406/406 405/405 404/404
f 406/406 404/404 407/407
f 408/408 409/409 406/406
f 408/408 406/406 407/407
f 306/306 309/309 90/90
f 306/306 90/90 342/342
f 16/16 18/18 409/409
f 16/16 409/409 408/408
f 399/399 403/403 410/410
f 399/399 410/410 400/400
f 403/403 405/405 30/30
f 403/403 30/30 410/410
f 30/30 405/405 406/406
f 30/30 406/406 411/411
f 26/26 411/411 406/406
f 26/26 406/406 409/409
f 18/18 380/380 26/26
f 18/18 26/26 409/409
f 26/26 380/380 412/412
f 26/26 412/412 27/27
f 380/380 345/345 354/354
f 380/380 354/354 412/412
f 26/26 28/28 413/413
f 26/26 413/413 411/411
f 30/30 411/411 413/413
f 30/30 413/413 31/31
f 30/30 29/29 414/414
f 30/30 414/414 410/410
f 414/414 415/415 400/400
f 414/414 400/400 410/410
f 398/398 400/400 415/415
f 398/398 415/415 416/416
f 396/396 398/398 416/416
f 396/396 416/416 401/401
f 417/417 418/418 419/419
f 417/417 419/419 420/420
f 421/421 418/418 417/417
f 421/421 417/417 422/422
f 423/423 424/424 425/425
f 423/423 425/425 426/426
f 427/427 417/417 420/420
f 427/427 420/420 428/428
f 428/428 429/429 430/430
f 428/428 430/430 427/427
f 426/426 431/431 432/432
f 426/426 432/432 423/423
f 431/431 433/433 434/434
f 431/431 434/434 432/432
f 435/435 436/436 437/437
f 435/435 437/437 438/438
f 439/439 435/435 438/438
f 439/439 438/438 440/440
f 441/441 437/437 436/436
f 441/441 436/436 442/442
f 443/443 444/444 438/438
f 443/443 438/438 437/437
f 437/437 445/445 446/446
f 437/437 446/446 443/443
f 444/444 443/443 447/447
f 444/444 447/447 448/448
f 443/443 446/446 449/449
f 443/443 449/449 447/447
f 440/440 438/438 444/444
f 440/440 444/444 450/450
f 451/451 450/450 444/444
f 451/451 444/444 448/448
f 440/440 452/452 453/453
f 440/440 453/453 439/439
f 452/452 440/440 450/450
f 452/452 450/450 454/454
f 450/450 451/451 455/455
f 450/450 455/455 454/454
f 422/422 417/417 427/427
f 422/422 427/427 456/456
f 437/437 441/441 457/457
f 437/437 457/457 445/445
f 458/458 421/421 422/422
f 458/458 422/422 459/459
f 460/460 458/458 459/459
f 460/460 459/459 461/461
f 461/461 462/462 463/463
f 461/461 463/463 460/460
f 464/464 465/465 463/463
f 464/464 463/463 462/462
f 466/466 465/465 464/464
f 466/466 464/464 51/51
f 467/467 466/466 51/51
f 467/467 51/51 468/468
f 468/468 32/32 469/469
f 468/468 469/469 467/467
f 442/442 469/469 32/32
f 442/442 32/32 441/441
f 32/32 468/468 470/470
f 32/32 470/470 33/33
f 32/32 34/34 457/457
f 32/32 457/457 441/441
f 471/471 461/461 459/459
f 471/471 459/459 472/472
f 456/456 472/472 459/459
f 456/456 459/459 422/422
f 426/426 425/425 473/473
f 426/426 473/473 474/474
f 452/452 475/475 476/476
f 452/452 476/476 453/453
f 476/476 475/475 477/477
f 476/476 477/477 478/478
f 478/478 477/477 479/479
f 478/478 479/479 480/480
f 480/480 479/479 474/474
f 480/480 474/474 473/473
f 481/481 482/482 483/483
f 481/481 483/483 484/484
f 483/483 482/482 485/485
f 483/483 485/485 486/486
f 482/482 481/481 447/447
f 482/482 447/447 449/449
f 482/482 487/487 488/488
f 482/482 488/488 485/485
f 449/449 489/489 490/490
f 449/449 490/490 482/482
f 482/482 490/490 491/491
f 482/482 491/491 487/487
f 484/484 483/483 492/492
f 484/484 492/492 493/493
f 486/486 494/494 492/492
f 486/486 492/492 483/483
f 484/484 495/495 496/496
f 484/484 496/496 481/481
f 495/495 484/484 493/493
f 495/495 493/493 497/497
f 481/481 496/496 448/448
f 481/481 448/448 447/447
f 485/485 498/498 499/499
f 485/485 499/499 486/486
f 488/488 500/500 498/498
f 488/488 498/498 485/485
f 486/486 499/499 501/501
f 486/486 501/501 494/494
f 502/502 496/496 495/495
f 502/502 495/495 503/503
f 451/451 448/448 496/496
f 451/451 496/496 502/502
f 497/497 504/504 503/503
f 497/497 503/503 495/495
f 502/502 503/503 505/505
f 502/502 505/505 506/506
f 507/507 505/505 503/503
f 507/507 503/503 504/504
f 455/455 451/451 502/502
f 455/455 502/502 506/506
f 508/508 506/506 505/505
f 508/508 505/505 509/509
f 455/455 506/506 508/508
f 455/455 508/508 510/510
f 509/509 505/505 507/507
f 509/509 507/507 511/511
f 508/508 509/509 512/512
f 508/508 512/512 513/513
f 509/509 511/511 514/514
f 509/509 514/514 512/512
f 510/510 508/508 513/513
f 510/510 513/513 515/515
f 492/492 516/516 517/517
f 492/492 517/517 493/493
f 518/518 516/516 492/492
f 518/518 492/492 494/494
f 493/493 517/517 519/519
f 493/493 519/519 497/497
f 497/497 519/519 520/520
f 497/497 520/520 504/504
f 521/521 507/507 504/504
f 521/521 504/504 520/520
f 507/507 521/521 522/522
f 507/507 522/522 511/511
f 511/511 522/522 523/523
f 511/511 523/523 514/514
f 494/494 501/501 524/524
f 494/494 524/524 518/518
f 525/525 523/523 522/522
f 525/525 522/522 526/526
f 518/518 524/524 527/527
f 518/518 527/527 528/528
f 522/522 521/521 529/529
f 522/522 529/529 526/526
f 525/525 526/526 530/530
f 525/525 530/530 531/531
f 526/526 529/529 532/532
f 526/526 532/532 530/530
f 528/528 527/527 533/533
f 528/528 533/533 534/534
f 516/516 518/518 528/528
f 516/516 528/528 535/535
f 535/535 528/528 534/534
f 535/535 534/534 536/536
f 535/535 537/537 517/517
f 535/535 517/517 516/516
f 517/517 537/537 538/538
f 517/517 538/538 519/519
f 519/519 538/538 539/539
f 519/519 539/539 520/520
f 520/520 539/539 529/529
f 520/520 529/529 521/521
f 535/535 536/536 540/540
f 535/535 540/540 537/537
f 537/537 540/540 541/541
f 537/537 541/541 538/538
f 542/542 539/539 538/538
f 542/542 538/538 541/541
f 539/539 542/542 532/532
f 539/539 532/532 529/529
f 534/534 543/543 544/544
f 534/534 544/544 536/536
f 536/536 544/544 545/545
f 536/536 545/545 540/540
f 546/546 543/543 534/534
f 546/546 534/534 533/533
f 531/531 530/530 547/547
f 531/531 547/547 548/548
f 530/530 532/532 549/549
f 530/530 549/549 547/547
f 542/542 550/550 549/549
f 542/542 549/549 532/532
f 541/541 551/551 550/550
f 541/541 550/550 542/542
f 551/551 541/541 540/540
f 551/551 540/540 545/545
f 547/547 549/549 37/37
f 547/547 37/37 95/95
f 550/550 96/96 37/37
f 550/550 37/37 549/549
f 547/547 95/95 552/552
f 547/547 552/552 548/548
f 551/551 553/553 96/96
f 551/551 96/96 550/550
f 545/545 100/100 554/554
f 545/545 554/554 551/551
f 545/545 544/544 40/40
f 545/545 40/40 100/100
f 543/543 98/98 40/40
f 543/543 40/40 544/544
f 543/543 546/546 555/555
f 543/543 555/555 98/98
f 556/556 94/94 36/36
f 556/556 36/36 557/557
f 553/553 558/558 97/97
f 553/553 97/97 96/96
f 559/559 38/38 99/99
f 559/559 99/99 560/560
f 561/561 554/554 100/100
f 561/561 100/100 101/101
f 562/562 557/557 36/36
f 562/562 36/36 35/35
f 563/563 564/564 565/565
f 563/563 565/565 566/566
f 563/563 566/566 567/567
f 563/563 567/567 568/568
f 446/446 569/569 489/489
f 446/446 489/489 449/449
f 564/564 570/570 571/571
f 564/564 571/571 565/565
f 487/487 491/491 572/572
f 487/487 572/572 41/41
f 568/568 567/567 573/573
f 568/568 573/573 574/574
f 41/41 43/43 488/488
f 41/41 488/488 487/487
f 445/445 575/575 569/569
f 445/445 569/569 446/446
f 570/570 576/576 577/577
f 570/570 577/577 571/571
f 34/34 41/41 572/572
f 34/34 572/572 578/578
f 579/579 574/574 573/573
f 579/579 573/573 580/580
f 33/33 42/42 41/41
f 33/33 41/41 34/34
f 457/457 34/34 578/578
f 457/457 578/578 581/581
f 582/582 579/579 580/580
f 582/582 580/580 583/583
f 445/445 457/457 581/581
f 445/445 581/581 575/575
f 584/584 585/585 577/577
f 584/584 577/577 576/576
f 586/586 587/587 588/588
f 586/586 588/588 589/589
f 590/590 591/591 587/587
f 590/590 587/587 586/586
f 592/592 589/589 588/588
f 592/592 588/588 593/593
f 590/590 594/594 595/595
f 590/590 595/595 591/591
f 594/594 596/596 597/597
f 594/594 597/597 595/595
f 598/598 599/599 597/597
f 598/598 597/597 596/596
f 600/600 592/592 593/593
f 600/600 593/593 601/601
f 602/602 603/603 599/599
f 602/602 599/599 598/598
f 604/604 605/605 606/606
f 604/604 606/606 607/607
f 605/605 608/608 609/609
f 605/605 609/609 606/606
f 610/610 604/604 607/607
f 610/610 607/607 611/611
f 612/612 613/613 614/614
f 612/612 614/614 615/615
f 615/615 614/614 616/616
f 615/615 616/616 617/617
f 617/617 616/616 618/618
f 617/617 618/618 619/619
f 619/619 618/618 620/620
f 619/619 620/620 621/621
f 608/608 621/621 620/620
f 608/608 620/620 609/609
f 620/620 614/614 613/613
f 620/620 613/613 607/607
f 43/43 622/622 500/500
f 43/43 500/500 488/488
f 475/475 452/452 454/454
f 475/475 454/454 623/623
f 623/623 624/624 477/477
f 623/623 477/477 475/475
f 470/470 625/625 626/626
f 470/470 626/626 33/33
f 50/50 627/627 625/625
f 50/50 625/625 470/470
f 628/628 629/629 630/630
f 628/628 630/630 631/631
f 632/632 633/633 634/634
f 632/632 634/634 635/635
f 33/33 626/626 636/636
f 33/33 636/636 42/42
f 637/637 631/631 630/630
f 637/637 630/630 638/638
f 42/42 636/636 639/639
f 42/42 639/639 640/640
f 641/641 637/637 638/638
f 641/641 638/638 642/642
f 42/42 640/640 643/643
f 42/42 643/643 43/43
f 644/644 640/640 639/639
f 644/644 639/639 645/645
f 644/644 646/646 643/643
f 644/644 643/643 640/640
f 647/647 641/641 642/642
f 647/647 642/642 648/648
f 644/644 645/645 649/649
f 644/644 649/649 650/650
f 647/647 648/648 651/651
f 647/647 651/651 652/652
f 644/644 650/650 653/653
f 644/644 653/653 654/654
f 654/654 655/655 656/656
f 654/654 656/656 644/644
f 644/644 656/656 657/657
f 644/644 657/657 646/646
f 650/650 649/649 658/658
f 650/650 658/658 44/44
f 44/44 46/46 653/653
f 44/44 653/653 650/650
f 652/652 651/651 659/659
f 652/652 659/659 660/660
f 44/44 658/658 627/627
f 44/44 627/627 50/50
f 660/660 659/659 633/633
f 660/660 633/633 632/632
f 52/52 45/45 44/44
f 52/52 44/44 50/50
f 52/52 661/661 662/662
f 52/52 662/662 45/45
f 45/45 662/662 663/663
f 45/45 663/663 664/664
f 665/665 666/666 667/667
f 665/665 667/667 668/668
f 669/669 665/665 668/668
f 669/669 668/668 670/670
f 45/45 664/664 671/671
f 45/45 671/671 46/46
f 52/52 672/672 673/673
f 52/52 673/673 661/661
f 674/674 675/675 667/667
f 674/674 667/667 666/666
f 664/664 663/663 676/676
f 664/664 676/676 677/677
f 678/678 669/669 670/670
f 678/678 670/670 679/679
f 677/677 680/680 671/671
f 677/677 671/671 664/664
f 681/681 677/677 676/676
f 681/681 676/676 682/682
f 677/677 681/681 683/683
f 677/677 683/683 684/684
f 680/680 677/677 685/685
f 680/680 685/685 686/686
f 684/684 687/687 685/685
f 684/684 685/685 677/677
f 678/678 679/679 688/688
f 678/678 688/688 689/689
f 48/48 681/681 682/682
f 48/48 682/682 690/690
f 689/689 688/688 691/691
f 689/689 691/691 692/692
f 48/48 47/47 683/683
f 48/48 683/683 681/681
f 693/693 48/48 690/690
f 693/693 690/690 694/694
f 471/471 49/49 48/48
f 471/471 48/48 693/693
f 692/692 691/691 695/695
f 692/692 695/695 696/696
f 693/693 694/694 673/673
f 693/693 673/673 672/672
f 696/696 695/695 697/697
f 696/696 697/697 698/698
f 693/693 672/672 464/464
f 693/693 464/464 462/462
f 471/471 699/699 700/700
f 471/471 700/700 49/49
f 701/701 49/49 700/700
f 701/701 700/700 702/702
f 703/703 704/704 705/705
f 703/703 705/705 706/706
f 707/707 703/703 706/706
f 707/707 706/706 708/708
f 472/472 709/709 699/699
f 472/472 699/699 471/471
f 710/710 711/711 705/705
f 710/710 705/705 704/704
f 712/712 701/701 702/702
f 712/712 702/702 713/713
f 714/714 707/707 708/708
f 714/714 708/708 715/715
f 49/49 701/701 716/716
f 49/49 716/716 47/47
f 712/712 717/717 716/716
f 712/712 716/716 701/701
f 718/718 712/712 713/713
f 718/718 713/713 719/719
f 712/712 718/718 53/53
f 712/712 53/53 55/55
f 717/717 712/712 720/720
f 717/717 720/720 721/721
f 712/712 55/55 722/722
f 712/712 722/722 720/720
f 714/714 715/715 723/723
f 714/714 723/723 724/724
f 725/725 726/726 718/718
f 725/725 718/718 719/719
f 724/724 723/723 727/727
f 724/724 727/727 728/728
f 430/430 53/53 718/718
f 430/430 718/718 726/726
f 726/726 725/725 729/729
f 726/726 729/729 456/456
f 728/728 727/727 730/730
f 728/728 730/730 731/731
f 456/456 729/729 709/709
f 456/456 709/709 472/472
f 732/732 731/731 730/730
f 732/732 730/730 733/733
f 656/656 655/655 734/734
f 656/656 734/734 735/735
f 656/656 735/735 736/736
f 656/656 736/736 657/657
f 654/654 737/737 738/738
f 654/654 738/738 655/655
f 655/655 738/738 739/739
f 655/655 739/739 734/734
f 740/740 737/737 654/654
f 740/740 654/654 653/653
f 741/741 646/646 657/657
f 741/741 657/657 742/742
f 743/743 643/643 646/646
f 743/743 646/646 741/741
f 657/657 736/736 744/744
f 657/657 744/744 742/742
f 643/643 743/743 622/622
f 643/643 622/622 43/43
f 653/653 46/46 745/745
f 653/653 745/745 740/740
f 46/46 671/671 746/746
f 46/46 746/746 745/745
f 671/671 680/680 747/747
f 671/671 747/747 746/746
f 748/748 683/683 47/47
f 748/748 47/47 749/749
f 750/750 749/749 47/47
f 750/750 47/47 716/716
f 683/683 748/748 751/751
f 683/683 751/751 684/684
f 716/716 717/717 752/752
f 716/716 752/752 750/750
f 686/686 685/685 753/753
f 686/686 753/753 754/754
f 753/753 685/685 687/687
f 753/753 687/687 755/755
f 680/680 686/686 756/756
f 680/680 756/756 747/747
f 686/686 754/754 757/757
f 686/686 757/757 756/756
f 684/684 751/751 758/758
f 684/684 758/758 687/687
f 687/687 758/758 759/759
f 687/687 759/759 755/755
f 717/717 721/721 760/760
f 717/717 760/760 752/752
f 761/761 762/762 721/721
f 761/761 721/721 720/720
f 760/760 721/721 762/762
f 760/760 762/762 763/763
f 722/722 764/764 761/761
f 722/722 761/761 720/720
f 54/54 765/765 722/722
f 54/54 722/722 55/55
f 765/765 766/766 764/764
f 765/765 764/764 722/722
f 429/429 54/54 53/53
f 429/429 53/53 430/430
f 735/735 767/767 768/768
f 735/735 768/768 736/736
f 769/769 767/767 735/735
f 769/769 735/735 734/734
f 768/768 770/770 744/744
f 768/768 744/744 736/736
f 734/734 739/739 771/771
f 734/734 771/771 769/769
f 767/767 769/769 772/772
f 767/767 772/772 773/773
f 769/769 771/771 774/774
f 769/769 774/774 772/772
f 773/773 775/775 768/768
f 773/773 768/768 767/767
f 770/770 768/768 775/775
f 770/770 775/775 776/776
f 773/773 772/772 777/777
f 773/773 777/777 778/778
f 775/775 773/773 778/778
f 775/775 778/778 779/779
f 772/772 774/774 780/780
f 772/772 780/780 777/777
f 775/775 779/779 781/781
f 775/775 781/781 776/776
f 778/778 777/777 782/782
f 778/778 782/782 783/783
f 784/784 782/782 777/777
f 784/784 777/777 780/780
f 778/778 783/783 785/785
f 778/778 785/785 779/779
f 779/779 785/785 786/786
f 779/779 786/786 781/781
f 785/785 783/783 58/58
f 785/785 58/58 104/104
f 785/785 104/104 787/787
f 785/785 787/787 786/786
f 782/782 102/102 58/58
f 782/782 58/58 783/783
f 782/782 784/784 788/788
f 782/782 788/788 102/102
f 789/789 790/790 56/56
f 789/789 56/56 103/103
f 791/791 57/57 56/56
f 791/791 56/56 790/790
f 787/787 104/104 105/105
f 787/787 105/105 792/792
f 793/793 753/753 755/755
f 793/793 755/755 794/794
f 793/793 795/795 754/754
f 793/793 754/754 753/753
f 796/796 794/794 755/755
f 796/796 755/755 759/759
f 793/793 794/794 797/797
f 793/793 797/797 798/798
f 794/794 796/796 799/799
f 794/794 799/799 797/797
f 793/793 798/798 800/800
f 793/793 800/800 795/795
f 754/754 795/795 801/801
f 754/754 801/801 757/757
f 795/795 800/800 802/802
f 795/795 802/802 801/801
f 803/803 798/798 797/797
f 803/803 797/797 804/804
f 805/805 800/800 798/798
f 805/805 798/798 803/803
f 797/797 799/799 806/806
f 797/797 806/806 804/804
f 800/800 805/805 807/807
f 800/800 807/807 802/802
f 804/804 808/808 809/809
f 804/804 809/809 803/803
f 805/805 803/803 809/809
f 805/805 809/809 810/810
f 804/804 806/806 811/811
f 804/804 811/811 808/808
f 805/805 810/810 812/812
f 805/805 812/812 807/807
f 808/808 106/106 59/59
f 808/808 59/59 809/809
f 810/810 809/809 59/59
f 810/810 59/59 108/108
f 813/813 106/106 808/808
f 813/813 808/808 811/811
f 812/812 810/810 108/108
f 812/812 108/108 814/814
f 815/815 107/107 106/106
f 815/815 106/106 813/813
f 816/816 817/817 109/109
f 816/816 109/109 61/61
f 816/816 61/61 60/60
f 816/816 60/60 818/818
f 762/762 761/761 819/819
f 762/762 819/819 820/820
f 761/761 764/764 821/821
f 761/761 821/821 819/819
f 763/763 762/762 820/820
f 763/763 820/820 822/822
f 823/823 820/820 819/819
f 823/823 819/819 824/824
f 822/822 820/820 823/823
f 822/822 823/823 825/825
f 819/819 821/821 826/826
f 819/819 826/826 824/824
f 766/766 827/827 821/821
f 766/766 821/821 764/764
f 827/827 828/828 826/826
f 827/827 826/826 821/821
f 823/823 824/824 829/829
f 823/823 829/829 830/830
f 824/824 826/826 831/831
f 824/824 831/831 829/829
f 825/825 823/823 830/830
f 825/825 830/830 832/832
f 826/826 828/828 833/833
f 826/826 833/833 831/831
f 831/831 834/834 835/835
f 831/831 835/835 829/829
f 836/836 834/834 831/831
f 836/836 831/831 833/833
f 830/830 829/829 835/835
f 830/830 835/835 837/837
f 830/830 837/837 838/838
f 830/830 838/838 832/832
f 837/837 835/835 64/64
f 837/837 64/64 111/111
f 838/838 837/837 111/111
f 838/838 111/111 839/839
f 834/834 112/112 64/64
f 834/834 64/64 835/835
f 834/834 836/836 840/840
f 834/834 840/840 112/112
f 841/841 842/842 110/110
f 841/841 110/110 63/63
f 843/843 62/62 113/113
f 843/843 113/113 844/844
f 843/843 841/841 63/63
f 843/843 63/63 62/62
f 374/374 845/845 846/846
f 374/374 846/846 381/381
f 847/847 845/845 374/374
f 847/847 374/374 327/327
f 381/381 846/846 848/848
f 381/381 848/848 382/382
f 845/845 849/849 850/850
f 845/845 850/850 846/846
f 851/851 848/848 846/846
f 851/851 846/846 850/850
f 845/845 847/847 852/852
f 845/845 852/852 849/849
f 327/327 326/326 853/853
f 327/327 853/853 847/847
f 847/847 853/853 854/854
f 847/847 854/854 852/852
f 849/849 852/852 855/855
f 849/849 855/855 856/856
f 857/857 855/855 852/852
f 857/857 852/852 854/854
f 850/850 849/849 856/856
f 850/850 856/856 858/858
f 850/850 858/858 859/859
f 850/850 859/859 851/851
f 855/855 121/121 860/860
f 855/855 860/860 856/856
f 856/856 860/860 114/114
f 856/856 114/114 858/858
f 855/855 857/857 118/118
f 855/855 118/118 121/121
f 859/859 858/858 114/114
f 859/859 114/114 117/117
f 861/861 115/115 114/114
f 861/861 114/114 860/860
f 861/861 860/860 121/121
f 861/861 121/121 120/120
f 326/326 325/325 862/862
f 326/326 862/862 853/853
f 331/331 330/330 863/863
f 331/331 863/863 864/864
f 853/853 862/862 865/865
f 853/853 865/865 854/854
f 863/863 866/866 867/867
f 863/863 867/867 864/864
f 854/854 865/865 868/868
f 854/854 868/868 857/857
f 867/867 866/866 869/869
f 867/867 869/869 870/870
f 871/871 118/118 857/857
f 871/871 857/857 868/868
f 125/125 872/872 870/870
f 125/125 870/870 869/869
f 873/873 119/119 118/118
f 873/873 118/118 871/871
f 872/872 125/125 124/124
f 872/872 124/124 874/874
f 848/848 875/875 383/383
f 848/848 383/383 382/382
f 389/389 876/876 877/877
f 389/389 877/877 386/386
f 875/875 848/848 851/851
f 875/875 851/851 878/878
f 876/876 879/879 880/880
f 876/876 880/880 877/877
f 859/859 881/881 878/878
f 859/859 878/878 851/851
f 882/882 880/880 879/879
f 882/882 879/879 883/883
f 881/881 859/859 117/117
f 881/881 117/117 884/884
f 883/883 885/885 126/126
f 883/883 126/126 882/882
f 886/886 887/887 116/116
f 886/886 116/116 115/115
f 888/888 889/889 128/128
f 888/888 128/128 127/127
f 890/890 861/861 120/120
f 890/890 120/120 891/891
f 886/886 115/115 861/861
f 886/886 861/861 890/890
f 892/892 893/893 128/128
f 892/892 128/128 889/889
f 894/894 123/123 893/893
f 894/894 893/893 892/892
f 895/895 334/334 388/388
f 895/895 388/388 896/896
f 388/388 387/387 897/897
f 388/388 897/897 896/896
f 330/330 334/334 895/895
f 330/330 895/895 863/863
f 866/866 863/863 895/895
f 866/866 895/895 898/898
f 896/896 899/899 898/898
f 896/896 898/898 895/895
f 897/897 900/900 899/899
f 897/897 899/899 896/896
f 899/899 901/901 902/902
f 899/899 902/902 898/898
f 901/901 899/899 900/900
f 901/901 900/900 903/903
f 898/898 902/902 869/869
f 898/898 869/869 866/866
f 869/869 902/902 122/122
f 869/869 122/122 125/125
f 901/901 904/904 122/122
f 901/901 122/122 902/902
f 904/904 901/901 903/903
f 904/904 903/903 129/129
f 386/386 877/877 897/897
f 386/386 897/897 387/387
f 877/877 880/880 900/900
f 877/877 900/900 897/897
f 903/903 900/900 880/880
f 903/903 880/880 882/882
f 893/893 123/123 122/122
f 893/893 122/122 904/904
f 905/905 479/479 477/477
f 905/905 477/477 624/624
f 906/906 474/474 479/479
f 906/906 479/479 905/905
f 474/474 906/906 431/431
f 474/474 431/431 426/426
f 68/68 623/623 454/454
f 68/68 454/454 455/455
f 624/624 623/623 68/68
f 624/624 68/68 67/67
f 905/905 624/624 67/67
f 905/905 67/67 66/66
f 907/907 906/906 905/905
f 907/907 905/905 66/66
f 906/906 907/907 433/433
f 906/906 433/433 431/431
f 455/455 510/510 908/908
f 455/455 908/908 68/68
f 66/66 909/909 910/910
f 66/66 910/910 907/907
f 66/66 65/65 911/911
f 66/66 911/911 912/912
f 66/66 912/912 913/913
f 66/66 913/913 909/909
f 914/914 915/915 916/916
f 914/914 916/916 917/917
f 917/917 918/918 919/919
f 917/917 919/919 914/914
f 433/433 916/916 915/915
f 433/433 915/915 434/434
f 920/920 921/921 917/917
f 920/920 917/917 916/916
f 907/907 920/920 916/916
f 907/907 916/916 433/433
f 917/917 921/921 922/922
f 917/917 922/922 918/918
f 923/923 924/924 921/921
f 923/923 921/921 920/920
f 907/907 910/910 923/923
f 907/907 923/923 920/920
f 922/922 921/921 924/924
f 922/922 924/924 925/925
f 923/923 926/926 927/927
f 923/923 927/927 924/924
f 924/924 927/927 928/928
f 924/924 928/928 925/925
f 910/910 929/929 926/926
f 910/910 926/926 923/923
f 911/911 930/930 931/931
f 911/911 931/931 912/912
f 65/65 932/932 933/933
f 65/65 933/933 911/911
f 911/911 933/933 934/934
f 911/911 934/934 930/930
f 67/67 69/69 935/935
f 67/67 935/935 65/65
f 65/65 935/935 936/936
f 65/65 936/936 932/932
f 69/69 937/937 938/938
f 69/69 938/938 935/935
f 939/939 936/936 935/935
f 939/939 935/935 938/938
f 69/69 68/68 908/908
f 69/69 908/908 940/940
f 940/940 941/941 937/937
f 940/940 937/937 69/69
f 908/908 510/510 515/515
f 908/908 515/515 942/942
f 941/941 943/943 944/944
f 941/941 944/944 937/937
f 941/941 945/945 946/946
f 941/941 946/946 943/943
f 943/943 947/947 948/948
f 943/943 948/948 944/944
f 943/943 946/946 949/949
f 943/943 949/949 947/947
f 937/937 944/944 950/950
f 937/937 950/950 938/938
f 944/944 948/948 951/951
f 944/944 951/951 950/950
f 938/938 950/950 952/952
f 938/938 952/952 939/939
f 950/950 951/951 953/953
f 950/950 953/953 952/952
f 930/930 954/954 955/955
f 930/930 955/955 931/931
f 930/930 934/934 956/956
f 930/930 956/956 954/954
f 913/913 912/912 931/931
f 913/913 931/931 957/957
f 955/955 958/958 957/957
f 955/955 957/957 931/931
f 959/959 960/960 957/957
f 959/959 957/957 958/958
f 913/913 957/957 960/960
f 913/913 960/960 961/961
f 947/947 962/962 963/963
f 947/947 963/963 948/948
f 947/947 949/949 964/964
f 947/947 964/964 962/962
f 965/965 951/951 948/948
f 965/965 948/948 963/963
f 951/951 965/965 966/966
f 951/951 966/966 953/953
f 967/967 968/968 955/955
f 967/967 955/955 954/954
f 956/956 969/969 967/967
f 956/956 967/967 954/954
f 958/958 955/955 968/968
f 958/958 968/968 970/970
f 970/970 971/971 959/959
f 970/970 959/959 958/958
f 925/925 972/972 973/973
f 925/925 973/973 922/922
f 925/925 928/928 974/974
f 925/925 974/974 972/972
f 973/973 975/975 918/918
f 973/973 918/918 922/922
f 919/919 918/918 975/975
f 919/919 975/975 976/976
f 977/977 963/963 962/962
f 977/977 962/962 978/978
f 962/962 964/964 979/979
f 962/962 979/979 978/978
f 963/963 977/977 980/980
f 963/963 980/980 965/965
f 965/965 980/980 981/981
f 965/965 981/981 966/966
f 978/978 982/982 983/983
f 978/978 983/983 977/977
f 977/977 983/983 984/984
f 977/977 984/984 980/980
f 982/982 978/978 979/979
f 982/982 979/979 985/985
f 981/981 980/980 984/984
f 981/981 984/984 986/986
f 982/982 987/987 988/988
f 982/982 988/988 983/983
f 989/989 984/984 983/983
f 989/989 983/983 988/988
f 986/986 984/984 989/989
f 986/986 989/989 990/990
f 989/989 988/988 71/71
f 989/989 71/71 133/133
f 990/990 989/989 133/133
f 990/990 133/133 991/991
f 987/987 130/130 71/71
f 987/987 71/71 988/988
f 985/985 992/992 987/987
f 985/985 987/987 982/982
f 992/992 993/993 130/130
f 992/992 130/130 987/987
f 993/993 994/994 131/131
f 993/993 131/131 130/130
f 995/995 996/996 132/132
f 995/995 132/132 70/70
f 968/968 967/967 997/997
f 968/968 997/997 998/998
f 970/970 968/968 998/998
f 970/970 998/998 999/999
f 969/969 1000/1000 997/997
f 969/969 997/997 967/967
f 1001/1001 1002/1002 998/998
f 1001/1001 998/998 997/997
f 997/997 1000/1000 1003/1003
f 997/997 1003/1003 1001/1001
f 999/999 998/998 1002/1002
f 999/999 1002/1002 1004/1004
f 971/971 970/970 999/999
f 971/971 999/999 1005/1005
f 1005/1005 999/999 1004/1004
f 1005/1005 1004/1004 1006/1006
f 1007/1007 1004/1004 1002/1002
f 1007/1007 1002/1002 1008/1008
f 1002/1002 1001/1001 1009/1009
f 1002/1002 1009/1009 1008/1008
f 1007/1007 1010/1010 1006/1006
f 1007/1007 1006/1006 1004/1004
f 1003/1003 1011/1011 1009/1009
f 1003/1003 1009/1009 1001/1001
f 1012/1012 1008/1008 1009/1009
f 1012/1012 1009/1009 1013/1013
f 1009/1009 1011/1011 1014/1014
f 1009/1009 1014/1014 1013/1013
f 1008/1008 1012/1012 1015/1015
f 1008/1008 1015/1015 1007/1007
f 1010/1010 1007/1007 1015/1015
f 1010/1010 1015/1015 1016/1016
f 1015/1015 1012/1012 73/73
f 1015/1015 73/73 136/136
f 1013/1013 134/134 73/73
f 1013/1013 73/73 1012/1012
f 1016/1016 1015/1015 136/136
f 1016/1016 136/136 1017/1017
f 134/134 1013/1013 1014/1014
f 134/134 1014/1014 1018/1018
f 1019/1019 1020/1020 74/74
f 1019/1019 74/74 135/135
f 1017/1017 136/136 137/137
f 1017/1017 137/137 1021/1021
f 1022/1022 1023/1023 973/973
f 1022/1022 973/973 972/972
f 975/975 973/973 1023/1023
f 975/975 1023/1023 1024/1024
f 1025/1025 1022/1022 972/972
f 1025/1025 972/972 974/974
f 1026/1026 976/976 975/975
f 1026/1026 975/975 1024/1024
f 1024/1024 1023/1023 1027/1027
f 1024/1024 1027/1027 1028/1028
f 1029/1029 1027/1027 1023/1023
f 1029/1029 1023/1023 1022/1022
f 1028/1028 1030/1030 1026/1026
f 1028/1028 1026/1026 1024/1024
f 1022/1022 1025/1025 1031/1031
f 1022/1022 1031/1031 1029/1029
f 1029/1029 1032/1032 1033/1033
f 1029/1029 1033/1033 1027/1027
f 1029/1029 1031/1031 1034/1034
f 1029/1029 1034/1034 1032/1032
f 1028/1028 1027/1027 1033/1033
f 1028/1028 1033/1033 1035/1035
f 1030/1030 1028/1028 1035/1035
f 1030/1030 1035/1035 1036/1036
f 1032/1032 140/140 76/76
f 1032/1032 76/76 1033/1033
f 1037/1037 140/140 1032/1032
f 1037/1037 1032/1032 1034/1034
f 1035/1035 1033/1033 76/76
f 1035/1035 76/76 139/139
f 1036/1036 1035/1035 139/139
f 1036/1036 139/139 1038/1038
f 1039/1039 138/138 78/78
f 1039/1039 78/78 1040/1040
f 1041/1041 77/77 141/141
f 1041/1041 141/141 1042/1042
f 1043/1043 929/929 910/910
f 1043/1043 910/910 909/909
f 1044/1044 1045/1045 1046/1046
f 1044/1044 1046/1046 1047/1047
f 1044/1044 1047/1047 1048/1048
f 1044/1044 1048/1048 1049/1049
f 1045/1045 1050/1050 1051/1051
f 1045/1045 1051/1051 1046/1046
f 1052/1052 1053/1053 1051/1051
f 1052/1052 1051/1051 1050/1050
f 1054/1054 1055/1055 1056/1056
f 1054/1054 1056/1056 1057/1057
f 1049/1049 1048/1048 1055/1055
f 1049/1049 1055/1055 1054/1054
f 1058/1058 1059/1059 1060/1060
f 1058/1058 1060/1060 1061/1061
f 1062/1062 1058/1058 1061/1061
f 1062/1062 1061/1061 1063/1063
f 1059/1059 1064/1064 1065/1065
f 1059/1059 1065/1065 1060/1060
f 1064/1064 1066/1066 1067/1067
f 1064/1064 1067/1067 1065/1065
f 1068/1068 1069/1069 1067/1067
f 1068/1068 1067/1067 1066/1066
f 1070/1070 1071/1071 1069/1069
f 1070/1070 1069/1069 1068/1068
f 1072/1072 1073/1073 1071/1071
f 1072/1072 1071/1071 1070/1070
f 1074/1074 1062/1062 1063/1063
f 1074/1074 1063/1063 1073/1073
f 1063/1063 1061/1061 1060/1060
f 1063/1063 1060/1060 1065/1065
f 1065/1065 1067/1067 1069/1069
f 1065/1065 1069/1069 1071/1071
f 1075/1075 1076/1076 1077/1077
f 1075/1075 1077/1077 1078/1078
f 1076/1076 1079/1079 1080/1080
f 1076/1076 1080/1080 1077/1077
f 1081/1081 1075/1075 1078/1078
f 1081/1081 1078/1078 1082/1082
f 1083/1083 1081/1081 1082/1082
f 1083/1083 1082/1082 1084/1084
f 1085/1085 1083/1083 1084/1084
f 1085/1085 1084/1084 1086/1086
f 1085/1085 1086/1086 1087/1087
f 1085/1085 1087/1087 1088/1088
f 1089/1089 1090/1090 1091/1091
f 1089/1089 1091/1091 1092/1092
f 1079/1079 1092/1092 1091/1091
f 1079/1079 1091/1091 1080/1080
f 1093/1093 1094/1094 1095/1095
f 1093/1093 1095/1095 1096/1096
f 1097/1097 1098/1098 1094/1094
f 1097/1097 1094/1094 1093/1093
f 1099/1099 1096/1096 1095/1095
f 1099/1099 1095/1095 1100/1100
f 1101/1101 1099/1099 1100/1100
f 1101/1101 1100/1100 1102/1102
f 1103/1103 1101/1101 1102/1102
f 1103/1103 1102/1102 1104/1104
f 1105/1105 1103/1103 1104/1104
f 1105/1105 1104/1104 1106/1106
f 1107/1107 1105/1105 1106/1106
f 1107/1107 1106/1106 1108/1108
f 1109/1109 1108/1108 1098/1098
f 1109/1109 1098/1098 1097/1097
f 1098/1098 1108/1108 1106/1106
f 1098/1098 1106/1106 1110/1110
f 1098/1098 1110/1110 1095/1095
f 1098/1098 1095/1095 1094/1094
f 1102/1102 1100/1100 1095/1095
f 1102/1102 1095/1095 1110/1110
f 1111/1111 1112/1112 1113/1113
f 1111/1111 1113/1113 1114/1114
f 1112/1112 1115/1115 1116/1116
f 1112/1112 1116/1116 1113/1113
f 1111/1111 1114/1114 1117/1117
f 1111/1111 1117/1117 1118/1118
f 1119/1119 1118/1118 1117/1117
f 1119/1119 1117/1117 1120/1120
f 1121/1121 1119/1119 1120/1120
f 1121/1121 1120/1120 1122/1122
f 1123/1123 1121/1121 1122/1122
f 1123/1123 1122/1122 1124/1124
f 1125/1125 1126/1126 1127/1127
f 1125/1125 1127/1127 1128/1128
f 1128/1128 1127/1127 1116/1116
f 1128/1128 1116/1116 1115/1115
f 1129/1129 1130/1130 1131/1131
f 1129/1129 1131/1131 1132/1132
f 1133/1133 83/83 1130/1130
f 1133/1133 1130/1130 1129/1129
f 1132/1132 1131/1131 1134/1134
f 1132/1132 1134/1134 1135/1135
f 1136/1136 1135/1135 1134/1134
f 1136/1136 1134/1134 80/80
f 1136/1136 80/80 79/79
f 1136/1136 79/79 1137/1137
f 1138/1138 1137/1137 79/79
f 1138/1138 79/79 82/82
f 1139/1139 1138/1138 82/82
f 1139/1139 82/82 84/84
f 1140/1140 1139/1139 84/84
f 1140/1140 84/84 83/83
f 1131/1131 1130/1130 83/83
f 1131/1131 83/83 81/81
f 89/89 88/88 177/177
f 89/89 177/177 176/176
f 1141/1141 315/315 314/314
f 1141/1141 314/314 1142/1142
f 13/13 292/292 316/316
f 13/13 316/316 19/19
f 341/341 291/291 290/290
f 341/341 290/290 302/302
f 559/559 1143/1143 39/39
f 559/559 39/39 38/38
f 614/614 620/620 618/618
f 614/614 618/618 616/616
f 620/620 607/607 606/606
f 620/620 606/606 609/609
f 51/51 464/464 672/672
f 51/51 672/672 52/52
f 456/456 427/427 430/430
f 456/456 430/430 726/726
f 471/471 693/693 462/462
f 471/471 462/462 461/461
f 882/882 126/126 129/129
f 882/882 129/129 903/903
f 893/893 904/904 129/129
f 893/893 129/129 128/128
f 909/909 913/913 961/961
f 909/909 961/961 1043/1043
f 1144/1144 995/995 70/70
f 1144/1144 70/70 72/72
f 1145/1145 75/75 74/74
f 1145/1145 74/74 1020/1020
f 1040/1040 78/78 77/77
f 1040/1040 77/77 1041/1041
f 1065/1065 1071/1071 1073/1073
f 1065/1065 1073/1073 1063/1063
f 1102/1102 1110/1110 1106/1106
f 1102/1102 1106/1106 1104/1104
f 1131/1131 81/81 80/80
f 1131/1131 80/80 1134/1134
f 79/79 81/81 83/83
f 79/79 83/83 82/82
f 51/51 50/50 470/470
f 51/51 470/470 468/468
f 908/908 942/942 1146/1146
f 908/908 1146/1146 940/940
f 940/940 1146/1146 945/945
f 940/940 945/945 941/941
f 1057/1057 1056/1056 1147/1147
f 1057/1057 1147/1147 1148/1148
f 1149/1149 1150/1150 1053/1053
f 1149/1149 1053/1053 1052/1052
f 226/226 251/251 247/247
f 226/226 247/247 225/225
f 224/224 225/225 247/247
f 224/224 247/247 245/245
f 223/223 224/224 245/245
f 223/223 245/245 243/243
f 222/222 223/223 243/243
f 222/222 243/243 231/231
f 221/221 222/222 231/231
f 221/221 231/231 227/227
f 220/220 221/221 227/227
f 220/220 227/227 230/230
f 219/219 220/220 230/230
f 219/219 230/230 233/233
f 218/218 219/219 233/233
f 218/218 233/233 278/278
f 215/215 218/218 278/278
f 215/215 278/278 274/274
f 213/213 215/215 274/274
f 213/213 274/274 269/269
f 269/269 268/268 214/214
f 269/269 214/214 213/213
f 216/216 86/86 85/85
f 216/216 85/85 257/257
f 217/217 216/216 257/257
f 217/217 257/257 255/255
f 226/226 217/217 255/255
f 226/226 255/255 251/251
f 465/465 28/28 25/25
f 465/465 25/25 463/463
f 460/460 463/463 25/25
f 460/460 25/25 27/27
f 27/27 412/412 458/458
f 27/27 458/458 460/460
f 412/412 354/354 421/421
f 412/412 421/421 458/458
f 354/354 353/353 418/418
f 354/354 418/418 421/421
f 419/419 418/418 353/353
f 419/419 353/353 352/352
f 425/425 424/424 360/360
f 425/425 360/360 359/359
f 473/473 425/425 359/359
f 473/473 359/359 370/370
f 371/371 480/480 473/473
f 371/371 473/473 370/370
f 372/372 478/478 480/480
f 372/372 480/480 371/371
f 393/393 476/476 478/478
f 393/393 478/478 372/372
f 453/453 476/476 393/393
f 453/453 393/393 395/395
f 439/439 453/453 395/395
f 439/439 395/395 401/401
f 401/401 416/416 435/435
f 401/401 435/435 439/439
f 416/416 415/415 436/436
f 416/416 436/436 435/435
f 442/442 436/436 415/415
f 442/442 415/415 414/414
f 414/414 29/29 469/469
f 414/414 469/469 442/442
f 467/467 469/469 29/29
f 467/467 29/29 31/31
f 31/31 413/413 466/466
f 31/31 466/466 467/467
f 28/28 465/465 466/466
f 28/28 466/466 413/413
f 788/788 789/789 103/103
f 788/788 103/103 102/102
f 132/132 996/996 991/991
f 132/132 991/991 133/133
f 792/792 105/105 57/57
f 792/792 57/57 791/791
f 131/131 994/994 1144/1144
f 131/131 1144/1144 72/72
f 560/560 99/99 98/98
f 560/560 98/98 555/555
f 552/552 95/95 94/94
f 552/552 94/94 556/556
f 1143/1143 561/561 101/101
f 1143/1143 101/101 39/39
f 97/97 558/558 562/562
f 97/97 562/562 35/35
f 1018/1018 1019/1019 135/135
f 1018/1018 135/135 134/134
f 109/109 817/817 814/814
f 109/109 814/814 108/108
f 1021/1021 137/137 75/75
f 1021/1021 75/75 1145/1145
f 818/818 60/60 107/107
f 818/818 107/107 815/815
f 1042/1042 141/141 140/140
f 1042/1042 140/140 1037/1037
f 110/110 842/842 839/839
f 110/110 839/839 111/111
f 844/844 113/113 112/112
f 844/844 112/112 840/840
f 1038/1038 139/139 138/138
f 1038/1038 138/138 1039/1039
f 885/885 888/888 127/127
f 885/885 127/127 126/126
f 116/116 887/887 884/884
f 116/116 884/884 117/117
f 874/874 124/124 123/123
f 874/874 123/123 894/894
f 891/891 120/120 119/119
f 891/891 119/119 873/873
f 241/241 91/91 90/90
f 241/241 90/90 309/309
f 309/309 308/308 238/238
f 309/309 238/238 241/241
f 311/311 235/235 238/238
f 311/311 238/238 308/308
f 239/239 235/235 311/311
f 239/239 311/311 313/313
f 280/280 239/239 313/313
f 280/280 313/313 315/315
f 282/282 280/280 315/315
f 282/282 315/315 1141/1141
f 272/272 277/277 11/11
f 272/272 11/11 22/22
f 22/22 316/316 267/267
f 22/22 267/267 272/272
f 292/292 264/264 267/267
f 292/292 267/267 316/316
f 262/262 264/264 292/292
f 262/262 292/292 287/287
f 286/286 259/259 262/262
f 286/286 262/262 287/287
f 250/250 254/254 8/8
f 250/250 8/8 7/7
f 93/93 250/250 7/7
f 93/93 7/7 92/92
f 172/172 142/142 1151/1151
f 173/173 172/172 1151/1151
f 175/175 173/173 1151/1151
f 1/1 175/175 1151/1151
f 171/171 1/1 1151/1151
f 3/3 171/171 1151/1151
f 169/169 3/3 1151/1151
f 168/168 169/169 1151/1151
f 166/166 168/168 1151/1151
f 164/164 166/166 1151/1151
f 165/165 164/164 1151/1151
f 161/161 165/165 1151/1151
f 162/162 161/161 1151/1151
f 158/158 162/162 1151/1151
f 159/159 158/158 1151/1151
f 155/155 159/159 1151/1151
f 156/156 155/155 1151/1151
f 153/153 156/156 1151/1151
f 151/151 153/153 1151/1151
f 149/149 151/151 1151/1151
f 150/150 149/149 1151/1151
f 147/147 150/150 1151/1151
f 145/145 147/147 1151/1151
f 190/190 145/145 1151/1151
f 193/193 190/190 1151/1151
f 194/194 193/193 1151/1151
f 197/197 194/194 1151/1151
f 195/195 197/197 1151/1151
f 198/198 195/195 1151/1151
f 182/182 198/198 1151/1151
f 144/144 182/182 1151/1151
f 142/142 144/144 1151/1151
