# Blender 5.1.2
# www.blender.org
mtllib glove_right.mtl
o Object_10
v 0.006000 0.058488 0.045774
v 0.016536 0.058300 0.038177
v 0.024528 0.057472 -0.000947
v 0.021336 0.057049 -0.007242
v 0.028863 0.075586 -0.003347
v 0.017574 0.045333 -0.012437
v 0.020035 0.046240 -0.014306
v 0.019105 0.034156 -0.014091
v -0.022622 -0.018322 0.049100
v -0.016430 -0.005577 0.047710
v -0.033616 -0.007088 0.038302
v 0.007283 -0.014477 0.046395
v 0.008122 -0.016251 0.048031
v 0.016663 -0.014565 0.038380
v -0.006383 -0.030268 -0.036192
v -0.008418 -0.026707 -0.033781
v -0.004906 -0.021917 -0.034234
v 0.021844 -0.027336 0.013248
v 0.023211 -0.044097 0.023499
v 0.018522 -0.044720 0.001143
v -0.030804 -0.037989 0.045914
v -0.032803 -0.046937 0.046999
v -0.023715 -0.043703 0.056917
v 0.020733 -0.028718 -0.009433
v 0.019587 -0.044456 -0.015779
v 0.013462 -0.029581 -0.028372
v 0.006878 -0.030290 -0.032525
v 0.010596 -0.019993 -0.026194
v -0.017182 -0.030726 -0.032588
v -0.039206 -0.080369 0.032071
v -0.037737 -0.080376 0.036858
v -0.040677 -0.063866 0.031017
v -0.041263 -0.080370 0.027829
v -0.040613 -0.079328 -0.013102
v -0.041677 -0.079712 -0.008155
v -0.042919 -0.064935 -0.011400
v -0.038053 -0.099745 -0.014977
v -0.033866 -0.107999 -0.022574
v -0.036308 -0.111619 -0.010366
v 0.003893 -0.169408 -0.046272
v 0.004777 -0.166227 -0.044224
v 0.003756 -0.170425 -0.043093
v -0.005745 -0.173553 -0.044358
v -0.009267 -0.171809 -0.046003
v -0.005856 -0.172707 -0.047743
v -0.031827 -0.114856 -0.022491
v -0.028897 -0.122854 -0.020633
v -0.033331 -0.118248 -0.013942
v -0.033048 -0.122091 0.004374
v -0.028923 -0.127364 0.007337
v -0.032635 -0.123713 0.014737
v -0.024910 -0.127751 0.038843
v -0.026348 -0.122295 0.044661
v -0.029999 -0.123825 0.033270
v -0.035703 -0.115447 0.003589
v -0.035315 -0.116490 0.017049
v -0.038978 -0.103705 0.011198
v -0.013037 -0.124335 0.062458
v -0.012632 -0.129012 0.063852
v -0.004590 -0.124106 0.062874
v -0.005494 -0.197115 -0.013853
v -0.009216 -0.192780 -0.015440
v -0.005512 -0.196530 -0.018370
v -0.004074 -0.201080 0.025225
v -0.000351 -0.205033 0.022387
v 0.000715 -0.204767 0.026813
v 0.008556 -0.192613 0.061928
v 0.004912 -0.189759 0.060764
v 0.007251 -0.193461 0.058595
v -0.003329 -0.126908 0.006199
v 0.000611 -0.115558 0.002216
v 0.002547 -0.116568 0.021272
v -0.002629 -0.125736 -0.007183
v -0.001119 -0.113942 -0.017431
v 0.005820 -0.194494 -0.014412
v 0.005308 -0.193633 -0.018824
v 0.006560 -0.187402 -0.016000
v 0.012273 -0.197133 0.020546
v 0.011779 -0.202903 0.023484
v 0.010596 -0.203344 0.019371
v 0.019552 -0.185536 0.053136
v 0.019387 -0.190539 0.056183
v 0.017776 -0.191431 0.052507
v -0.021515 -0.120182 0.052857
v -0.021794 -0.120121 0.052360
v -0.021770 -0.120761 0.052500
v -0.021501 -0.119707 0.052501
v -0.021575 -0.119790 0.052273
v -0.021700 -0.119334 0.052210
v 0.020721 -0.007017 -0.010991
v 0.020798 -0.004851 -0.011492
v 0.024297 -0.005253 -0.011633
v 0.020858 -0.003171 -0.011880
v 0.025553 -0.002128 -0.011914
v -0.032305 -0.020354 0.040600
v -0.033445 -0.010316 0.039085
v -0.007839 -0.015816 0.051539
v -0.014350 -0.008052 0.048937
v 0.002912 -0.168317 -0.038310
v 0.003431 -0.169897 -0.040455
v 0.003853 -0.167507 -0.048588
v 0.003550 -0.165388 -0.049415
v -0.006649 -0.173261 -0.042192
v -0.007949 -0.172194 -0.040426
v -0.007543 -0.169379 -0.051042
v -0.006551 -0.171170 -0.050176
v -0.005874 -0.195447 -0.010074
v -0.007020 -0.193155 -0.008056
v -0.007529 -0.191406 -0.022225
v -0.006405 -0.193993 -0.021404
v 0.000616 -0.202388 0.030707
v -0.000430 -0.199087 0.032303
v -0.002993 -0.201217 0.016650
v -0.001602 -0.203741 0.019010
v 0.004364 -0.190703 0.052653
v 0.005713 -0.192319 0.055332
v 0.008840 -0.190155 0.064970
v 0.007994 -0.187267 0.066251
v 0.038524 -0.096974 0.095027
v 0.037920 -0.100647 0.091432
v 0.040180 -0.101638 0.093395
v 0.042544 -0.101385 0.095304
v 0.052636 -0.088482 0.094363
v 0.047804 -0.088910 0.096684
v 0.051501 -0.093085 0.097024
v 0.052535 -0.090790 0.095892
v 0.053670 -0.095984 0.087219
v 0.055438 -0.093624 0.088611
v 0.055599 -0.095636 0.090066
v 0.055033 -0.097704 0.091088
v 0.041073 -0.104234 0.086264
v 0.044978 -0.103191 0.085386
v 0.046499 -0.105517 0.090175
v 0.043597 -0.105506 0.088478
v 0.004696 -0.190423 -0.021705
v 0.004347 -0.187046 -0.022379
v 0.005269 -0.189225 -0.008346
v 0.005760 -0.192399 -0.010209
v 0.009459 -0.201498 0.015770
v 0.008348 -0.198055 0.013192
v 0.012687 -0.197181 0.027439
v 0.012636 -0.200424 0.026453
v 0.020370 -0.184227 0.060234
v 0.020449 -0.187679 0.059223
v 0.015965 -0.190042 0.049051
v 0.014786 -0.187248 0.047377
v -0.019290 0.058413 0.050593
v 0.025164 0.057538 0.021986
v -0.025688 0.051410 -0.049573
v 0.015898 0.055240 -0.029781
v 0.024528 0.057472 -0.000947
v 0.022591 0.051252 0.021222
v 0.022759 0.050606 -0.000464
v 0.019762 0.050275 -0.008390
v 0.022759 0.050606 -0.000464
v 0.024978 0.046330 -0.001128
v 0.021362 0.047932 -0.000252
v 0.020882 0.048793 0.020575
v 0.024044 0.046263 0.020462
v 0.024884 0.045324 -0.013419
v 0.018493 0.047643 -0.008678
v 0.015221 0.051503 0.033601
v 0.014130 0.048840 0.031252
v 0.017166 0.045056 0.032972
v 0.002314 0.048981 0.039010
v 0.006159 0.046315 0.043123
v 0.003620 0.051659 0.041411
v -0.019613 0.051986 0.046235
v -0.019715 0.049460 0.043752
v -0.019330 0.046803 0.049549
v -0.042413 0.050185 0.041110
v -0.040417 0.047674 0.038905
v -0.041432 0.044724 0.040461
v -0.053160 0.048540 0.024792
v -0.049006 0.046035 0.022831
v -0.049936 0.041788 0.024345
v -0.059264 0.046725 0.004500
v -0.056112 0.043982 0.004076
v -0.056573 0.040905 0.004761
v -0.051225 0.043257 -0.016852
v -0.053123 0.039245 -0.015708
v -0.042484 0.045687 -0.035551
v -0.041041 0.043367 -0.031642
v -0.041937 0.039188 -0.031898
v -0.024368 0.046023 -0.042704
v -0.023747 0.044005 -0.039269
v -0.024299 0.039461 -0.041980
v -0.003261 0.046541 -0.043948
v -0.004031 0.044444 -0.040914
v -0.003422 0.041191 -0.041839
v 0.013248 0.048489 -0.026368
v 0.011562 0.046027 -0.024478
v 0.012211 0.043247 -0.026236
v 0.018493 0.047643 -0.008678
v 0.017574 0.045333 -0.012437
v 0.025570 0.035809 0.021239
v 0.025441 0.034462 0.000206
v 0.018299 0.036292 0.034548
v 0.007307 0.036800 0.044762
v -0.019142 0.036342 0.052626
v -0.042378 0.034149 0.043358
v -0.050394 0.031999 0.025110
v -0.056450 0.031085 0.005487
v -0.052849 0.030313 -0.014994
v -0.041691 0.030259 -0.031728
v -0.023227 0.030902 -0.042707
v -0.002304 0.031736 -0.042604
v 0.012984 0.033181 -0.027010
v 0.019105 0.034156 -0.014091
v 0.023449 0.034218 -0.013513
v 0.017838 0.015562 -0.013506
v 0.021814 0.016134 -0.013523
v 0.017838 0.015562 -0.013506
v 0.014661 0.014664 -0.027651
v 0.023998 0.016891 0.002654
v 0.024444 0.017433 0.023050
v -0.000820 0.013435 -0.041053
v -0.020908 0.012491 -0.038364
v -0.038639 0.012076 -0.028502
v -0.049257 0.012442 -0.013034
v -0.053195 0.013373 0.006741
v -0.049826 0.014523 0.026207
v -0.040738 0.016459 0.043736
v -0.018424 0.018845 0.052832
v 0.009624 0.018867 0.047876
v 0.019347 0.018534 0.036386
v 0.025909 -0.000393 0.024923
v 0.026400 -0.002655 0.004926
v 0.021272 -0.000001 0.038721
v 0.010860 0.000500 0.050503
v -0.017133 -0.000241 0.055404
v -0.038388 -0.002332 0.043983
v -0.047217 -0.004436 0.025986
v -0.050329 -0.005547 0.007439
v -0.046413 -0.006753 -0.011094
v -0.036815 -0.007467 -0.027704
v -0.018724 -0.007266 -0.037614
v -0.001591 -0.006257 -0.038679
v 0.016287 -0.004621 -0.028092
v 0.020858 -0.003171 -0.011880
v 0.016006 -0.006612 -0.028076
v 0.020798 -0.004851 -0.011492
v -0.001408 -0.008251 -0.038703
v 0.024805 -0.004708 0.005245
v 0.024470 -0.002351 0.025140
v -0.018766 -0.009098 -0.037456
v -0.036530 -0.009322 -0.027551
v -0.045671 -0.008191 -0.010852
v -0.049601 -0.007069 0.007489
v -0.045815 -0.005587 0.025636
v -0.037154 -0.003730 0.042922
v -0.016992 -0.002008 0.053686
v 0.009971 -0.001502 0.049346
v 0.020290 -0.002011 0.037960
v -0.048663 -0.009032 0.007554
v -0.044716 -0.010045 -0.010541
v -0.041463 -0.010537 -0.008408
v -0.044441 -0.009689 0.006787
v -0.044106 -0.006470 0.025043
v -0.042178 -0.007175 0.023946
v -0.035587 -0.011183 -0.026307
v -0.032603 -0.011779 -0.023260
v -0.041274 -0.013863 -0.008658
v -0.044320 -0.013068 0.007026
v -0.044441 -0.009689 0.006787
v -0.041463 -0.010537 -0.008408
v -0.032603 -0.011779 -0.023260
v -0.032424 -0.014737 -0.023432
v -0.041793 -0.010816 0.024392
v -0.042178 -0.007175 0.023946
v -0.035664 -0.005987 0.041830
v -0.033616 -0.007088 0.038302
v -0.016941 -0.004579 0.051526
v -0.016430 -0.005577 0.047710
v 0.008254 -0.003343 0.047395
v 0.005391 -0.005482 0.043388
v 0.005983 -0.007650 0.044382
v 0.005391 -0.005482 0.043388
v 0.018484 -0.004026 0.036741
v 0.014682 -0.006336 0.034145
v 0.014682 -0.006336 0.034145
v 0.015363 -0.008322 0.035375
v 0.017723 -0.006195 0.023823
v 0.022076 -0.004300 0.025180
v 0.019025 -0.008685 0.006125
v 0.022210 -0.006779 0.005419
v 0.015363 -0.008322 0.035375
v 0.018768 -0.008534 0.024292
v 0.017723 -0.006195 0.023823
v 0.014682 -0.006336 0.034145
v 0.019025 -0.008685 0.006125
v 0.019467 -0.010802 0.007011
v 0.014818 -0.008225 -0.010689
v 0.015734 -0.010454 -0.010508
v 0.014818 -0.008225 -0.010689
v 0.020721 -0.007017 -0.010991
v 0.014818 -0.008225 -0.010689
v 0.009805 -0.009407 -0.022831
v 0.014770 -0.008707 -0.026686
v 0.010158 -0.011669 -0.023874
v 0.009805 -0.009407 -0.022831
v -0.003598 -0.011900 -0.033191
v -0.002048 -0.010350 -0.037365
v -0.003856 -0.014365 -0.033738
v -0.003598 -0.011900 -0.033191
v -0.017321 -0.011351 -0.032082
v -0.018243 -0.010928 -0.036207
v -0.017321 -0.011351 -0.032082
v -0.017238 -0.014247 -0.032296
v -0.003598 -0.011900 -0.033191
v -0.003856 -0.014365 -0.033738
v -0.004406 -0.020761 0.055209
v 0.019773 -0.020012 0.042857
v 0.024387 -0.023937 0.028914
v 0.021101 -0.015863 0.025263
v 0.016663 -0.014565 0.038380
v 0.008122 -0.016251 0.048031
v 0.011035 -0.020037 0.051150
v 0.019773 -0.020012 0.042857
v 0.019910 -0.017378 0.009777
v 0.021668 -0.025952 0.045650
v 0.026403 -0.032713 0.033900
v 0.013176 -0.025075 0.054000
v 0.021668 -0.025952 0.045650
v 0.017251 -0.033467 0.058507
v 0.025201 -0.034747 0.050952
v 0.025201 -0.034747 0.050952
v 0.028507 -0.041453 0.041027
v -0.000651 -0.024057 0.058597
v 0.001559 -0.028610 0.060524
v 0.007351 -0.035782 0.065585
v 0.027187 -0.049980 0.034553
v -0.017830 -0.028539 0.056124
v -0.039269 -0.043552 0.029268
v -0.039745 -0.022119 0.025287
v -0.043017 -0.023491 0.007782
v -0.043311 -0.045818 0.009489
v -0.039849 -0.024098 -0.008961
v -0.040033 -0.043422 -0.010138
v -0.031289 -0.023805 -0.023061
v -0.031017 -0.037159 -0.025965
v -0.016842 -0.023141 -0.031798
v -0.017182 -0.030726 -0.032588
v 0.017752 -0.018710 -0.009419
v 0.028123 -0.043185 0.056939
v 0.030580 -0.049273 0.048710
v 0.022180 -0.041624 0.064739
v 0.028123 -0.043185 0.056939
v 0.027766 -0.050775 0.070324
v 0.033363 -0.052968 0.063634
v 0.013448 -0.043976 0.070593
v 0.020053 -0.051610 0.076083
v 0.032629 -0.058433 0.074929
v 0.038017 -0.060175 0.068869
v 0.025983 -0.059685 0.079718
v 0.033363 -0.052968 0.063634
v 0.034919 -0.057879 0.057115
v 0.038017 -0.060175 0.068869
v 0.038766 -0.064493 0.063799
v 0.032895 -0.063224 0.053661
v 0.029087 -0.056526 0.044430
v 0.037279 -0.069659 0.059789
v -0.013832 -0.032324 0.060540
v -0.007828 -0.037618 0.064243
v -0.001585 -0.043958 0.068812
v -0.012836 -0.051638 0.065429
v -0.005693 -0.055447 0.067749
v -0.017830 -0.028539 0.056124
v -0.004406 -0.020761 0.055209
v -0.030804 -0.037989 0.045914
v -0.011528 -0.065446 0.064385
v -0.005107 -0.066572 0.066607
v -0.024483 -0.064638 0.059108
v 0.004977 -0.050481 0.072935
v 0.001162 -0.059505 0.071100
v 0.000300 -0.068111 0.067873
v -0.003914 -0.079058 0.060874
v -0.000416 -0.076159 0.060365
v 0.004335 -0.074132 0.061011
v -0.012716 -0.081930 0.061722
v -0.004159 -0.084932 0.060291
v -0.023425 -0.080944 0.058831
v -0.003914 -0.079058 0.060874
v 0.005637 -0.083339 0.050997
v 0.008878 -0.079275 0.052206
v -0.000416 -0.076159 0.060365
v -0.004159 -0.084932 0.060291
v 0.004955 -0.086517 0.051229
v 0.011581 -0.075204 0.053895
v 0.004335 -0.074132 0.061011
v 0.018476 -0.065237 0.021271
v 0.022237 -0.063552 0.033323
v 0.024811 -0.065079 0.043009
v 0.013862 -0.064446 0.002575
v 0.012517 -0.079423 0.037334
v 0.016689 -0.075591 0.042027
v 0.019157 -0.073188 0.046296
v 0.009167 -0.084530 0.038005
v 0.011823 -0.079154 0.022031
v 0.009146 -0.077532 0.003033
v 0.011809 -0.057123 0.078091
v 0.019580 -0.064376 0.080872
v 0.007578 -0.064161 0.075150
v 0.006635 -0.070388 0.069908
v 0.009789 -0.074570 0.063462
v 0.015235 -0.075415 0.057288
v 0.009789 -0.074570 0.063462
v -0.034248 -0.064351 0.047702
v 0.014763 -0.070211 0.078769
v 0.013948 -0.075129 0.073537
v 0.016405 -0.077537 0.068090
v 0.028368 -0.069047 0.051805
v 0.021557 -0.073672 0.053589
v 0.025729 -0.077656 0.060078
v 0.020487 -0.078748 0.062950
v 0.032097 -0.074024 0.058564
v 0.016405 -0.077537 0.068090
v 0.013678 -0.044903 -0.030139
v 0.004649 -0.045210 -0.036047
v 0.015166 -0.064277 -0.016657
v 0.009772 -0.076988 -0.016934
v 0.010311 -0.063683 -0.031666
v 0.004911 -0.076158 -0.031876
v 0.000394 -0.063071 -0.038828
v -0.007772 -0.045396 -0.039701
v -0.011015 -0.063272 -0.041387
v -0.021110 -0.046617 -0.036760
v -0.023144 -0.063621 -0.038665
v -0.004043 -0.076073 -0.040019
v -0.033177 -0.048904 -0.027887
v -0.031017 -0.037159 -0.025965
v -0.042292 -0.051356 -0.010748
v -0.040033 -0.043422 -0.010138
v -0.044091 -0.052200 0.010466
v -0.043311 -0.045818 0.009489
v -0.039269 -0.043552 0.029268
v -0.041195 -0.050571 0.029907
v -0.034909 -0.064263 -0.028767
v -0.043077 -0.064201 0.010732
v -0.033325 -0.080452 0.049130
v -0.042262 -0.080086 0.010761
v -0.035224 -0.078257 -0.029262
v -0.024144 -0.077137 -0.039706
v -0.012827 -0.076514 -0.042536
v -0.013613 -0.100357 0.060731
v -0.005465 -0.099323 0.060064
v -0.004940 -0.093291 0.059991
v -0.013462 -0.093528 0.060751
v -0.022948 -0.093672 0.058484
v -0.022385 -0.101415 0.058169
v -0.005465 -0.099323 0.060064
v 0.003542 -0.097644 0.052751
v 0.003976 -0.092834 0.052023
v -0.004940 -0.093291 0.059991
v -0.013148 -0.110011 0.060540
v -0.005396 -0.108620 0.060189
v -0.013027 -0.117267 0.061427
v -0.004823 -0.116155 0.062092
v -0.005396 -0.108620 0.060189
v 0.003161 -0.107871 0.054099
v -0.004823 -0.116155 0.062092
v 0.003339 -0.116183 0.054834
v -0.014471 -0.087148 -0.042939
v -0.015494 -0.093732 -0.043091
v -0.024699 -0.095031 -0.040366
v -0.024636 -0.087977 -0.040261
v -0.008198 -0.086753 -0.041487
v -0.010319 -0.093547 -0.042261
v -0.034614 -0.097533 -0.028869
v -0.035224 -0.090114 -0.029294
v -0.022953 -0.106067 -0.040910
v -0.016718 -0.103987 -0.044100
v -0.027492 -0.109237 -0.037384
v -0.029933 -0.103579 -0.034420
v -0.016797 -0.112301 -0.043959
v -0.022808 -0.114089 -0.042084
v -0.026807 -0.115962 -0.038295
v -0.011014 -0.103431 -0.042044
v -0.009245 -0.111738 -0.041505
v 0.001563 -0.086872 -0.032653
v 0.000121 -0.093796 -0.033171
v -0.002214 -0.104039 -0.032851
v -0.004300 -0.112723 -0.032819
v -0.020341 -0.111157 0.057718
v -0.033659 -0.102067 -0.028340
v -0.031974 -0.093942 0.050527
v -0.030153 -0.102252 0.051191
v -0.035202 -0.094182 0.040950
v -0.033026 -0.102790 0.043025
v -0.038074 -0.094585 0.033340
v -0.036808 -0.103500 0.033881
v -0.038749 -0.103690 0.024197
v -0.040464 -0.094661 0.025196
v -0.040845 -0.094271 0.010969
v -0.040948 -0.093373 -0.004086
v -0.039983 -0.102188 -0.002226
v -0.039180 -0.091623 -0.014361
v -0.037750 -0.109932 -0.003215
v -0.028401 -0.114551 0.045890
v -0.027346 -0.109503 0.051151
v 0.008197 -0.096431 0.039318
v 0.007895 -0.091331 0.038799
v 0.006280 -0.087581 -0.017118
v 0.004637 -0.094335 -0.017277
v 0.006650 -0.088187 0.003014
v 0.005895 -0.094932 0.002780
v 0.009439 -0.089507 0.022278
v 0.009010 -0.095858 0.022255
v -0.023669 -0.120300 -0.043164
v -0.022912 -0.127971 -0.044440
v -0.025650 -0.130731 -0.035799
v -0.027895 -0.123654 -0.033933
v -0.025252 -0.132634 -0.026618
v -0.026721 -0.125863 -0.024722
v -0.027379 -0.123602 -0.023350
v -0.028962 -0.120916 -0.025846
v -0.028457 -0.121898 -0.033445
v -0.028087 -0.116802 -0.036685
v -0.030142 -0.119592 -0.027142
v -0.021459 -0.134744 -0.045511
v -0.023813 -0.137143 -0.037404
v -0.022705 -0.139107 -0.028876
v -0.016357 -0.118742 -0.044831
v -0.015538 -0.126057 -0.045849
v -0.014353 -0.132843 -0.047367
v -0.015268 -0.132036 -0.024462
v -0.016322 -0.126220 -0.022151
v -0.016432 -0.124622 -0.021434
v -0.013918 -0.138555 -0.026541
v -0.009150 -0.118004 -0.042024
v -0.008601 -0.125180 -0.043312
v -0.007591 -0.131986 -0.044449
v -0.006383 -0.120368 -0.033402
v -0.005774 -0.126806 -0.034990
v -0.003813 -0.133586 -0.036514
v -0.005011 -0.122335 -0.024038
v -0.006564 -0.129031 -0.025973
v -0.003684 -0.120579 -0.022975
v -0.006134 -0.136386 -0.028064
v -0.016322 -0.126220 -0.022151
v -0.015268 -0.132036 -0.024462
v -0.013918 -0.138555 -0.026541
v -0.016432 -0.124622 -0.021434
v -0.019707 -0.141716 -0.047053
v -0.021466 -0.144279 -0.039069
v -0.020187 -0.146330 -0.030508
v -0.012440 -0.139436 -0.048233
v -0.006135 -0.138490 -0.046099
v -0.002567 -0.139950 -0.037777
v -0.005105 -0.142642 -0.029608
v -0.012439 -0.144748 -0.028748
v -0.012439 -0.144748 -0.028748
v -0.010430 -0.152142 -0.030749
v -0.003195 -0.149940 -0.031845
v -0.016932 -0.154035 -0.032500
v -0.010430 -0.152142 -0.030749
v -0.000801 -0.147556 -0.039706
v -0.008233 -0.159207 -0.032738
v -0.001505 -0.156271 -0.033746
v 0.001150 -0.153694 -0.041066
v -0.014095 -0.160929 -0.034634
v -0.008233 -0.159207 -0.032738
v -0.019421 -0.152733 -0.040991
v -0.015804 -0.159346 -0.042762
v -0.016692 -0.149965 -0.048823
v -0.010256 -0.147323 -0.050483
v -0.004048 -0.146026 -0.048028
v -0.013891 -0.156741 -0.050325
v -0.007562 -0.154203 -0.051439
v -0.000980 -0.152323 -0.049156
v -0.012632 -0.165812 -0.044390
v -0.011068 -0.167286 -0.037066
v -0.010876 -0.163099 -0.051596
v -0.004793 -0.165650 -0.034359
v -0.004793 -0.165650 -0.034359
v 0.001195 -0.162740 -0.035488
v 0.003377 -0.160124 -0.042556
v 0.001740 -0.158794 -0.050108
v -0.004663 -0.160606 -0.053140
v -0.002533 -0.170994 -0.037614
v -0.002056 -0.167287 -0.052406
v -0.002056 -0.167287 -0.052406
v -0.002533 -0.170994 -0.037614
v -0.001210 -0.172626 -0.040348
v -0.000263 -0.173128 -0.043703
v -0.000942 -0.170149 -0.051017
v -0.000263 -0.173128 -0.043703
v -0.001210 -0.172626 -0.040348
v -0.000942 -0.170149 -0.051017
v -0.000247 -0.172376 -0.047601
v -0.028457 -0.121898 -0.033445
v -0.033325 -0.115688 -0.032243
v -0.032713 -0.114129 -0.033980
v -0.028087 -0.116802 -0.036685
v -0.030142 -0.119592 -0.027142
v -0.033706 -0.115599 -0.029088
v -0.029205 -0.110432 -0.036119
v -0.031854 -0.110515 -0.034662
v -0.029205 -0.110432 -0.036119
v -0.032019 -0.114286 -0.024844
v -0.032019 -0.114286 -0.024844
v -0.033615 -0.113344 -0.026462
v -0.031047 -0.105967 -0.033199
v -0.031789 -0.106684 -0.032605
v -0.031047 -0.105967 -0.033199
v -0.033608 -0.108768 -0.024805
v -0.033608 -0.108768 -0.024805
v -0.033433 -0.109188 -0.025624
v -0.033334 -0.104698 -0.028408
v -0.033334 -0.104698 -0.028408
v -0.032903 -0.105364 -0.028638
v -0.033334 -0.104698 -0.028408
v -0.032903 -0.105364 -0.028638
v -0.033706 -0.115599 -0.029088
v -0.033615 -0.113344 -0.026462
v -0.033193 -0.112373 -0.027719
v -0.033027 -0.114256 -0.029644
v -0.033325 -0.115688 -0.032243
v -0.032708 -0.114261 -0.031427
v -0.033433 -0.109188 -0.025624
v -0.033044 -0.109697 -0.027118
v -0.032341 -0.113314 -0.032710
v -0.032713 -0.114129 -0.033980
v -0.031806 -0.110700 -0.033187
v -0.031854 -0.110515 -0.034662
v -0.031789 -0.106684 -0.032605
v -0.031839 -0.107882 -0.031574
v -0.032903 -0.105364 -0.028638
v -0.032474 -0.106988 -0.028847
v -0.032903 -0.105364 -0.028638
v -0.032474 -0.106988 -0.028847
v -0.033044 -0.109697 -0.027118
v -0.029026 -0.112654 -0.029703
v -0.029029 -0.113012 -0.029756
v -0.033193 -0.112373 -0.027719
v -0.028976 -0.113329 -0.030083
v -0.033027 -0.114256 -0.029644
v -0.032474 -0.106988 -0.028847
v -0.028965 -0.112251 -0.029976
v -0.032474 -0.106988 -0.028847
v -0.031839 -0.107882 -0.031574
v -0.028813 -0.112332 -0.030477
v -0.028965 -0.112251 -0.029976
v -0.031806 -0.110700 -0.033187
v -0.028833 -0.112822 -0.030734
v -0.032341 -0.113314 -0.032710
v -0.028874 -0.113168 -0.030613
v -0.032708 -0.114261 -0.031427
v -0.029044 -0.113456 -0.030494
v -0.016524 -0.124142 -0.021101
v 0.001966 -0.104792 -0.017752
v 0.004678 -0.105390 0.002492
v -0.036083 -0.114142 -0.008166
v -0.036784 -0.112878 -0.003787
v -0.035738 -0.116201 0.000197
v -0.036784 -0.112878 -0.003787
v -0.036083 -0.114142 -0.008166
v -0.035974 -0.114863 -0.007561
v -0.036415 -0.113447 -0.003946
v -0.035738 -0.116201 0.000197
v -0.036784 -0.112878 -0.003787
v -0.036415 -0.113447 -0.003946
v -0.035818 -0.116434 -0.000750
v -0.034428 -0.119218 -0.010830
v -0.034428 -0.119218 -0.010830
v -0.035976 -0.118933 -0.008961
v -0.031428 -0.126081 -0.013185
v -0.032880 -0.125505 -0.010325
v -0.032880 -0.125505 -0.010325
v -0.036183 -0.121809 -0.008298
v -0.029585 -0.127112 -0.018082
v -0.030692 -0.133128 -0.007455
v -0.031708 -0.129930 -0.006178
v -0.028975 -0.131552 -0.017593
v -0.031708 -0.129930 -0.006178
v -0.036354 -0.123918 -0.005442
v -0.030797 -0.128636 0.001176
v -0.032074 -0.127162 -0.000910
v -0.032074 -0.127162 -0.000910
v -0.036035 -0.122875 -0.002030
v -0.029557 -0.133942 0.001123
v -0.029991 -0.129728 0.003790
v -0.028842 -0.139047 -0.008554
v -0.027853 -0.139918 -0.000152
v -0.027151 -0.137915 -0.017819
v -0.033794 -0.121507 0.001170
v -0.033794 -0.121507 0.001170
v -0.035691 -0.120152 -0.000362
v -0.033306 -0.124161 0.018433
v -0.034546 -0.119145 0.020289
v -0.029715 -0.131130 0.015772
v -0.030862 -0.131220 0.019453
v -0.033306 -0.124161 0.018433
v -0.034261 -0.123497 0.020079
v -0.034166 -0.119624 0.020877
v -0.034546 -0.119145 0.020289
v -0.030862 -0.131220 0.019453
v -0.034423 -0.126842 0.021638
v -0.028045 -0.131086 0.011093
v -0.034834 -0.117295 0.024336
v -0.035989 -0.113364 0.024466
v -0.034834 -0.117295 0.024336
v -0.034386 -0.117789 0.024149
v -0.027933 -0.136640 0.024048
v -0.028897 -0.134342 0.024034
v -0.028897 -0.134342 0.024034
v -0.034371 -0.127994 0.024736
v -0.026770 -0.136152 0.012355
v -0.027819 -0.130891 0.031850
v -0.029575 -0.130677 0.029329
v -0.024758 -0.135801 0.034073
v -0.025544 -0.130942 0.035796
v -0.024040 -0.143864 0.013782
v -0.025306 -0.144227 0.024441
v -0.022273 -0.143157 0.033112
v -0.029575 -0.130677 0.029329
v -0.033860 -0.126441 0.027623
v -0.031871 -0.124070 0.030100
v -0.031871 -0.124070 0.030100
v -0.033443 -0.122776 0.028914
v -0.033055 -0.116080 0.033171
v -0.033855 -0.118695 0.027899
v -0.033855 -0.118695 0.027899
v -0.033942 -0.118911 0.027461
v -0.034834 -0.117295 0.024336
v -0.034386 -0.117789 0.024149
v -0.026338 -0.121710 0.048010
v -0.027172 -0.115970 0.048470
v -0.023661 -0.128141 0.046431
v -0.024277 -0.126814 0.049437
v -0.026338 -0.121710 0.048010
v -0.026988 -0.120393 0.049927
v -0.026794 -0.116197 0.049058
v -0.027172 -0.115970 0.048470
v -0.024277 -0.126814 0.049437
v -0.026535 -0.122711 0.052017
v -0.026192 -0.112332 0.051628
v -0.026192 -0.112332 0.051628
v -0.025773 -0.112877 0.051715
v -0.020217 -0.131879 0.054472
v -0.021418 -0.129190 0.054416
v -0.021418 -0.129190 0.054416
v -0.025449 -0.123087 0.055085
v -0.023096 -0.129970 0.041751
v -0.020937 -0.133704 0.043149
v -0.016905 -0.124715 0.060084
v -0.019704 -0.124735 0.058555
v -0.017032 -0.141478 0.045033
v -0.016798 -0.140397 0.055645
v -0.010541 -0.137041 0.064643
v -0.019704 -0.124735 0.058555
v -0.024248 -0.120997 0.057004
v -0.020513 -0.118133 0.058723
v -0.017354 -0.118086 0.059950
v -0.020513 -0.118133 0.058723
v -0.023156 -0.118027 0.057478
v -0.023023 -0.113107 0.055941
v -0.023023 -0.113107 0.055941
v -0.023535 -0.113976 0.055550
v -0.026192 -0.112332 0.051628
v -0.025773 -0.112877 0.051715
v -0.025384 -0.149791 -0.009886
v -0.023770 -0.150392 -0.001560
v -0.024139 -0.148553 -0.018864
v -0.016656 -0.138764 0.003170
v -0.017353 -0.134122 0.004132
v -0.014553 -0.148398 0.001424
v -0.016529 -0.130432 0.005190
v -0.017895 -0.129994 -0.020372
v -0.017450 -0.135627 -0.020941
v -0.017472 -0.125816 -0.020623
v -0.015904 -0.145395 -0.021566
v -0.016284 -0.129120 0.006208
v -0.015879 -0.131141 0.007377
v -0.015753 -0.135813 0.008476
v -0.010502 -0.131292 0.035381
v -0.010768 -0.129384 0.036352
v -0.009807 -0.130036 0.036627
v -0.010579 -0.135033 0.034392
v -0.009139 -0.132099 0.037491
v -0.021072 -0.153015 0.014426
v -0.022287 -0.153269 0.024624
v -0.018967 -0.151806 0.033007
v -0.015103 -0.143031 0.009557
v -0.012615 -0.152153 0.010747
v -0.010332 -0.141885 0.033503
v -0.008314 -0.149960 0.033942
v -0.006751 -0.139016 0.039640
v -0.013071 -0.148448 0.056455
v -0.013936 -0.149340 0.046119
v -0.004398 -0.146467 0.041109
v -0.007351 -0.145932 0.065212
v -0.002421 -0.133554 0.063784
v 0.000099 -0.142410 0.064360
v -0.021731 -0.157943 -0.019831
v -0.023106 -0.159334 -0.011131
v -0.021014 -0.159928 -0.002592
v -0.013240 -0.154831 -0.021909
v -0.012068 -0.157990 -0.000118
v -0.019765 -0.167757 -0.011981
v -0.018304 -0.168709 -0.003701
v -0.009710 -0.166769 -0.001245
v -0.018647 -0.166362 -0.020841
v -0.010888 -0.163103 -0.022899
v -0.016133 -0.176176 -0.012970
v -0.014849 -0.176893 -0.004897
v -0.014473 -0.174852 -0.021300
v -0.006869 -0.175325 -0.003101
v -0.007732 -0.172181 -0.023682
v -0.012563 -0.184405 -0.014164
v -0.011361 -0.185076 -0.006228
v -0.003175 -0.183572 -0.004145
v -0.011281 -0.182988 -0.022204
v -0.004888 -0.180753 -0.024533
v -0.001723 -0.189133 -0.024905
v -0.000118 -0.191215 -0.006339
v 0.000632 -0.194847 -0.008964
v 0.000996 -0.197439 -0.014146
v 0.000503 -0.196483 -0.019432
v -0.000613 -0.192941 -0.023348
v -0.019790 -0.163689 0.024945
v -0.015294 -0.161886 0.033508
v -0.017813 -0.163172 0.014752
v -0.005202 -0.159491 0.033606
v -0.015438 -0.173528 0.025061
v -0.011467 -0.171617 0.033527
v -0.002169 -0.169200 0.034074
v -0.014444 -0.173519 0.014941
v -0.009811 -0.161579 0.010757
v -0.007231 -0.170966 0.010487
v -0.011475 -0.183456 0.025311
v -0.006947 -0.181512 0.033940
v -0.010206 -0.183175 0.014379
v 0.001195 -0.179304 0.033884
v -0.003709 -0.181778 0.011274
v -0.007785 -0.193201 0.025253
v -0.003016 -0.190898 0.033748
v -0.006491 -0.192740 0.014819
v 0.004385 -0.189086 0.034280
v -0.000880 -0.191000 0.011801
v 0.006911 -0.198354 0.032106
v 0.002136 -0.199894 0.013457
v 0.007615 -0.202650 0.030023
v 0.006098 -0.206006 0.020373
v 0.004246 -0.203865 0.016276
v 0.007261 -0.205734 0.025351
v -0.010609 -0.158228 0.047208
v -0.010580 -0.156982 0.057693
v -0.004743 -0.154327 0.066109
v -0.002159 -0.155232 0.041921
v -0.007239 -0.166828 0.047809
v -0.007505 -0.165642 0.058592
v 0.000221 -0.163856 0.042814
v -0.002152 -0.162896 0.066941
v 0.003153 -0.151279 0.064382
v 0.006301 -0.159906 0.065874
v -0.003539 -0.175114 0.049099
v -0.003909 -0.174194 0.059474
v 0.002181 -0.170954 0.066973
v 0.003242 -0.173364 0.044648
v 0.009447 -0.168741 0.065911
v 0.000352 -0.182099 0.060079
v 0.004936 -0.179771 0.067339
v 0.012866 -0.177361 0.066077
v 0.000230 -0.183407 0.050306
v 0.006169 -0.181818 0.046187
v 0.009306 -0.190170 0.048843
v 0.015424 -0.185568 0.065458
v 0.013455 -0.194890 0.055670
v 0.011048 -0.193417 0.051164
v 0.015357 -0.193745 0.060121
v 0.016137 -0.189956 0.064011
v 0.020835 -0.077156 0.083129
v 0.025837 -0.071510 0.085032
v 0.032576 -0.067362 0.084184
v 0.020176 -0.080843 0.078081
v 0.027187 -0.083845 0.086681
v 0.031887 -0.078582 0.088755
v 0.026209 -0.088047 0.082426
v 0.038373 -0.074381 0.087813
v 0.038653 -0.066792 0.079688
v 0.043650 -0.073575 0.083830
v 0.038020 -0.085957 0.093016
v 0.043456 -0.082089 0.093040
v 0.049465 -0.081257 0.089241
v 0.033684 -0.090824 0.090864
v 0.031419 -0.094368 0.087118
v 0.042867 -0.092472 0.097011
v 0.047482 -0.097799 0.097817
v 0.042992 -0.068124 0.074515
v 0.042992 -0.068124 0.074515
v 0.044547 -0.071709 0.068926
v 0.048012 -0.074529 0.079675
v 0.048012 -0.074529 0.079675
v 0.048096 -0.078528 0.075815
v 0.051993 -0.082718 0.086039
v 0.051993 -0.082718 0.086039
v 0.052444 -0.085835 0.082250
v 0.055213 -0.090286 0.091613
v 0.055213 -0.090286 0.091613
v 0.055300 -0.092763 0.093316
v 0.055300 -0.092763 0.093316
v 0.022352 -0.083260 0.072195
v 0.025583 -0.084383 0.068541
v 0.022352 -0.083260 0.072195
v 0.027611 -0.089745 0.077725
v 0.030334 -0.090766 0.073840
v 0.027611 -0.089745 0.077725
v 0.032411 -0.096445 0.082252
v 0.035292 -0.098068 0.078829
v 0.032411 -0.096445 0.082252
v 0.038994 -0.102905 0.088584
v 0.038994 -0.102905 0.088584
v 0.044922 -0.104421 0.093101
v 0.041825 -0.104380 0.090981
v 0.041825 -0.104380 0.090981
v 0.044922 -0.104421 0.093101
v 0.050387 -0.100963 0.095575
v 0.054462 -0.095284 0.094587
v 0.050387 -0.100963 0.095575
v 0.051713 -0.102313 0.091598
v 0.054462 -0.095284 0.094587
v 0.042044 -0.076365 0.065604
v 0.036549 -0.080890 0.063497
v 0.030453 -0.083727 0.065173
v 0.045790 -0.082480 0.072458
v 0.041361 -0.087209 0.069735
v 0.034973 -0.089918 0.071107
v 0.050404 -0.090012 0.079389
v 0.046407 -0.094154 0.077201
v 0.040388 -0.097134 0.077171
v 0.050502 -0.099950 0.086077
v 0.006200 -0.106479 0.022307
v 0.007358 -0.107373 0.040308
v 0.005706 -0.116855 0.041723
v -0.002805 -0.119407 -0.020497
v 0.001273 -0.124932 0.035306
v 0.000647 -0.124987 0.033633
v -0.001435 -0.127841 0.020405
v -0.003446 -0.128307 0.008566
v -0.000785 -0.128004 0.030967
v -0.002421 -0.133554 0.063784
v 0.004606 -0.131369 0.058220
v 0.002338 -0.123715 0.057028
v -0.004590 -0.124106 0.062874
v 0.000099 -0.142410 0.064360
v 0.007037 -0.140845 0.059253
v 0.005201 -0.124786 0.046415
v 0.005688 -0.132951 0.048085
v 0.006947 -0.142099 0.049666
v 0.001729 -0.126423 0.037427
v 0.003049 -0.134480 0.039231
v 0.004041 -0.143590 0.040900
v -0.006751 -0.139016 0.039640
v -0.009139 -0.132099 0.037491
v -0.004398 -0.146467 0.041109
v -0.009807 -0.130036 0.036627
v -0.002549 -0.134182 0.020208
v -0.005454 -0.134605 0.009950
v -0.015879 -0.131141 0.007377
v -0.016284 -0.129120 0.006208
v -0.015753 -0.135813 0.008476
v -0.004642 -0.128058 0.002905
v -0.016529 -0.130432 0.005190
v -0.005432 -0.131825 0.001687
v -0.004095 -0.129825 -0.007799
v -0.017353 -0.134122 0.004132
v -0.003926 -0.123349 -0.017523
v -0.005888 -0.128176 -0.017233
v -0.016524 -0.124142 -0.021101
v -0.004585 -0.134326 -0.008565
v -0.007179 -0.133668 -0.017613
v -0.017450 -0.135627 -0.020941
v -0.017895 -0.129994 -0.020372
v -0.003855 -0.144316 -0.009644
v -0.006554 -0.143416 -0.018312
v -0.015904 -0.145395 -0.021566
v -0.005526 -0.136241 0.000766
v -0.004545 -0.145901 -0.000897
v -0.016656 -0.138764 0.003170
v -0.014553 -0.148398 0.001424
v -0.002531 -0.141400 0.020148
v -0.005624 -0.142306 0.011179
v -0.015103 -0.143031 0.009557
v -0.001793 -0.134316 0.030706
v -0.001440 -0.140927 0.030250
v -0.010332 -0.141885 0.033503
v -0.010579 -0.135033 0.034392
v -0.010502 -0.131292 0.035381
v -0.002241 -0.153207 -0.011005
v -0.005469 -0.152613 -0.019251
v -0.013240 -0.154831 -0.021909
v -0.003709 -0.155148 -0.002129
v -0.012068 -0.157990 -0.000118
v -0.004322 -0.150556 0.011515
v -0.001239 -0.149592 0.020383
v -0.012615 -0.152153 0.010747
v 0.000218 -0.148963 0.029942
v -0.008314 -0.149960 0.033942
v 0.009811 -0.150925 0.050155
v 0.005899 -0.152655 0.041976
v -0.002159 -0.155232 0.041921
v 0.009392 -0.149734 0.059927
v 0.003153 -0.151279 0.064382
v -0.000729 -0.162331 -0.012149
v -0.004041 -0.161469 -0.020478
v -0.010888 -0.163103 -0.022899
v -0.001956 -0.164345 -0.003534
v -0.009710 -0.166769 -0.001245
v 0.001246 -0.171424 -0.013554
v -0.000878 -0.170458 -0.021232
v 0.000469 -0.173133 -0.005050
v -0.007732 -0.172181 -0.023682
v -0.006869 -0.175325 -0.003101
v 0.003991 -0.179606 -0.014864
v 0.002144 -0.178970 -0.022372
v 0.003689 -0.181253 -0.006262
v -0.003175 -0.183572 -0.004145
v -0.000118 -0.191215 -0.006339
v -0.004888 -0.180753 -0.024533
v -0.001723 -0.189133 -0.024905
v -0.000613 -0.192941 -0.023348
v 0.000996 -0.197439 -0.014146
v 0.000632 -0.194847 -0.008964
v 0.001170 -0.158322 0.020197
v -0.002502 -0.159318 0.011793
v 0.002174 -0.157762 0.029687
v -0.009811 -0.161579 0.010757
v -0.000251 -0.169136 0.011439
v 0.003826 -0.167281 0.020089
v -0.007231 -0.170966 0.010487
v 0.005433 -0.167115 0.029222
v -0.005202 -0.159491 0.033606
v -0.002169 -0.169200 0.034074
v 0.008507 -0.178259 0.029406
v 0.007852 -0.178040 0.020018
v 0.002878 -0.179742 0.011723
v 0.001195 -0.179304 0.033884
v -0.003709 -0.181778 0.011274
v 0.010222 -0.188101 0.020411
v 0.005565 -0.189006 0.011756
v -0.000880 -0.191000 0.011801
v 0.011097 -0.187638 0.029686
v 0.004385 -0.189086 0.034280
v 0.006911 -0.198354 0.032106
v 0.002136 -0.199894 0.013457
v 0.004246 -0.203865 0.016276
v 0.006098 -0.206006 0.020373
v 0.007615 -0.202650 0.030023
v 0.007849 -0.161074 0.042278
v 0.012160 -0.159197 0.050661
v 0.012055 -0.158257 0.060647
v 0.000221 -0.163856 0.042814
v 0.006301 -0.159906 0.065874
v 0.015400 -0.167444 0.060620
v 0.014703 -0.168357 0.051405
v 0.009807 -0.170488 0.043809
v 0.009447 -0.168741 0.065911
v 0.003242 -0.173364 0.044648
v 0.017113 -0.177236 0.052414
v 0.012300 -0.179513 0.044803
v 0.006169 -0.181818 0.046187
v 0.018633 -0.176047 0.060574
v 0.012866 -0.177361 0.066077
v 0.009306 -0.190170 0.048843
v 0.015424 -0.185568 0.065458
v 0.016137 -0.189956 0.064011
v 0.015357 -0.193745 0.060121
v 0.013455 -0.194890 0.055670
v 0.011048 -0.193417 0.051164
v -0.010768 -0.129384 0.036352
v -0.036354 -0.123918 -0.005442
v -0.035718 -0.122316 -0.005233
v -0.035089 -0.120924 -0.006916
v -0.036183 -0.121809 -0.008298
v -0.036035 -0.122875 -0.002030
v -0.035619 -0.121674 -0.003014
v -0.035489 -0.118952 -0.007577
v -0.035976 -0.118933 -0.008961
v -0.035974 -0.114863 -0.007561
v -0.035848 -0.115720 -0.006728
v -0.035691 -0.120152 -0.000362
v -0.035818 -0.116434 -0.000750
v -0.035749 -0.116705 -0.001975
v -0.035643 -0.119668 -0.001844
v -0.035643 -0.119668 -0.001844
v -0.032023 -0.120478 -0.004498
v -0.032041 -0.120912 -0.004580
v -0.035619 -0.121674 -0.003014
v -0.035749 -0.116705 -0.001975
v -0.032043 -0.119935 -0.004721
v -0.032194 -0.121254 -0.004922
v -0.035718 -0.122316 -0.005233
v -0.031932 -0.120869 -0.005356
v -0.035089 -0.120924 -0.006916
v -0.035489 -0.118952 -0.007577
v -0.031911 -0.120465 -0.005511
v -0.035848 -0.115720 -0.006728
v -0.031880 -0.119962 -0.005427
v -0.035991 -0.114367 -0.004186
v -0.031877 -0.120001 -0.005193
v -0.035991 -0.114367 -0.004186
v -0.034371 -0.127994 0.024736
v -0.033586 -0.126401 0.024431
v -0.033540 -0.125585 0.022562
v -0.034423 -0.126842 0.021638
v -0.033747 -0.122749 0.021263
v -0.034261 -0.123497 0.020079
v -0.033860 -0.126441 0.027623
v -0.033481 -0.125486 0.026469
v -0.033443 -0.122776 0.028914
v -0.033518 -0.123048 0.027512
v -0.033942 -0.118911 0.027461
v -0.033824 -0.119672 0.026664
v -0.034386 -0.117789 0.024149
v -0.034086 -0.118597 0.024044
v -0.034386 -0.117789 0.024149
v -0.034166 -0.119624 0.020877
v -0.034044 -0.120220 0.022004
v -0.034086 -0.118597 0.024044
v -0.033747 -0.122749 0.021263
v -0.033540 -0.125585 0.022562
v -0.030083 -0.125168 0.023666
v -0.029995 -0.124841 0.023461
v -0.034044 -0.120220 0.022004
v -0.030055 -0.124338 0.023423
v -0.033586 -0.126401 0.024431
v -0.029944 -0.125143 0.023974
v -0.033481 -0.125486 0.026469
v -0.030047 -0.125179 0.024369
v -0.033518 -0.123048 0.027512
v -0.029952 -0.124664 0.024438
v -0.033824 -0.119672 0.026664
v -0.029971 -0.124263 0.024327
v -0.034086 -0.118597 0.024044
v -0.029982 -0.124113 0.023826
v -0.034086 -0.118597 0.024044
v -0.030084 -0.124752 0.023974
v -0.025449 -0.123087 0.055085
v -0.025075 -0.121621 0.054232
v -0.025656 -0.121321 0.052420
v -0.026535 -0.122711 0.052017
v -0.026044 -0.119861 0.050963
v -0.026988 -0.120393 0.049927
v -0.024248 -0.120997 0.057004
v -0.024231 -0.120428 0.055532
v -0.023156 -0.118027 0.057478
v -0.023890 -0.118208 0.055980
v -0.023535 -0.113976 0.055550
v -0.024241 -0.115233 0.054916
v -0.025773 -0.112877 0.051715
v -0.025567 -0.113928 0.052021
v -0.025773 -0.112877 0.051715
v -0.026794 -0.116197 0.049058
v -0.026333 -0.116539 0.050287
v -0.025567 -0.113928 0.052021
v -0.026333 -0.116539 0.050287
v -0.026044 -0.119861 0.050963
v -0.021979 -0.120256 0.051603
v -0.021766 -0.119817 0.051812
v -0.025567 -0.113928 0.052021
v -0.025656 -0.121321 0.052420
v -0.021843 -0.120588 0.051905
v -0.025075 -0.121621 0.054232
v -0.024231 -0.120428 0.055532
v -0.023890 -0.118208 0.055980
v -0.024241 -0.115233 0.054916
v -0.025567 -0.113928 0.052021
v -0.004906 -0.021917 -0.034234
v -0.008418 -0.026707 -0.033781
v -0.000247 -0.172376 -0.047601
v 0.000503 -0.196483 -0.019432
v 0.007261 -0.205734 0.025351
v -0.017472 -0.125816 -0.020623
v -0.036415 -0.113447 -0.003946
v -0.035991 -0.114367 -0.004186
v -0.036415 -0.113447 -0.003946
v -0.035991 -0.114367 -0.004186
v 0.020882 0.048793 0.020575
v 0.021362 0.047932 -0.000252
v 0.014130 0.048840 0.031252
v 0.002314 0.048981 0.039010
v -0.019715 0.049460 0.043752
v -0.040417 0.047674 0.038905
v -0.049006 0.046035 0.022831
v -0.056112 0.043982 0.004076
v -0.051225 0.043257 -0.016852
v -0.041041 0.043367 -0.031642
v -0.023747 0.044005 -0.039269
v -0.004031 0.044444 -0.040914
v 0.011562 0.046027 -0.024478
v 0.018493 0.047643 -0.008678
v 0.021362 0.047932 -0.000252
vn 0.9725 -0.2252 -0.0592
vn 0.9240 -0.2735 -0.2672
vn 0.9668 -0.1971 -0.1626
vn -0.3212 0.7081 -0.6288
vn 0.1501 0.6453 -0.7490
vn 0.0868 -0.0200 -0.9960
vn -0.5346 0.2507 0.8071
vn -0.2738 0.3230 0.9059
vn -0.6951 0.1455 0.7040
vn 0.3440 0.4921 0.7997
vn 0.2126 0.6850 0.6968
vn 0.7667 0.5022 0.3999
vn 0.0803 0.2611 -0.9620
vn -0.3794 0.3603 -0.8522
vn 0.3933 0.2395 -0.8877
vn 0.9867 0.0686 -0.1475
vn 0.9604 -0.1239 -0.2494
vn 0.9787 -0.1879 -0.0823
vn -0.8003 0.2752 0.5327
vn -0.8469 0.1272 0.5164
vn -0.6361 0.1575 0.7553
vn 0.9715 0.1138 -0.2079
vn 0.9775 -0.1073 -0.1816
vn 0.8436 0.1650 -0.5110
vn 0.3865 0.2108 -0.8979
vn 0.7347 0.2477 -0.6316
vn -0.3902 0.2884 -0.8744
vn -0.9373 -0.0674 0.3420
vn -0.9396 -0.0474 0.3390
vn -0.9687 -0.0083 0.2481
vn -0.9901 -0.0472 0.1325
vn -0.9497 -0.0548 -0.3083
vn -0.9951 -0.0804 -0.0571
vn -0.9759 -0.0056 -0.2183
vn -0.9602 -0.1668 -0.2240
vn -0.9385 -0.2417 -0.2465
vn -0.9454 -0.2417 -0.2188
vn 0.7527 -0.5745 -0.3216
vn 0.9874 0.1382 0.0768
vn 0.7567 -0.6495 0.0748
vn -0.0728 -0.9963 -0.0454
vn -0.8109 -0.5571 -0.1791
vn -0.0819 -0.9084 -0.4100
vn -0.9223 -0.3195 -0.2174
vn -0.7285 -0.4772 -0.4915
vn -0.9123 -0.2682 -0.3096
vn -0.9159 -0.3984 0.0489
vn -0.6485 -0.7592 -0.0558
vn -0.9173 -0.3852 -0.1007
vn -0.6229 -0.6801 0.3866
vn -0.8949 -0.3532 0.2727
vn -0.8596 -0.3355 0.3853
vn -0.9506 -0.3093 0.0262
vn -0.9559 -0.2936 0.0028
vn -0.9745 -0.2233 0.0241
vn -0.3485 0.0721 0.9345
vn -0.4558 -0.0317 0.8895
vn 0.3427 0.1640 0.9250
vn -0.2964 -0.9412 0.1620
vn -0.8924 -0.4494 -0.0406
vn -0.3179 -0.8745 -0.3662
vn -0.8679 -0.4566 0.1957
vn -0.3948 -0.9161 -0.0701
vn -0.2756 -0.8829 0.3801
vn -0.1699 -0.8282 0.5341
vn -0.8144 -0.4733 0.3357
vn -0.3805 -0.9184 0.1085
vn 0.8760 -0.4710 -0.1039
vn 0.9353 -0.3397 -0.0995
vn 0.9393 -0.3245 -0.1117
vn 0.9523 -0.2964 -0.0728
vn 0.9421 -0.2921 -0.1649
vn 0.7883 -0.6063 0.1046
vn 0.7262 -0.5405 -0.4249
vn 0.9816 0.1839 -0.0506
vn 0.9459 0.1319 -0.2965
vn 0.7830 -0.6157 0.0882
vn 0.6872 -0.6251 -0.3700
vn 0.9061 0.1139 -0.4075
vn 0.8334 -0.5514 0.0374
vn 0.6411 -0.6545 -0.4008
vn -0.6948 0.4043 -0.5948
vn -0.9366 0.1487 0.3172
vn -0.3632 0.9244 -0.1166
vn -0.8644 -0.1708 -0.4729
vn -0.8757 -0.4428 -0.1928
vn -0.7554 -0.5080 0.4139
vn 0.4388 -0.8961 -0.0662
vn -0.0251 -0.1590 -0.9870
vn 0.6983 -0.7015 -0.1423
vn 0.0076 -0.0914 -0.9958
vn 0.9501 0.0521 -0.3075
vn -0.8297 0.0608 0.5549
vn -0.8003 -0.0084 0.5995
vn -0.0021 0.4551 0.8904
vn -0.0048 0.3257 0.9455
vn 0.7313 -0.2177 0.6463
vn 0.7300 -0.5577 0.3950
vn 0.7567 -0.3342 -0.5619
vn 0.7792 0.0999 -0.6187
vn -0.1887 -0.9515 0.2431
vn -0.5446 -0.7104 0.4458
vn -0.5162 -0.3848 -0.7652
vn -0.1749 -0.7164 -0.6754
vn -0.3526 -0.7924 0.4977
vn -0.5533 -0.5066 0.6612
vn -0.6752 -0.3329 -0.6583
vn -0.4530 -0.6366 -0.6242
vn -0.2729 -0.6671 0.6932
vn -0.4281 -0.3692 0.8249
vn -0.7255 -0.4975 -0.4755
vn -0.5130 -0.7888 -0.3385
vn -0.7440 -0.5865 -0.3202
vn -0.5683 -0.8108 -0.1401
vn -0.1324 -0.5812 0.8029
vn -0.2953 -0.2929 0.9094
vn -0.5780 -0.1255 0.8063
vn -0.7559 -0.5197 0.3982
vn -0.5720 -0.5997 0.5596
vn -0.2627 -0.4312 0.8632
vn 0.5508 0.5840 0.5962
vn 0.0639 0.4273 0.9019
vn 0.2986 0.0361 0.9537
vn 0.5467 0.3295 0.7698
vn 0.7709 -0.3442 -0.5360
vn 0.9445 0.0226 -0.3278
vn 0.9774 -0.1884 -0.0957
vn 0.8645 -0.5025 0.0124
vn -0.2758 -0.8685 -0.4119
vn 0.2987 -0.7328 -0.6113
vn 0.3974 -0.9113 -0.1079
vn -0.0904 -0.9765 -0.1958
vn 0.7217 -0.2537 -0.6440
vn 0.7156 0.1457 -0.6832
vn 0.8209 -0.0264 0.5705
vn 0.8163 -0.3949 0.4215
vn 0.6101 -0.4539 -0.6495
vn 0.5925 -0.0616 -0.8032
vn 0.9229 0.0272 0.3840
vn 0.8638 -0.3562 0.3563
vn 0.9432 0.1342 0.3040
vn 0.9224 -0.2714 0.2747
vn 0.4990 -0.5018 -0.7065
vn 0.4656 -0.1627 -0.8699
vn 0.8307 -0.3045 -0.4660
vn 0.9441 -0.2053 0.2580
vn 0.8844 -0.4223 0.1987
vn 0.9319 -0.3509 -0.0914
vn 0.9725 -0.2252 -0.0588
vn 0.8957 -0.3521 -0.2715
vn 0.9319 -0.3509 -0.0919
vn 0.9519 0.3044 -0.0351
vn 0.4346 0.8996 -0.0428
vn 0.5755 0.7937 0.1971
vn 0.9281 0.3234 0.1842
vn 0.8952 0.2570 -0.3640
vn 0.0601 0.9723 -0.2260
vn 0.7638 -0.2076 0.6111
vn 0.6291 -0.5441 0.5551
vn 0.4761 0.7718 0.4215
vn 0.7316 0.3747 0.5695
vn 0.1948 0.8793 0.4347
vn 0.3773 0.4576 0.8051
vn 0.3143 -0.3761 0.8716
vn 0.2607 -0.6117 0.7469
vn 0.0149 -0.4019 0.9156
vn 0.0093 -0.6040 0.7969
vn -0.0444 0.8636 0.5022
vn -0.0542 0.4628 0.8848
vn -0.5247 0.6647 0.5319
vn -0.6307 0.3404 0.6974
vn -0.8818 0.3225 0.3442
vn -0.9200 0.1524 0.3610
vn -0.9618 0.2719 0.0312
vn -0.9940 0.0800 0.0750
vn -0.8723 0.2362 -0.4281
vn -0.9312 0.0386 -0.3626
vn -0.6056 0.3036 -0.7356
vn -0.6744 0.0701 -0.7351
vn -0.1885 -0.4630 -0.8661
vn -0.1440 -0.7556 -0.6390
vn -0.4005 -0.7254 -0.5599
vn -0.2521 0.3947 -0.8835
vn -0.2691 0.1448 -0.9522
vn 0.3480 -0.7171 -0.6039
vn 0.2691 0.4521 -0.8504
vn 0.3734 0.2047 -0.9048
vn 0.7329 0.4104 -0.5425
vn 0.7827 0.2027 -0.5884
vn 0.7542 -0.5228 -0.3973
vn 0.8348 0.3838 -0.3947
vn 0.8862 0.2266 -0.4041
vn 0.9841 0.0292 0.1751
vn 0.9982 -0.0364 -0.0483
vn 0.8088 0.1342 0.5725
vn 0.4111 0.1680 0.8960
vn -0.0577 0.1340 0.9893
vn -0.6503 0.0677 0.7567
vn -0.9381 -0.0107 0.3463
vn -0.9944 -0.0959 0.0442
vn -0.9184 -0.1592 -0.3623
vn -0.6637 -0.1743 -0.7274
vn -0.2683 -0.1289 -0.9547
vn 0.3609 -0.0077 -0.9326
vn 0.8081 0.0670 -0.5852
vn 0.9314 0.0644 -0.3583
vn 0.9219 -0.0759 -0.3799
vn 0.0362 -0.0568 -0.9977
vn 0.9221 0.0196 -0.3865
vn 0.9556 0.0636 -0.2878
vn 0.8031 0.0325 -0.5949
vn 0.9983 0.0251 -0.0533
vn 0.9869 0.0468 0.1541
vn 0.3239 -0.0599 -0.9442
vn -0.2929 -0.1481 -0.9446
vn -0.6667 -0.1788 -0.7235
vn -0.9134 -0.1849 -0.3627
vn -0.9886 -0.1502 0.0116
vn -0.9384 -0.0973 0.3317
vn -0.6624 -0.0323 0.7485
vn -0.0875 0.0760 0.9933
vn 0.4059 0.1459 0.9022
vn 0.8393 0.1224 0.5297
vn 0.9893 0.0401 0.1405
vn 0.9988 0.0356 -0.0349
vn 0.8572 0.0671 0.5106
vn 0.3963 0.0817 0.9145
vn -0.1019 0.0255 0.9945
vn -0.6627 -0.1025 0.7418
vn -0.9306 -0.1790 0.3193
vn -0.9832 -0.1820 -0.0108
vn -0.9178 -0.1696 -0.3590
vn -0.6697 -0.1209 -0.7327
vn -0.2941 -0.0835 -0.9521
vn 0.2592 -0.0556 -0.9642
vn 0.7867 0.0219 -0.6170
vn 0.9631 0.0860 -0.2552
vn 0.7256 -0.3265 -0.6057
vn 0.9241 -0.2796 -0.2604
vn 0.2946 -0.3620 -0.8844
vn 0.7066 -0.7065 0.0391
vn 0.7215 -0.6743 0.1571
vn -0.2767 -0.3685 -0.8875
vn -0.6244 -0.4271 -0.6540
vn -0.8444 -0.4470 -0.2952
vn -0.8236 -0.5667 0.0236
vn -0.6335 -0.7178 0.2889
vn -0.4237 -0.7129 0.5588
vn -0.0558 -0.6763 0.7345
vn 0.2938 -0.6787 0.6730
vn 0.6282 -0.6678 0.3992
vn -0.4734 -0.8776 0.0753
vn -0.4680 -0.8746 -0.1268
vn -0.1573 -0.9875 0.0045
vn -0.1591 -0.9836 0.0846
vn -0.4133 -0.8809 0.2309
vn -0.2009 -0.9654 0.1665
vn -0.3303 -0.8945 -0.3014
vn -0.1005 -0.9926 -0.0684
vn -0.9335 -0.1030 -0.3436
vn -0.9931 -0.1175 0.0065
vn -0.9986 -0.0524 -0.0052
vn -0.9393 -0.0321 -0.3417
vn -0.7188 0.0073 -0.6952
vn -0.7095 -0.0763 -0.7006
vn -0.9431 -0.0876 0.3207
vn -0.9489 -0.0221 0.3148
vn -0.2951 -0.8519 0.4327
vn -0.1486 -0.9662 0.2108
vn -0.0376 -0.8342 0.5502
vn 0.0237 -0.9512 0.3078
vn 0.2097 -0.8389 0.5023
vn 0.1592 -0.9253 0.3443
vn 0.3727 0.4349 0.8197
vn 0.3357 0.5215 0.7844
vn 0.4263 -0.8542 0.2977
vn 0.3344 -0.9107 0.2424
vn 0.7658 0.4845 0.4228
vn 0.7951 0.3903 0.4641
vn 0.4248 -0.8956 0.1323
vn 0.5258 -0.8388 0.1411
vn 0.3826 -0.9230 0.0411
vn 0.4682 -0.8829 0.0365
vn 0.7955 0.3902 0.4635
vn 0.9543 0.2805 0.1027
vn 0.9236 0.3693 0.1034
vn 0.7661 0.4844 0.4223
vn 0.9534 0.2767 -0.1203
vn 0.9783 0.1776 -0.1064
vn 0.2378 -0.9713 -0.0068
vn 0.9411 0.1731 -0.2906
vn 0.9098 0.2830 -0.3036
vn 0.4390 -0.8961 -0.0659
vn 0.2378 -0.9713 -0.0067
vn 0.1960 -0.9797 -0.0415
vn 0.4253 -0.8718 -0.2430
vn 0.7549 0.1886 -0.6282
vn 0.7424 0.3119 -0.5929
vn 0.1146 -0.9805 -0.1595
vn 0.1860 -0.8800 -0.4371
vn 0.5057 0.1564 -0.8484
vn 0.5354 0.2788 -0.7973
vn -0.0334 -0.9855 -0.1662
vn -0.1236 -0.8774 -0.4635
vn -0.3458 0.0796 -0.9349
vn -0.3627 -0.0156 -0.9318
vn -0.0893 0.1429 -0.9857
vn -0.1342 0.0450 -0.9899
vn -0.0936 0.5570 0.8252
vn 0.7721 0.5294 0.3516
vn 0.9757 0.2115 -0.0564
vn 0.9538 0.2996 0.0238
vn 0.7670 0.5023 0.3994
vn 0.7667 0.5024 0.3997
vn 0.3111 0.7421 0.5937
vn 0.3828 0.6533 0.6531
vn 0.7716 0.5297 0.3521
vn 0.9750 0.1970 -0.1027
vn 0.8220 0.4602 0.3355
vn 0.9837 0.1516 -0.0962
vn 0.4489 0.5850 0.6755
vn 0.8217 0.4604 0.3359
vn 0.4564 0.6388 0.6194
vn 0.8233 0.4898 0.2867
vn 0.8237 0.4895 0.2862
vn 0.9771 0.1879 -0.1000
vn 0.0158 0.5865 0.8098
vn 0.0748 0.5345 0.8419
vn 0.0932 0.5815 0.8082
vn 0.9399 -0.1335 -0.3144
vn -0.5199 0.2988 0.8002
vn -0.9517 0.0380 0.3047
vn -0.9511 -0.0099 0.3087
vn -0.9994 -0.0322 0.0135
vn -0.9995 0.0158 0.0267
vn -0.9449 -0.0205 -0.3267
vn -0.9540 0.0283 -0.2984
vn -0.7450 0.0153 -0.6669
vn -0.7751 0.0911 -0.6252
vn -0.3991 0.0387 -0.9161
vn -0.4536 0.1423 -0.8798
vn 0.9450 0.2170 -0.2449
vn 0.8232 0.5245 0.2174
vn 0.9675 0.2080 -0.1438
vn 0.4863 0.6690 0.5622
vn 0.8229 0.5247 0.2181
vn 0.5267 0.6635 0.5314
vn 0.8182 0.5561 0.1459
vn 0.1026 0.5970 0.7957
vn 0.1366 0.5696 0.8105
vn 0.5234 0.6679 0.5291
vn 0.7943 0.5938 0.1281
vn 0.1554 0.5342 0.8310
vn 0.8184 0.5559 0.1455
vn 0.9312 0.2492 -0.2661
vn 0.7945 0.5937 0.1276
vn 0.8878 0.2991 -0.3498
vn 0.8252 -0.1688 -0.5391
vn 0.9098 -0.1863 -0.3708
vn 0.7182 -0.1270 -0.6842
vn -0.4440 0.3488 0.8253
vn -0.3107 0.3111 0.8982
vn -0.2573 0.3119 0.9146
vn -0.4546 0.0719 0.8878
vn -0.3982 -0.0028 0.9173
vn -0.5728 0.3880 0.7220
vn -0.0977 0.6567 0.7478
vn -0.8329 0.0979 0.5447
vn -0.3541 -0.0810 0.9317
vn -0.2655 -0.3133 0.9118
vn -0.6080 0.0093 0.7939
vn -0.3005 0.2973 0.9062
vn -0.5007 -0.0841 0.8615
vn -0.3815 -0.5133 0.7687
vn 0.2426 -0.2660 0.9330
vn 0.1738 -0.5801 0.7958
vn -0.0170 -0.8412 0.5404
vn -0.1484 -0.0906 0.9848
vn 0.4061 -0.0972 0.9087
vn -0.5372 -0.0450 0.8423
vn 0.2428 -0.2663 0.9328
vn 0.7333 -0.4810 0.4805
vn 0.5731 -0.7121 0.4055
vn 0.1742 -0.5803 0.7956
vn 0.4066 -0.0972 0.9084
vn 0.8440 -0.1533 0.5140
vn 0.3170 -0.9220 0.2222
vn -0.0167 -0.8415 0.5400
vn 0.9231 -0.3137 -0.2222
vn 0.8757 -0.3831 -0.2940
vn 0.7985 -0.4698 -0.3764
vn 0.9536 -0.2870 -0.0910
vn 0.8421 -0.5375 -0.0442
vn 0.7684 -0.6351 -0.0789
vn 0.6385 -0.7495 -0.1750
vn 0.9475 -0.2986 0.1146
vn 0.9326 -0.3432 -0.1117
vn 0.9426 -0.3238 -0.0820
vn -0.2938 0.2507 0.9224
vn -0.2655 0.2212 0.9384
vn -0.5566 -0.1863 0.8096
vn -0.5588 -0.6294 0.5400
vn -0.3672 -0.9201 0.1366
vn -0.0951 -0.9774 -0.1887
vn -0.3669 -0.9202 0.1362
vn -0.8542 0.0257 0.5194
vn -0.5996 -0.1986 0.7753
vn -0.6948 -0.6284 0.3498
vn -0.5567 -0.8300 -0.0347
vn 0.6060 -0.5459 -0.5786
vn 0.2800 -0.8495 -0.4472
vn 0.0350 -0.7453 -0.6658
vn -0.3128 -0.8707 -0.3794
vn 0.3902 -0.5046 -0.7702
vn -0.5565 -0.8301 -0.0351
vn 0.8342 -0.0300 -0.5506
vn 0.4069 0.0828 -0.9097
vn 0.9547 -0.2717 -0.1215
vn 0.9351 -0.3316 -0.1251
vn 0.8137 -0.1952 -0.5475
vn 0.8107 -0.2728 -0.5180
vn 0.4311 -0.0274 -0.9019
vn 0.0127 0.1684 -0.9856
vn -0.0095 0.0922 -0.9957
vn -0.4334 0.2101 -0.8764
vn -0.4677 0.1176 -0.8761
vn 0.4847 -0.0895 -0.8701
vn -0.7630 0.1878 -0.6186
vn -0.6935 0.2858 -0.6614
vn -0.9588 0.1113 -0.2614
vn -0.9232 0.2358 -0.3035
vn -0.9982 0.0480 0.0368
vn -0.9778 0.2096 0.0060
vn -0.9279 0.2420 0.2837
vn -0.9579 0.0814 0.2754
vn -0.8115 0.0688 -0.5803
vn -0.9985 -0.0381 0.0386
vn -0.8458 -0.0345 0.5324
vn -0.9979 -0.0587 0.0256
vn -0.8472 0.0044 -0.5313
vn -0.5154 0.0716 -0.8540
vn -0.0328 0.0636 -0.9974
vn -0.1236 -0.0289 0.9919
vn 0.3988 0.0197 0.9168
vn 0.4175 -0.0418 0.9077
vn -0.1089 -0.0437 0.9931
vn -0.5083 -0.0426 0.8601
vn -0.5087 -0.1065 0.8543
vn 0.3994 0.0197 0.9166
vn 0.8490 0.0063 0.5284
vn 0.8406 -0.0451 0.5398
vn 0.4182 -0.0418 0.9074
vn -0.1601 0.0421 0.9862
vn 0.3810 0.0945 0.9197
vn -0.1913 0.1315 0.9727
vn 0.3563 0.1525 0.9218
vn 0.3815 0.0946 0.9195
vn 0.8534 0.0205 0.5208
vn 0.3566 0.1525 0.9217
vn 0.8850 0.0408 0.4638
vn -0.0789 0.0455 -0.9958
vn -0.1132 0.0382 -0.9928
vn -0.5731 0.0008 -0.8195
vn -0.5582 0.0272 -0.8293
vn 0.5161 -0.0747 -0.8533
vn 0.5473 -0.0744 -0.8336
vn -0.8846 -0.1025 -0.4549
vn -0.8717 -0.0340 -0.4888
vn -0.5272 0.0338 -0.8491
vn -0.1017 0.0369 -0.9941
vn -0.6847 0.0220 -0.7285
vn -0.7502 -0.0219 -0.6609
vn -0.0119 0.0778 -0.9969
vn -0.5516 0.0767 -0.8306
vn -0.7782 0.0040 -0.6280
vn 0.5843 -0.0574 -0.8095
vn 0.6868 -0.0192 -0.7266
vn 0.8331 -0.2027 -0.5146
vn 0.8483 -0.1747 -0.4998
vn 0.8735 -0.1868 -0.4495
vn 0.9086 -0.1803 -0.3767
vn -0.4800 -0.0600 0.8752
vn -0.9014 -0.1481 -0.4069
vn -0.8248 -0.0715 0.5609
vn -0.8004 -0.1861 0.5698
vn -0.9358 -0.0946 0.3396
vn -0.9040 -0.2260 0.3629
vn -0.9419 -0.1059 0.3188
vn -0.9248 -0.2262 0.3060
vn -0.9675 -0.2308 0.1032
vn -0.9860 -0.1204 0.1151
vn -0.9935 -0.1130 0.0165
vn -0.9922 -0.1068 -0.0649
vn -0.9781 -0.2025 -0.0487
vn -0.9658 -0.0847 -0.2450
vn -0.9633 -0.2637 -0.0492
vn -0.8903 -0.2836 0.3563
vn -0.7935 -0.2369 0.5606
vn 0.9882 -0.0728 0.1347
vn 0.9814 -0.0955 0.1663
vn 0.9591 -0.2432 -0.1446
vn 0.9666 -0.1937 -0.1677
vn 0.9751 -0.2048 -0.0855
vn 0.9809 -0.1624 -0.1073
vn 0.9862 -0.1552 -0.0578
vn 0.9888 -0.1326 -0.0685
vn -0.6708 0.0265 -0.7412
vn -0.7090 -0.0197 -0.7049
vn -0.9592 -0.2145 -0.1842
vn -0.9529 -0.1962 -0.2312
vn -0.7148 -0.3988 0.5745
vn -0.7377 -0.4242 0.5252
vn -0.7161 -0.6548 0.2420
vn -0.9014 -0.4323 -0.0250
vn -0.8751 -0.4064 -0.2626
vn -0.7476 -0.1500 -0.6470
vn -0.8862 -0.4586 0.0652
vn -0.7150 -0.0536 -0.6971
vn -0.9546 -0.2614 -0.1427
vn -0.7087 -0.4138 0.5714
vn 0.0386 0.1510 -0.9878
vn 0.0365 0.1728 -0.9843
vn 0.0221 0.1861 -0.9823
vn 0.0202 -0.3298 0.9438
vn 0.0210 -0.3875 0.9216
vn 0.0749 -0.7354 0.6735
vn 0.0079 -0.3046 0.9524
vn 0.7312 0.0770 -0.6778
vn 0.7221 0.2227 -0.6549
vn 0.7067 0.2797 -0.6499
vn 0.9651 -0.0699 -0.2524
vn 0.9870 0.1178 -0.1092
vn 0.9800 0.1948 -0.0409
vn 0.8858 -0.3428 0.3129
vn 0.7482 -0.1725 0.6407
vn 0.9159 -0.3952 -0.0705
vn 0.7179 -0.0754 0.6920
vn 0.0217 -0.3874 0.9217
vn 0.0209 -0.3297 0.9439
vn 0.0085 -0.3045 0.9525
vn 0.0752 -0.7353 0.6736
vn -0.7163 -0.0615 -0.6951
vn -0.9544 -0.2772 -0.1105
vn -0.7121 -0.3938 0.5813
vn 0.0094 0.2165 -0.9762
vn 0.6930 0.3197 -0.6461
vn 0.9757 0.2191 -0.0074
vn 0.6843 -0.0566 0.7270
vn 0.0055 -0.2798 0.9600
vn 0.0048 -0.2799 0.9600
vn 0.0205 -0.2734 0.9617
vn 0.6771 -0.0277 0.7354
vn -0.6856 -0.4294 0.5879
vn 0.0197 -0.2736 0.9616
vn 0.9621 0.2712 0.0279
vn 0.0049 -0.2837 0.9589
vn 0.6494 0.0179 0.7602
vn 0.9444 0.3150 0.0942
vn -0.6759 -0.4885 0.5519
vn 0.0044 -0.2839 0.9588
vn -0.9347 -0.3403 -0.1030
vn -0.9041 -0.4100 -0.1204
vn -0.6930 -0.1017 -0.7137
vn -0.0081 0.2098 -0.9777
vn 0.6762 0.3610 -0.6422
vn -0.6731 -0.1627 -0.7214
vn 0.0156 0.1979 -0.9801
vn 0.6964 0.3927 -0.6007
vn -0.8832 -0.4479 -0.1389
vn -0.6370 -0.5657 0.5236
vn -0.6157 -0.2272 -0.7545
vn 0.0346 -0.3819 0.9236
vn 0.0351 -0.3816 0.9237
vn 0.6846 -0.0207 0.7287
vn 0.9573 0.2663 0.1124
vn 0.7288 0.2919 -0.6194
vn 0.0857 0.0884 -0.9924
vn 0.0782 -0.6041 0.7931
vn 0.1794 -0.1322 -0.9748
vn 0.1788 -0.1324 -0.9749
vn 0.0776 -0.6043 0.7930
vn 0.2373 -0.8797 0.4121
vn 0.3309 -0.9435 -0.0177
vn 0.3166 -0.5817 -0.7492
vn 0.3301 -0.9438 -0.0178
vn 0.2365 -0.8800 0.4119
vn 0.3161 -0.5821 -0.7492
vn 0.3501 -0.8512 -0.3911
vn -0.7590 -0.5615 -0.3296
vn -0.7594 -0.5622 -0.3276
vn -0.5976 -0.2447 -0.7636
vn -0.6134 -0.2924 -0.7337
vn -0.7837 -0.6145 0.0904
vn -0.7879 -0.5971 0.1506
vn -0.7056 0.0393 -0.7075
vn -0.5232 0.0890 -0.8475
vn -0.5181 0.0565 -0.8535
vn -0.9334 -0.3547 0.0540
vn -0.7852 -0.4198 0.4552
vn -0.7989 -0.3889 0.4588
vn -0.8054 0.0588 -0.5898
vn -0.6736 0.2853 -0.6818
vn -0.6310 0.3059 -0.7129
vn -0.9807 -0.1834 -0.0672
vn -0.9719 -0.1931 0.1347
vn -0.9564 -0.1893 0.2225
vn -0.9494 -0.0288 -0.3126
vn -0.9298 -0.0764 -0.3601
vn -0.9296 -0.0449 -0.3657
vn -0.9299 -0.0765 -0.3598
vn -0.9297 -0.0447 -0.3656
vn -0.9225 0.3306 -0.1994
vn -0.9492 0.1842 -0.2553
vn -0.9513 0.1704 -0.2570
vn -0.9212 0.3360 -0.1961
vn -0.9102 0.4101 -0.0573
vn -0.9082 0.4130 -0.0677
vn -0.9514 -0.0043 -0.3080
vn -0.9528 0.0076 -0.3034
vn -0.9530 0.2957 0.0656
vn -0.9503 0.3052 0.0611
vn -0.9933 0.1073 0.0430
vn -0.9925 0.1138 0.0456
vn -0.9914 -0.0902 -0.0943
vn -0.9911 -0.0922 -0.0963
vn -0.9552 -0.1413 -0.2601
vn -0.9528 -0.1330 -0.2729
vn -0.9553 -0.1415 -0.2596
vn -0.9529 -0.1332 -0.2724
vn -0.6172 -0.1627 -0.7698
vn -0.5855 -0.0412 -0.8097
vn -0.3339 0.5018 -0.7979
vn -0.3566 0.3975 -0.8455
vn -0.2647 0.8374 -0.4782
vn -0.2383 0.8324 -0.5003
vn -0.7940 -0.4502 -0.4086
vn -0.8044 -0.4363 -0.4033
vn -0.7941 -0.4504 -0.4081
vn -0.8393 -0.5155 0.1730
vn -0.8322 -0.4457 0.3298
vn -0.8046 -0.4362 -0.4030
vn -0.6891 -0.1509 0.7087
vn -0.6576 -0.0194 0.7531
vn -0.4594 0.4694 0.7541
vn -0.4887 0.4581 0.7425
vn -0.2847 0.9344 0.2141
vn -0.3206 0.9208 0.2221
vn 0.1635 -0.8222 -0.5451
vn 0.9503 -0.2559 -0.1773
vn 0.9581 -0.2632 -0.1129
vn -0.9496 -0.2278 -0.2153
vn -0.9632 -0.2669 -0.0329
vn -0.9477 -0.3102 0.0755
vn -0.9472 -0.3196 -0.0274
vn -0.9294 -0.0676 -0.3628
vn -0.9252 -0.0558 -0.3753
vn -0.9464 -0.3217 -0.0268
vn -0.8731 -0.1467 0.4649
vn -0.9472 -0.3195 -0.0278
vn -0.9465 -0.3216 -0.0270
vn -0.9122 -0.1815 0.3674
vn -0.9090 -0.2330 -0.3456
vn -0.7450 -0.1410 -0.6520
vn -0.7751 -0.0998 -0.6239
vn -0.9199 -0.2395 -0.3104
vn -0.9019 -0.3022 -0.3086
vn -0.7675 -0.4776 -0.4277
vn -0.7599 -0.3909 -0.5194
vn -0.6787 -0.2511 -0.6901
vn -0.9548 -0.2879 -0.0740
vn -0.9225 -0.3853 -0.0219
vn -0.7021 -0.1671 -0.6922
vn -0.7967 -0.6041 -0.0186
vn -0.7985 -0.5996 -0.0535
vn -0.9253 -0.3189 0.2054
vn -0.8994 -0.3935 0.1905
vn -0.7414 -0.5828 0.3327
vn -0.7298 -0.5362 0.4241
vn -0.6511 -0.3650 0.6655
vn -0.5503 -0.5163 0.6562
vn -0.9530 -0.2980 -0.0544
vn -0.6868 -0.3344 0.6454
vn -0.7306 -0.1504 -0.6660
vn -0.9203 -0.3591 0.1551
vn -0.6856 -0.3593 0.6331
vn -0.7232 -0.2874 0.6280
vn -0.9290 -0.3224 -0.1817
vn -0.9626 -0.2683 -0.0381
vn -0.8866 -0.4118 -0.2104
vn -0.8648 -0.4628 -0.1948
vn -0.8181 -0.2789 -0.5029
vn -0.8546 -0.2396 -0.4608
vn -0.9657 -0.2450 -0.0864
vn -0.9640 -0.2542 -0.0784
vn -0.7906 -0.5782 -0.2017
vn -0.8064 -0.5046 -0.3084
vn -0.6421 -0.4858 -0.5930
vn -0.9588 -0.2504 0.1340
vn -0.9555 -0.2721 0.1137
vn -0.8426 -0.5235 0.1262
vn -0.8244 -0.5418 0.1637
vn -0.9247 -0.3711 0.0852
vn -0.8280 -0.5524 0.0965
vn -0.7623 -0.6341 0.1296
vn -0.7604 -0.6339 0.1412
vn -0.7128 -0.3539 -0.6056
vn -0.8298 -0.3694 0.4183
vn -0.7960 -0.4276 0.4283
vn -0.4781 -0.3214 0.8174
vn -0.4283 -0.4593 0.7782
vn -0.7702 -0.3178 -0.5531
vn -0.9382 -0.3302 0.1032
vn -0.5196 -0.2240 0.8245
vn -0.6985 -0.5685 0.4346
vn -0.6877 -0.4869 0.5385
vn -0.8545 -0.3000 0.4241
vn -0.6192 -0.2429 0.7467
vn -0.6376 -0.1401 0.7575
vn -0.9027 -0.2857 0.3218
vn -0.9219 -0.2539 0.2926
vn -0.7510 0.0137 0.6602
vn -0.8409 -0.1161 0.5286
vn -0.8427 -0.5235 0.1257
vn -0.8246 -0.5416 0.1631
vn -0.9465 -0.3054 0.1039
vn -0.9359 -0.2155 0.2785
vn -0.8789 -0.4631 0.1147
vn -0.8834 -0.4563 0.1067
vn -0.9359 -0.3275 -0.1298
vn -0.9544 -0.2735 -0.1198
vn -0.9803 -0.1399 0.1391
vn -0.9811 -0.1386 0.1351
vn -0.8352 -0.5318 0.1401
vn -0.8585 -0.5056 0.0859
vn -0.8194 -0.0742 0.5684
vn -0.8046 -0.1691 0.5692
vn -0.8105 -0.1522 0.5656
vn -0.8612 -0.3214 0.3938
vn -0.7416 -0.4732 0.4755
vn -0.7081 -0.5105 0.4879
vn -0.7001 -0.5060 0.5039
vn -0.7102 -0.6442 -0.2839
vn -0.7445 -0.5067 -0.4347
vn -0.5890 -0.0697 0.8051
vn -0.5008 -0.2345 0.8332
vn -0.7683 -0.4367 -0.4679
vn -0.8710 -0.3131 0.3785
vn -0.4624 -0.0940 0.8817
vn -0.5237 -0.3365 0.7826
vn -0.4950 -0.2685 0.8264
vn -0.4640 0.0667 0.8833
vn -0.4099 0.0797 0.9087
vn -0.4131 0.0192 0.9105
vn -0.4262 0.0550 0.9029
vn -0.6295 0.0857 0.7723
vn -0.5981 0.1937 0.7776
vn -0.6010 0.1913 0.7760
vn -0.8047 -0.1691 0.5690
vn -0.8106 -0.1521 0.5656
vn -0.9596 -0.2806 -0.0208
vn -0.6636 -0.3025 0.6842
vn -0.7303 -0.1421 -0.6681
vn -0.0214 -0.2012 0.9793
vn -0.0279 -0.3031 0.9526
vn -0.0075 -0.1706 0.9853
vn 0.0464 -0.5799 0.8134
vn -0.0007 -0.0278 -0.9996
vn -0.0108 0.0487 -0.9988
vn 0.0447 -0.2800 -0.9590
vn -0.0119 0.0564 -0.9983
vn -0.0070 -0.9851 -0.1721
vn -0.0530 -0.4375 -0.8976
vn -0.0970 -0.2263 -0.9692
vn 0.2190 -0.3988 0.8905
vn 0.0915 -0.9476 0.3062
vn -0.0621 -0.6518 -0.7558
vn 0.1634 -0.1696 0.9719
vn -0.1405 -0.3791 -0.9146
vn -0.7839 -0.2709 -0.5587
vn -0.9474 -0.2948 0.1246
vn -0.5198 -0.1555 0.8400
vn -0.1435 -0.1739 -0.9742
vn -0.1655 -0.1084 -0.9802
vn 0.1273 -0.0332 0.9913
vn 0.1438 0.0375 0.9889
vn -0.1720 -0.2839 -0.9433
vn -0.8887 -0.2900 0.3552
vn -0.7965 -0.3591 -0.4864
vn -0.2105 -0.2083 -0.9551
vn -0.4471 -0.0912 0.8898
vn 0.3293 0.1732 0.9282
vn 0.3325 0.1547 0.9303
vn -0.7275 -0.1588 -0.6675
vn -0.9559 -0.2935 -0.0058
vn -0.6667 -0.2891 0.6870
vn 0.0016 0.0820 -0.9966
vn 0.0097 -0.1439 0.9895
vn -0.9271 -0.3733 -0.0324
vn -0.6659 -0.3486 0.6596
vn 0.0287 -0.1571 0.9872
vn -0.7057 -0.2248 -0.6719
vn -0.0105 0.0857 -0.9963
vn -0.9174 -0.3940 -0.0562
vn -0.6546 -0.3839 0.6513
vn -0.7108 -0.2442 -0.6597
vn 0.0357 -0.1564 0.9870
vn -0.0153 0.0805 -0.9966
vn -0.9166 -0.3967 -0.0498
vn -0.6438 -0.4101 0.6460
vn 0.0583 -0.1826 0.9815
vn -0.7202 -0.2463 -0.6486
vn -0.0306 0.0496 -0.9983
vn 0.0155 -0.0798 -0.9967
vn 0.1181 -0.3313 0.9361
vn 0.2193 -0.7477 0.6267
vn 0.2434 -0.9609 0.1317
vn 0.2165 -0.8638 -0.4549
vn 0.1501 -0.5338 -0.8322
vn -0.9363 -0.3180 0.1491
vn -0.5000 -0.1638 0.8504
vn -0.7929 -0.2622 -0.5500
vn 0.1886 0.0589 0.9803
vn -0.9126 -0.3699 0.1740
vn -0.5046 -0.1961 0.8408
vn 0.2255 0.0800 0.9710
vn -0.8045 -0.3106 -0.5063
vn -0.1921 -0.0606 -0.9795
vn -0.1999 -0.0765 -0.9768
vn -0.9098 -0.3679 0.1920
vn -0.5034 -0.1989 0.8408
vn -0.7995 -0.3255 -0.5047
vn 0.2554 0.0882 0.9628
vn -0.1884 -0.1057 -0.9764
vn -0.9049 -0.3805 0.1908
vn -0.4781 -0.2464 0.8430
vn -0.7938 -0.3663 -0.4855
vn 0.2952 -0.0057 0.9554
vn -0.1934 -0.1744 -0.9655
vn 0.3649 -0.1888 0.9117
vn -0.1576 -0.3695 -0.9158
vn 0.3388 -0.6204 0.7073
vn 0.1142 -0.9713 -0.2086
vn -0.0145 -0.7764 -0.6301
vn 0.2371 -0.9316 0.2757
vn -0.8232 -0.3286 -0.4630
vn -0.9055 -0.2668 0.3299
vn -0.4424 -0.0452 0.8957
vn -0.2520 -0.1712 -0.9525
vn -0.8100 -0.3738 -0.4519
vn -0.8866 -0.3301 0.3240
vn -0.2651 -0.2114 -0.9407
vn -0.4354 -0.1074 0.8938
vn 0.3399 0.1907 0.9209
vn 0.3515 0.1879 0.9172
vn -0.8054 -0.4259 -0.4123
vn -0.8637 -0.3752 0.3365
vn -0.3648 -0.1375 0.9209
vn -0.2816 -0.2599 -0.9237
vn 0.3868 0.1560 0.9089
vn -0.8486 -0.4104 0.3339
vn -0.3641 -0.1804 0.9137
vn 0.4158 0.1114 0.9026
vn -0.7939 -0.4844 -0.3676
vn -0.2944 -0.3288 -0.8973
vn -0.2675 -0.4989 -0.8244
vn 0.4575 -0.0379 0.8884
vn 0.1446 -0.9847 -0.0968
vn -0.0797 -0.8606 -0.5030
vn 0.3746 -0.8523 0.3650
vn 0.4775 -0.5049 0.7191
vn -0.6461 -0.1496 0.7485
vn -0.2986 0.2537 0.9200
vn 0.1310 0.5568 0.8202
vn -0.7820 -0.5648 0.2637
vn -0.6350 -0.1240 0.7625
vn -0.3193 0.2423 0.9162
vn -0.8134 -0.5044 0.2899
vn 0.1109 0.5670 0.8162
vn 0.5094 0.6873 0.5179
vn 0.4865 0.6972 0.5265
vn -0.3708 0.2500 0.8944
vn 0.0613 0.5529 0.8310
vn 0.5088 0.6656 0.5460
vn -0.6439 -0.0735 0.7616
vn -0.8046 -0.4636 0.3712
vn -0.3079 0.1371 0.9415
vn 0.0258 -0.2116 0.9770
vn 0.7842 0.6096 0.1159
vn 0.7844 0.6094 0.1153
vn 0.8859 0.2515 -0.3898
vn 0.8185 0.5674 0.0900
vn 0.8187 0.5672 0.0898
vn 0.9067 0.1679 -0.3870
vn 0.8713 0.4846 0.0778
vn 0.8715 0.4843 0.0774
vn 0.9167 0.1168 -0.3821
vn 0.9220 0.3746 0.0980
vn 0.9222 0.3743 0.0973
vn 0.9099 0.1031 0.4018
vn 0.9102 0.1028 0.4013
vn -0.6735 -0.7278 -0.1292
vn -0.4318 -0.7746 -0.4621
vn -0.6732 -0.7280 -0.1297
vn -0.7355 -0.6659 -0.1251
vn -0.4489 -0.7370 -0.5053
vn -0.7353 -0.6660 -0.1257
vn -0.7334 -0.6765 -0.0668
vn -0.3777 -0.7786 -0.5011
vn -0.7332 -0.6766 -0.0674
vn -0.6744 -0.7372 0.0423
vn -0.6741 -0.7374 0.0419
vn 0.0363 -0.7889 0.6135
vn -0.4403 -0.8361 0.3272
vn -0.4400 -0.8364 0.3268
vn 0.0366 -0.7892 0.6130
vn 0.4163 -0.5592 0.7170
vn 0.7128 -0.2560 0.6530
vn 0.4166 -0.5594 0.7166
vn 0.6703 -0.7420 -0.0105
vn 0.7131 -0.2563 0.6525
vn 0.7107 -0.1513 -0.6871
vn 0.3450 -0.4790 -0.8072
vn -0.0601 -0.6882 -0.7230
vn 0.7505 -0.1715 -0.6382
vn 0.4233 -0.4746 -0.7718
vn -0.0202 -0.6786 -0.7342
vn 0.7616 -0.2129 -0.6121
vn 0.5022 -0.4931 -0.7104
vn 0.1306 -0.6878 -0.7140
vn 0.5807 -0.5760 -0.5753
vn 0.9660 -0.2420 -0.0909
vn 0.9864 -0.1471 0.0729
vn 0.9822 -0.1877 0.0036
vn 0.9020 -0.3523 -0.2496
vn 0.8509 -0.4347 -0.2950
vn 0.8886 -0.4518 -0.0794
vn 0.9524 -0.2793 -0.1224
vn 0.8412 -0.3822 -0.3826
vn 0.9172 -0.3525 0.1857
vn 0.3298 0.1733 0.9280
vn 0.8540 0.2352 0.4641
vn 0.8448 0.1485 0.5141
vn 0.3433 0.1640 0.9248
vn 0.3331 0.1549 0.9301
vn 0.8674 0.2518 0.4291
vn 0.9997 0.0255 -0.0065
vn 0.9856 0.1302 -0.1080
vn 0.9667 0.1922 -0.1692
vn 0.7259 -0.2332 -0.6471
vn 0.6130 -0.0996 -0.7838
vn 0.5916 -0.0052 -0.8062
vn -0.1714 -0.2838 -0.9434
vn -0.1400 -0.3790 -0.9147
vn -0.2099 -0.2081 -0.9553
vn -0.0616 -0.6518 -0.7559
vn 0.9797 -0.1084 -0.1688
vn 0.6605 -0.2057 -0.7221
vn -0.0525 -0.4375 -0.8977
vn -0.0064 -0.9851 -0.1719
vn -0.0964 -0.2263 -0.9693
vn 0.8284 -0.4992 0.2541
vn 0.0470 -0.5799 0.8133
vn 0.6937 -0.2760 0.6652
vn 0.9715 -0.2249 -0.0753
vn -0.0273 -0.3032 0.9525
vn 0.7793 -0.3821 -0.4966
vn 0.6553 -0.1638 -0.7374
vn 0.1635 -0.8225 -0.5447
vn 0.9957 0.0118 -0.0914
vn 0.6653 0.0573 -0.7444
vn -0.0100 0.0487 -0.9988
vn -0.0001 -0.0277 -0.9996
vn 0.9898 0.1141 -0.0854
vn 0.6819 0.1347 -0.7189
vn -0.0113 0.0565 -0.9983
vn 0.7101 -0.0883 0.6986
vn 0.7198 -0.0238 0.6938
vn -0.0207 -0.2010 0.9794
vn -0.0070 -0.1705 0.9853
vn 0.9722 0.0801 -0.2200
vn 0.6348 -0.0298 -0.7721
vn -0.1428 -0.1737 -0.9744
vn 0.8746 -0.1091 0.4724
vn 0.8638 0.0789 0.4976
vn 0.1279 -0.0332 0.9912
vn 0.1640 -0.1695 0.9718
vn 0.2197 -0.3987 0.8904
vn 0.9829 0.1635 -0.0847
vn 0.6824 0.1872 -0.7066
vn 0.0022 0.0822 -0.9966
vn 0.7217 0.0208 0.6919
vn 0.0103 -0.1438 0.9896
vn 0.6147 0.0915 -0.7835
vn 0.9491 0.1958 -0.2466
vn -0.1650 -0.1083 -0.9803
vn 0.8616 0.1890 0.4711
vn 0.1443 0.0377 0.9888
vn 0.9427 0.2491 -0.2218
vn 0.5523 0.0755 -0.8302
vn -0.2515 -0.1711 -0.9526
vn 0.8658 0.2965 0.4030
vn 0.3403 0.1909 0.9207
vn 0.9738 0.2175 -0.0663
vn 0.6791 0.2376 -0.6945
vn -0.0100 0.0858 -0.9963
vn 0.7493 0.0600 0.6595
vn 0.0293 -0.1570 0.9872
vn 0.9537 0.2973 -0.0458
vn 0.6957 0.2920 -0.6563
vn 0.7572 0.1337 0.6394
vn -0.0148 0.0807 -0.9966
vn 0.0362 -0.1563 0.9870
vn 0.9519 0.3041 -0.0373
vn 0.6848 0.2773 -0.6739
vn 0.7867 0.1382 0.6016
vn 0.0588 -0.1824 0.9815
vn 0.1186 -0.3311 0.9361
vn -0.0301 0.0498 -0.9983
vn 0.0160 -0.0796 -0.9967
vn 0.1508 -0.5335 -0.8322
vn 0.2442 -0.9607 0.1316
vn 0.2199 -0.7476 0.6267
vn 0.9265 0.2547 -0.2769
vn 0.6112 0.1605 -0.7751
vn 0.8543 0.2433 0.4593
vn -0.1915 -0.0605 -0.9796
vn 0.5864 0.1721 -0.7915
vn 0.9082 0.2854 -0.3060
vn -0.1993 -0.0763 -0.9770
vn 0.8683 0.2797 0.4096
vn 0.1893 0.0590 0.9801
vn 0.2261 0.0801 0.9708
vn 0.8727 0.2637 0.4109
vn 0.9123 0.2655 -0.3117
vn 0.5880 0.1524 -0.7944
vn 0.2562 0.0883 0.9626
vn -0.1876 -0.1056 -0.9765
vn 0.9287 0.2158 -0.3016
vn 0.5757 0.0888 -0.8128
vn -0.1928 -0.1741 -0.9657
vn 0.8830 0.1675 0.4385
vn 0.2957 -0.0056 0.9553
vn 0.3656 -0.1886 0.9115
vn -0.1571 -0.3693 -0.9159
vn -0.0137 -0.7762 -0.6303
vn 0.1148 -0.9712 -0.2088
vn 0.3394 -0.6203 0.7072
vn 0.5219 0.0375 -0.8522
vn 0.9327 0.2400 -0.2691
vn 0.8733 0.3073 0.3780
vn -0.2646 -0.2112 -0.9410
vn 0.3521 0.1881 0.9169
vn 0.8950 0.3034 0.3269
vn 0.9134 0.2294 -0.3362
vn 0.5061 0.0037 -0.8625
vn 0.3874 0.1561 0.9086
vn -0.2811 -0.2598 -0.9239
vn 0.8960 0.2088 -0.3920
vn 0.4709 -0.0363 -0.8814
vn -0.2939 -0.3286 -0.8976
vn 0.9160 0.2658 0.3004
vn 0.4163 0.1115 0.9024
vn -0.2670 -0.4988 -0.8246
vn 0.4581 -0.0377 0.8881
vn 0.4780 -0.5047 0.7189
vn 0.3749 -0.8523 0.3648
vn 0.1451 -0.9846 -0.0972
vn -0.0792 -0.8605 -0.5032
vn 0.0917 -0.9476 0.3061
vn -0.9082 0.4089 0.0895
vn -0.9050 0.4137 0.0987
vn -0.8912 0.3027 0.3379
vn -0.8909 0.3068 0.3350
vn -0.9683 0.2412 -0.0650
vn -0.9681 0.2422 -0.0647
vn -0.9364 -0.0122 0.3507
vn -0.9370 -0.0136 0.3490
vn -0.9713 -0.1895 0.1435
vn -0.9715 -0.1809 0.1529
vn -0.9961 0.0472 -0.0741
vn -0.9904 -0.1194 -0.0695
vn -0.9854 -0.1511 -0.0784
vn -0.9968 0.0377 -0.0711
vn -0.5940 0.0528 -0.8027
vn -0.5978 0.1251 -0.7918
vn -0.4481 0.6581 -0.6050
vn -0.4137 0.6567 -0.6305
vn -0.7477 -0.3947 -0.5339
vn -0.7478 -0.3545 -0.5614
vn -0.3410 0.9334 0.1112
vn -0.3176 0.9445 0.0846
vn -0.4131 0.5622 0.7164
vn -0.3771 0.5287 0.7604
vn -0.5315 -0.1521 0.8333
vn -0.5361 -0.0333 0.8435
vn -0.7298 -0.5314 0.4301
vn -0.7018 -0.4456 0.5558
vn -0.8041 -0.5850 -0.1057
vn -0.8229 -0.5654 -0.0568
vn -0.8041 -0.5849 -0.1062
vn -0.9041 0.4244 0.0494
vn -0.9000 0.4305 0.0677
vn -0.8945 0.3107 0.3215
vn -0.8930 0.3310 0.3050
vn -0.9389 0.0370 0.3423
vn -0.9182 0.1121 0.3799
vn -0.9663 0.2433 -0.0840
vn -0.9654 0.2468 -0.0838
vn -0.9996 -0.0201 -0.0215
vn -0.9992 0.0086 -0.0388
vn -0.9861 -0.1645 0.0235
vn -0.9862 -0.1639 0.0236
vn -0.9674 -0.2485 0.0486
vn -0.9684 -0.2420 0.0600
vn -0.9675 -0.2482 0.0490
vn -0.9680 -0.1423 0.2067
vn -0.9694 -0.1532 0.1921
vn -0.9684 -0.2420 0.0604
vn -0.5143 -0.0543 0.8559
vn -0.3020 0.6152 0.7282
vn -0.3161 0.6791 0.6625
vn -0.4421 0.1907 0.8764
vn -0.6959 -0.4848 0.5299
vn -0.6663 -0.3911 0.6349
vn -0.3010 0.9529 -0.0368
vn -0.3153 0.9490 -0.0082
vn -0.4911 0.5395 -0.6839
vn -0.4688 0.6501 -0.5980
vn -0.6699 -0.0876 -0.7372
vn -0.6576 0.0283 -0.7528
vn -0.7982 -0.4935 -0.3455
vn -0.7882 -0.4125 -0.4567
vn -0.7985 -0.5970 0.0779
vn -0.8033 -0.5837 0.1181
vn -0.7984 -0.5970 0.0786
vn -0.9976 0.0315 0.0614
vn -0.8767 0.4038 0.2614
vn -0.8723 0.4063 0.2721
vn -0.8116 0.3795 0.4442
vn -0.8131 0.3816 0.4397
vn -0.8212 0.2072 0.5317
vn -0.8239 0.1982 0.5309
vn -0.9295 0.2937 0.2231
vn -0.9273 0.3034 0.2191
vn -0.9017 0.1622 0.4007
vn -0.9041 0.1645 0.3944
vn -0.8595 0.1191 0.4970
vn -0.8594 0.1196 0.4971
vn -0.8926 0.0553 0.4475
vn -0.8912 0.0582 0.4498
vn -0.8846 0.0488 0.4637
vn -0.8843 0.0494 0.4644
vn -0.8911 0.0581 0.4501
vn -0.4653 -0.2524 0.8484
vn -0.1570 0.2975 0.9417
vn -0.1668 0.3569 0.9191
vn -0.4275 -0.1426 0.8927
vn -0.7272 -0.4981 0.4723
vn -0.0937 0.8573 0.5062
vn -0.1530 0.8498 0.5043
vn -0.3441 0.9286 -0.1387
vn -0.6680 0.4347 -0.6040
vn -0.8481 -0.1676 -0.5026
vn -0.8616 -0.5036 -0.0643
vn -0.7275 -0.4982 0.4718
vn -0.1606 0.0230 -0.9868
vn -0.1933 0.0867 -0.9773
vn 0.3494 -0.8514 -0.3911
vn 0.2171 -0.8637 -0.4549
vn 0.2376 -0.9314 0.2756
vn 0.0453 -0.2800 -0.9589
vn -0.9610 -0.2729 -0.0451
vn -0.9610 -0.2739 -0.0385
vn -0.9610 -0.2730 -0.0447
vn -0.9610 -0.2740 -0.0381
vn 0.8009 -0.5688 0.1871
vn 0.8649 -0.4980 -0.0635
vn 0.5446 -0.6655 0.5104
vn 0.2308 -0.7058 0.6697
vn 0.0152 -0.7029 0.7111
vn -0.3266 -0.6874 0.6487
vn -0.2868 -0.7912 0.5401
vn -0.6082 -0.7254 0.3222
vn -0.4786 -0.8267 0.2959
vn -0.6751 -0.7318 0.0935
vn -0.5391 -0.8389 0.0757
vn -0.2933 -0.8856 -0.3600
vn -0.4817 -0.8614 -0.1613
vn -0.1005 -0.8601 -0.5001
vn 0.2813 -0.8216 -0.4959
vn 0.6569 -0.6642 -0.3568
vn 0.8121 -0.5175 -0.2696
vn 0.8648 -0.4980 -0.0640
vt 0.811323 0.001720
vt 0.811323 0.015806
vt 0.784965 0.001722
vt 0.840152 0.373526
vt 0.842358 0.368643
vt 0.858563 0.373526
vt 0.237703 0.561332
vt 0.245832 0.534113
vt 0.274075 0.553522
vt 0.205404 0.507918
vt 0.201887 0.511014
vt 0.196763 0.484556
vt 0.426507 0.629906
vt 0.422177 0.621797
vt 0.426194 0.611903
vt 0.546885 0.606922
vt 0.574105 0.638033
vt 0.531324 0.648190
vt 0.235275 0.605637
vt 0.229478 0.623681
vt 0.206695 0.607360
vt 0.504670 0.617500
vt 0.499206 0.651032
vt 0.466400 0.625063
vt 0.452857 0.627714
vt 0.462360 0.604600
vt 0.406598 0.630900
vt 0.245508 0.707958
vt 0.232246 0.703889
vt 0.255635 0.668285
vt 0.257380 0.711411
vt 0.340945 0.728363
vt 0.327890 0.725855
vt 0.338581 0.691762
vt 0.342792 0.763864
vt 0.359142 0.783798
vt 0.331721 0.787254
vt 0.457562 0.932854
vt 0.461772 0.926913
vt 0.467716 0.933005
vt 0.390523 0.934410
vt 0.397909 0.928590
vt 0.400991 0.934370
vt 0.360911 0.799244
vt 0.357395 0.817436
vt 0.341718 0.802516
vt 0.295668 0.803193
vt 0.288550 0.817446
vt 0.273842 0.801916
vt 0.215305 0.801082
vt 0.205842 0.783357
vt 0.229531 0.791002
vt 0.297937 0.787781
vt 0.268961 0.784396
vt 0.285220 0.759964
vt 0.155749 0.777889
vt 0.154953 0.789761
vt 0.137256 0.779890
vt 0.321374 0.971284
vt 0.327416 0.962975
vt 0.336018 0.971634
vt 0.247101 0.964907
vt 0.255843 0.974101
vt 0.238840 0.974663
vt 0.167171 0.931592
vt 0.173803 0.924200
vt 0.180722 0.931638
vt 0.549386 0.836424
vt 0.540896 0.811277
vt 0.582225 0.811854
vt 0.520344 0.836181
vt 0.498736 0.810230
vt 0.525678 0.986123
vt 0.511390 0.986068
vt 0.519332 0.975183
vt 0.581215 0.981259
vt 0.589752 0.989550
vt 0.574133 0.990284
vt 0.643162 0.966314
vt 0.649632 0.975589
vt 0.635071 0.975819
vt 0.913718 0.763825
vt 0.909508 0.767029
vt 0.909377 0.762460
vt 0.914545 0.768819
vt 0.914555 0.773001
vt 0.909050 0.774576
vt 0.911838 0.373526
vt 0.908069 0.373526
vt 0.907651 0.371386
vt 0.905945 0.373526
vt 0.905944 0.369458
vt 0.257826 0.575560
vt 0.270113 0.558895
vt 0.219218 0.537564
vt 0.239343 0.534954
vt 0.478285 0.927335
vt 0.472955 0.930194
vt 0.452402 0.930680
vt 0.446111 0.928029
vt 0.386006 0.931656
vt 0.381411 0.928855
vt 0.409086 0.928947
vt 0.404639 0.931926
vt 0.316080 0.967580
vt 0.311107 0.964100
vt 0.344648 0.964034
vt 0.340028 0.968103
vt 0.233793 0.969901
vt 0.228678 0.965073
vt 0.267162 0.966785
vt 0.261544 0.970416
vt 0.192873 0.925573
vt 0.186275 0.928866
vt 0.161719 0.928011
vt 0.155096 0.923661
vt 0.022056 0.564063
vt 0.017447 0.572589
vt 0.014420 0.567995
vt 0.010561 0.562138
vt 0.023293 0.530547
vt 0.025831 0.540652
vt 0.015370 0.537684
vt 0.019312 0.534133
vt 0.734412 0.594863
vt 0.732405 0.588869
vt 0.737051 0.589481
vt 0.741651 0.590087
vt 0.747960 0.622227
vt 0.744105 0.615326
vt 0.753069 0.609542
vt 0.750206 0.616651
vt 0.507400 0.981629
vt 0.502803 0.976514
vt 0.536139 0.976284
vt 0.531072 0.981050
vt 0.568300 0.985406
vt 0.562551 0.980598
vt 0.599188 0.980758
vt 0.594438 0.985184
vt 0.661487 0.966517
vt 0.654985 0.971493
vt 0.630377 0.971897
vt 0.624801 0.967237
vt 0.811323 0.047708
vt 0.811323 0.503385
vt 0.822493 0.503384
vt 0.822493 0.545062
vt 0.811323 0.545062
vt 0.822493 0.018897
vt 0.822493 0.001721
vt 0.846046 0.350138
vt 0.840151 0.350138
vt 0.840152 0.323677
vt 0.846046 0.323680
vt 0.845637 0.365693
vt 0.840152 0.363118
vt 0.811323 0.474187
vt 0.822493 0.477200
vt 0.840151 0.305809
vt 0.846046 0.305812
vt 0.840152 0.286139
vt 0.846047 0.286138
vt 0.811323 0.450929
vt 0.822493 0.449791
vt 0.811323 0.410232
vt 0.822493 0.410232
vt 0.840152 0.252094
vt 0.846046 0.252096
vt 0.840151 0.222312
vt 0.846046 0.222315
vt 0.840152 0.197754
vt 0.846054 0.197754
vt 0.840152 0.172551
vt 0.846052 0.172551
vt 0.840151 0.147317
vt 0.846050 0.147315
vt 0.840151 0.122945
vt 0.846048 0.122944
vt 0.811325 0.142793
vt 0.822494 0.142793
vt 0.822494 0.185999
vt 0.840153 0.098537
vt 0.846046 0.098742
vt 0.822493 0.096870
vt 0.840152 0.073346
vt 0.846048 0.073347
vt 0.840151 0.046529
vt 0.846046 0.046529
vt 0.822493 0.047708
vt 0.840151 0.026312
vt 0.846046 0.026312
vt 0.858579 0.323680
vt 0.858559 0.350146
vt 0.858577 0.305809
vt 0.858574 0.286137
vt 0.858570 0.252094
vt 0.858561 0.222344
vt 0.858570 0.197754
vt 0.858568 0.172551
vt 0.858567 0.147318
vt 0.858566 0.122945
vt 0.858561 0.096616
vt 0.858563 0.073346
vt 0.858563 0.046529
vt 0.858563 0.026312
vt 0.858563 0.368063
vt 0.881662 0.373526
vt 0.881661 0.370298
vt 0.881661 0.026312
vt 0.881660 0.046529
vt 0.881661 0.350125
vt 0.881661 0.323666
vt 0.881661 0.073342
vt 0.881662 0.096614
vt 0.881661 0.122941
vt 0.881662 0.147310
vt 0.881661 0.172544
vt 0.881662 0.197747
vt 0.881660 0.222303
vt 0.881661 0.252085
vt 0.881660 0.286124
vt 0.881662 0.305797
vt 0.905951 0.323680
vt 0.905945 0.350084
vt 0.905951 0.305809
vt 0.905951 0.286137
vt 0.905945 0.252056
vt 0.905945 0.222279
vt 0.905950 0.197754
vt 0.905950 0.172551
vt 0.905950 0.147317
vt 0.905945 0.122945
vt 0.905945 0.096615
vt 0.905945 0.073344
vt 0.905944 0.046529
vt 0.905944 0.026311
vt 0.908527 0.046529
vt 0.908528 0.026312
vt 0.908528 0.073347
vt 0.908528 0.350138
vt 0.908528 0.323680
vt 0.908528 0.096615
vt 0.908528 0.122945
vt 0.908528 0.147317
vt 0.908528 0.172551
vt 0.908528 0.197754
vt 0.908528 0.222311
vt 0.908527 0.252096
vt 0.908528 0.286137
vt 0.908527 0.305809
vt 0.911839 0.172551
vt 0.911840 0.147317
vt 0.917567 0.147315
vt 0.917567 0.172551
vt 0.911840 0.197754
vt 0.917567 0.197755
vt 0.911839 0.122945
vt 0.917567 0.122944
vt 0.349508 0.589926
vt 0.324279 0.582083
vt 0.326513 0.575632
vt 0.350288 0.583238
vt 0.377428 0.590773
vt 0.377160 0.596745
vt 0.296984 0.569078
vt 0.300315 0.562376
vt 0.911838 0.222312
vt 0.917566 0.222312
vt 0.911838 0.252097
vt 0.917566 0.252096
vt 0.911838 0.286138
vt 0.917566 0.286136
vt 0.218437 0.501177
vt 0.222639 0.499004
vt 0.911840 0.305809
vt 0.917567 0.305809
vt 0.212847 0.474853
vt 0.208925 0.477219
vt 0.917567 0.323680
vt 0.911840 0.323677
vt 0.917567 0.350138
vt 0.911838 0.350138
vt 0.579947 0.553608
vt 0.558385 0.562070
vt 0.556520 0.557278
vt 0.576923 0.550086
vt 0.523936 0.571190
vt 0.526672 0.575077
vt 0.917566 0.373526
vt 0.491590 0.580257
vt 0.489497 0.574959
vt 0.911838 0.026310
vt 0.917566 0.026312
vt 0.917567 0.046529
vt 0.911838 0.046529
vt 0.462698 0.587069
vt 0.462807 0.581416
vt 0.917567 0.073346
vt 0.911839 0.073344
vt 0.425921 0.596303
vt 0.425833 0.591273
vt 0.917567 0.096615
vt 0.911838 0.096615
vt 0.406252 0.591549
vt 0.406384 0.597381
vt 0.206409 0.542050
vt 0.599384 0.575078
vt 0.574635 0.592731
vt 0.564168 0.576930
vt 0.589326 0.564530
vt 0.192142 0.514858
vt 0.184304 0.491621
vt 0.535156 0.587131
vt 0.605091 0.585310
vt 0.586881 0.608122
vt 0.182053 0.520009
vt 0.173634 0.497029
vt 0.163750 0.526541
vt 0.156061 0.505206
vt 0.616005 0.599078
vt 0.603299 0.620747
vt 0.195790 0.544070
vt 0.186963 0.548412
vt 0.167567 0.552286
vt 0.598655 0.642687
vt 0.214083 0.573275
vt 0.266648 0.628872
vt 0.286652 0.589864
vt 0.317351 0.602091
vt 0.303664 0.644893
vt 0.347087 0.610666
vt 0.342517 0.649406
vt 0.376327 0.615265
vt 0.378619 0.642893
vt 0.406793 0.615466
vt 0.498080 0.596690
vt 0.627654 0.608248
vt 0.621191 0.628476
vt 0.143663 0.533030
vt 0.139459 0.513235
vt 0.121487 0.536020
vt 0.117177 0.518208
vt 0.146228 0.555393
vt 0.124336 0.555547
vt 0.102808 0.536809
vt 0.100183 0.520037
vt 0.103863 0.554049
vt 0.643971 0.615366
vt 0.643698 0.631531
vt 0.656504 0.613244
vt 0.660645 0.625631
vt 0.645371 0.644345
vt 0.621648 0.646272
vt 0.664128 0.638114
vt 0.201078 0.575726
vt 0.184511 0.577434
vt 0.165416 0.579389
vt 0.174686 0.608624
vt 0.157506 0.605476
vt 0.159898 0.636964
vt 0.144708 0.626613
vt 0.189219 0.647779
vt 0.145629 0.579184
vt 0.139566 0.600558
vt 0.131400 0.619026
vt 0.135161 0.659861
vt 0.127662 0.645693
vt 0.117642 0.634413
vt 0.155089 0.684578
vt 0.135554 0.682421
vt 0.178295 0.688790
vt 0.673700 0.730506
vt 0.647420 0.727634
vt 0.650253 0.712703
vt 0.673549 0.721832
vt 0.673941 0.744247
vt 0.647226 0.740237
vt 0.656258 0.699783
vt 0.673371 0.711637
vt 0.580623 0.685599
vt 0.605435 0.672782
vt 0.626834 0.666375
vt 0.541044 0.691158
vt 0.617764 0.713996
vt 0.628305 0.696887
vt 0.638662 0.685255
vt 0.619106 0.734320
vt 0.584701 0.728219
vt 0.544175 0.728171
vt 0.124317 0.576456
vt 0.102775 0.571126
vt 0.121107 0.594563
vt 0.115837 0.611114
vt 0.105783 0.624998
vt 0.664546 0.689115
vt 0.677274 0.700211
vt 0.219660 0.658046
vt 0.100303 0.587817
vt 0.095952 0.602458
vt 0.089810 0.614188
vt 0.648484 0.659734
vt 0.655606 0.676050
vt 0.673455 0.665525
vt 0.679612 0.676254
vt 0.667192 0.651629
vt 0.688524 0.686473
vt 0.470513 0.655851
vt 0.451469 0.658967
vt 0.502544 0.692742
vt 0.502515 0.728270
vt 0.472185 0.694444
vt 0.470008 0.728472
vt 0.449394 0.696662
vt 0.427068 0.661962
vt 0.427719 0.699284
vt 0.404477 0.665009
vt 0.404737 0.700001
vt 0.445412 0.730805
vt 0.377465 0.667176
vt 0.340486 0.665330
vt 0.299873 0.656609
vt 0.263352 0.642805
vt 0.375434 0.698028
vt 0.295597 0.679998
vt 0.206988 0.696286
vt 0.290501 0.718823
vt 0.374784 0.732197
vt 0.405598 0.733733
vt 0.428305 0.732910
vt 0.154429 0.719402
vt 0.136133 0.715648
vt 0.135846 0.699204
vt 0.154756 0.702167
vt 0.176241 0.707198
vt 0.174229 0.725235
vt 0.674420 0.771728
vt 0.649779 0.765867
vt 0.648515 0.753182
vt 0.674183 0.758127
vt 0.153667 0.742747
vt 0.136548 0.739409
vt 0.154179 0.760831
vt 0.136894 0.759243
vt 0.674788 0.792800
vt 0.652033 0.790443
vt 0.675107 0.811106
vt 0.653106 0.810818
vt 0.428570 0.748082
vt 0.428830 0.762948
vt 0.406915 0.764406
vt 0.406263 0.749226
vt 0.442359 0.746905
vt 0.439368 0.762680
vt 0.373617 0.765007
vt 0.374195 0.748769
vt 0.412481 0.787586
vt 0.429212 0.784884
vt 0.399265 0.792467
vt 0.389521 0.780410
vt 0.429530 0.803116
vt 0.414505 0.804932
vt 0.402318 0.806459
vt 0.440960 0.784296
vt 0.443932 0.803274
vt 0.468854 0.745021
vt 0.467723 0.761237
vt 0.467286 0.785086
vt 0.465644 0.806288
vt 0.170451 0.746451
vt 0.373806 0.774661
vt 0.201621 0.714988
vt 0.196363 0.733313
vt 0.223571 0.722210
vt 0.215070 0.740161
vt 0.240970 0.727598
vt 0.236524 0.746842
vt 0.257565 0.752786
vt 0.257473 0.732309
vt 0.287834 0.739603
vt 0.321071 0.744823
vt 0.314390 0.763408
vt 0.341878 0.746294
vt 0.315474 0.780335
vt 0.203318 0.764321
vt 0.191747 0.749672
vt 0.620480 0.761395
vt 0.619800 0.747995
vt 0.502190 0.744952
vt 0.501872 0.761298
vt 0.543951 0.744771
vt 0.543731 0.761037
vt 0.584839 0.744411
vt 0.584974 0.760276
vt 0.413281 0.818466
vt 0.414090 0.835560
vt 0.396301 0.836500
vt 0.390303 0.819585
vt 0.379843 0.838996
vt 0.371920 0.825274
vt 0.366090 0.820474
vt 0.371287 0.813057
vt 0.388546 0.815428
vt 0.397884 0.807308
vt 0.374012 0.808960
vt 0.414366 0.851435
vt 0.396575 0.852104
vt 0.380110 0.854352
vt 0.429795 0.818208
vt 0.430093 0.835374
vt 0.430379 0.851776
vt 0.364682 0.851179
vt 0.364552 0.843795
vt 0.362916 0.842831
vt 0.364861 0.861563
vt 0.444196 0.818368
vt 0.444499 0.835673
vt 0.444784 0.852075
vt 0.460380 0.824628
vt 0.460650 0.840097
vt 0.460929 0.856077
vt 0.476628 0.832308
vt 0.476882 0.846995
vt 0.483402 0.826672
vt 0.476983 0.860452
vt 0.485088 0.847341
vt 0.485425 0.853876
vt 0.485946 0.862490
vt 0.485221 0.846289
vt 0.414656 0.867858
vt 0.396866 0.868876
vt 0.380395 0.870615
vt 0.430661 0.867884
vt 0.445065 0.868126
vt 0.461181 0.870409
vt 0.477346 0.873547
vt 0.486061 0.874456
vt 0.365069 0.873440
vt 0.486021 0.888091
vt 0.477661 0.887400
vt 0.380711 0.888753
vt 0.365343 0.889021
vt 0.461476 0.887343
vt 0.486660 0.900779
vt 0.477835 0.901542
vt 0.461722 0.901505
vt 0.380957 0.902845
vt 0.365594 0.903462
vt 0.397210 0.888464
vt 0.397455 0.902553
vt 0.415009 0.888154
vt 0.431011 0.887874
vt 0.445407 0.887622
vt 0.415254 0.902221
vt 0.431261 0.902297
vt 0.445639 0.901067
vt 0.397716 0.917251
vt 0.381219 0.917540
vt 0.415515 0.916941
vt 0.365844 0.917808
vt 0.487211 0.914396
vt 0.478087 0.915849
vt 0.461982 0.916129
vt 0.445911 0.916410
vt 0.431516 0.916660
vt 0.484033 0.933306
vt 0.438832 0.935012
vt 0.418496 0.935886
vt 0.366137 0.934691
vt 0.477371 0.937566
vt 0.470823 0.941753
vt 0.447889 0.939237
vt 0.386933 0.944652
vt 0.376625 0.939714
vt 0.409625 0.940808
vt 0.455319 0.942702
vt 0.911578 0.796456
vt 0.912625 0.862536
vt 0.894100 0.867534
vt 0.871423 0.823240
vt 0.958518 0.825942
vt 0.937397 0.868284
vt 0.394639 0.794618
vt 0.869260 0.885571
vt 0.849438 0.869935
vt 0.365884 0.797607
vt 0.975499 0.871235
vt 0.960117 0.884592
vt 0.385790 0.785128
vt 0.851040 0.916218
vt 0.841916 0.913691
vt 0.363879 0.785877
vt 0.984809 0.915402
vt 0.977633 0.914387
vt 0.373729 0.780235
vt 0.978000 0.958546
vt 0.972731 0.954395
vt 0.849220 0.957059
vt 0.852613 0.951696
vt 0.951013 0.895056
vt 0.931310 0.880484
vt 0.914206 0.877137
vt 0.963995 0.915726
vt 0.898513 0.880038
vt 0.878534 0.894444
vt 0.864026 0.919016
vt 0.964340 0.943467
vt 0.863693 0.943993
vt 0.916891 0.917039
vt 0.918447 0.913862
vt 0.917423 0.910459
vt 0.917203 0.920645
vt 0.909277 0.915942
vt 0.911174 0.919256
vt 0.909249 0.911131
vt 0.912011 0.908920
vt 0.914651 0.908634
vt 0.361680 0.842608
vt 0.499976 0.786460
vt 0.542743 0.785739
vt 0.326643 0.792036
vt 0.315919 0.787062
vt 0.304927 0.790553
vt 0.704018 0.815868
vt 0.693304 0.780566
vt 0.700680 0.779658
vt 0.707365 0.811120
vt 0.829086 0.763877
vt 0.826019 0.806306
vt 0.821482 0.802899
vt 0.822119 0.766527
vt 0.334318 0.802850
vt 0.700288 0.734488
vt 0.715716 0.747551
vt 0.337790 0.818175
vt 0.331808 0.815085
vt 0.718920 0.687022
vt 0.732241 0.729597
vt 0.347585 0.822913
vt 0.322863 0.829154
vt 0.320877 0.821563
vt 0.343392 0.831779
vt 0.755585 0.654857
vt 0.758739 0.718036
vt 0.304562 0.817864
vt 0.309196 0.813957
vt 0.797695 0.675660
vt 0.787044 0.723890
vt 0.306403 0.830212
vt 0.299001 0.820753
vt 0.325345 0.844263
vt 0.309026 0.844981
vt 0.342596 0.846481
vt 0.302618 0.801644
vt 0.820170 0.719796
vt 0.808043 0.739387
vt 0.265741 0.800335
vt 0.261232 0.788763
vt 0.267808 0.817103
vt 0.260380 0.814127
vt 0.710413 0.879152
vt 0.721120 0.891540
vt 0.705596 0.920058
vt 0.699177 0.920377
vt 0.729722 0.822774
vt 0.743756 0.871250
vt 0.277631 0.821503
vt 0.251892 0.781596
vt 0.253515 0.773182
vt 0.707222 0.955289
vt 0.710626 0.950546
vt 0.247947 0.823434
vt 0.248942 0.817921
vt 0.767050 0.795397
vt 0.769787 0.864962
vt 0.270410 0.829380
vt 0.233047 0.807951
vt 0.239377 0.806651
vt 0.228010 0.821920
vt 0.223761 0.809044
vt 0.265042 0.845281
vt 0.244962 0.842360
vt 0.226518 0.841385
vt 0.810494 0.822463
vt 0.795492 0.872365
vt 0.237121 0.791316
vt 0.827078 0.875950
vt 0.819307 0.893601
vt 0.232548 0.773308
vt 0.242914 0.780976
vt 0.835431 0.924081
vt 0.832034 0.925077
vt 0.827620 0.955008
vt 0.822749 0.952457
vt 0.199144 0.780010
vt 0.196847 0.766619
vt 0.199163 0.794946
vt 0.194405 0.789693
vt 0.852808 0.724365
vt 0.866056 0.739347
vt 0.847374 0.769074
vt 0.841774 0.768855
vt 0.867995 0.682199
vt 0.885948 0.722876
vt 0.188826 0.755743
vt 0.847266 0.808098
vt 0.851908 0.804720
vt 0.179662 0.795347
vt 0.181614 0.789183
vt 0.910020 0.656454
vt 0.911925 0.717251
vt 0.207263 0.802965
vt 0.201167 0.808689
vt 0.165817 0.777900
vt 0.172668 0.777198
vt 0.191080 0.822952
vt 0.171895 0.814833
vt 0.153098 0.809173
vt 0.954317 0.679911
vt 0.934978 0.726634
vt 0.170900 0.762280
vt 0.163942 0.762501
vt 0.975474 0.728110
vt 0.955720 0.742550
vt 0.177026 0.751735
vt 0.979476 0.777318
vt 0.970802 0.776336
vt 0.962266 0.817318
vt 0.959992 0.812280
vt 0.325782 0.869249
vt 0.309459 0.869763
vt 0.343012 0.870295
vt 0.290639 0.854478
vt 0.290531 0.848347
vt 0.290953 0.872486
vt 0.289000 0.845129
vt 0.360234 0.846667
vt 0.360353 0.853444
vt 0.360181 0.843673
vt 0.360661 0.871154
vt 0.287321 0.844686
vt 0.283863 0.845283
vt 0.281631 0.849920
vt 0.207391 0.833524
vt 0.207333 0.830265
vt 0.206973 0.828898
vt 0.207468 0.837981
vt 0.205899 0.833102
vt 0.265388 0.865121
vt 0.245335 0.863744
vt 0.226893 0.862871
vt 0.281775 0.858295
vt 0.282031 0.872934
vt 0.207674 0.849828
vt 0.207978 0.867189
vt 0.205172 0.840478
vt 0.172232 0.834215
vt 0.191353 0.838644
vt 0.205726 0.854096
vt 0.153484 0.831363
vt 0.137693 0.804959
vt 0.138092 0.827852
vt 0.343359 0.890666
vt 0.326155 0.890966
vt 0.309832 0.891250
vt 0.360996 0.890357
vt 0.291288 0.891573
vt 0.326475 0.909049
vt 0.310160 0.909860
vt 0.291631 0.911305
vt 0.343683 0.908799
vt 0.361320 0.908933
vt 0.326805 0.927948
vt 0.310477 0.928089
vt 0.344023 0.928194
vt 0.291965 0.930480
vt 0.361664 0.928690
vt 0.327142 0.947210
vt 0.310816 0.947495
vt 0.292268 0.947819
vt 0.344352 0.946910
vt 0.361977 0.946601
vt 0.362364 0.968775
vt 0.292662 0.970364
vt 0.305033 0.976580
vt 0.318201 0.983197
vt 0.340262 0.981939
vt 0.350531 0.975823
vt 0.245751 0.887493
vt 0.227297 0.887816
vt 0.265697 0.887146
vt 0.208345 0.888146
vt 0.246103 0.907641
vt 0.227662 0.906984
vt 0.208707 0.908991
vt 0.266137 0.908038
vt 0.282275 0.886856
vt 0.282665 0.909190
vt 0.246470 0.928670
vt 0.228038 0.928423
vt 0.266499 0.928818
vt 0.209075 0.930064
vt 0.283055 0.931587
vt 0.246827 0.949239
vt 0.228407 0.949559
vt 0.266850 0.948888
vt 0.209422 0.949890
vt 0.283393 0.950937
vt 0.209835 0.973565
vt 0.283763 0.972193
vt 0.222791 0.980249
vt 0.259713 0.986316
vt 0.271826 0.979203
vt 0.235572 0.986842
vt 0.191743 0.857695
vt 0.172568 0.853402
vt 0.153843 0.851886
vt 0.206662 0.865718
vt 0.191952 0.872747
vt 0.172913 0.873079
vt 0.206558 0.877878
vt 0.154220 0.873405
vt 0.138481 0.850060
vt 0.138892 0.873673
vt 0.192277 0.891454
vt 0.173221 0.890807
vt 0.154511 0.890117
vt 0.207552 0.893524
vt 0.139196 0.890967
vt 0.173520 0.907941
vt 0.154827 0.908230
vt 0.139534 0.910472
vt 0.192586 0.909199
vt 0.207453 0.911662
vt 0.207799 0.931574
vt 0.139904 0.931666
vt 0.185677 0.943915
vt 0.195787 0.938275
vt 0.163221 0.944524
vt 0.152693 0.938719
vt 0.079389 0.581782
vt 0.082178 0.566125
vt 0.082535 0.549694
vt 0.076380 0.594171
vt 0.059525 0.575890
vt 0.062410 0.561075
vt 0.055242 0.587407
vt 0.063719 0.545005
vt 0.081422 0.534105
vt 0.063580 0.531145
vt 0.041962 0.555860
vt 0.043008 0.542531
vt 0.041897 0.528053
vt 0.039077 0.569313
vt 0.036761 0.580238
vt 0.024489 0.552018
vt 0.011016 0.549091
vt 0.080583 0.520060
vt 0.672407 0.604649
vt 0.677865 0.616908
vt 0.062596 0.518663
vt 0.688258 0.595880
vt 0.693930 0.605606
vt 0.040225 0.519397
vt 0.708821 0.586016
vt 0.712416 0.595338
vt 0.019134 0.523408
vt 0.729855 0.580333
vt 0.013764 0.527948
vt 0.736906 0.581187
vt 0.072674 0.607563
vt 0.695904 0.664877
vt 0.701242 0.673397
vt 0.052170 0.597519
vt 0.714298 0.651837
vt 0.720288 0.659602
vt 0.033279 0.590465
vt 0.730950 0.638053
vt 0.736357 0.645725
vt 0.012450 0.578078
vt 0.752847 0.626540
vt 0.002121 0.564127
vt 0.007910 0.571946
vt 0.755767 0.619094
vt 0.759489 0.609601
vt 0.001714 0.547741
vt 0.008447 0.532444
vt 0.756517 0.593060
vt 0.749504 0.597876
vt 0.743888 0.582032
vt 0.681615 0.628203
vt 0.685346 0.642129
vt 0.690221 0.654665
vt 0.697593 0.616741
vt 0.702348 0.630111
vt 0.708477 0.642729
vt 0.716664 0.605381
vt 0.720869 0.616790
vt 0.726076 0.628777
vt 0.739241 0.603732
vt 0.584632 0.786497
vt 0.622240 0.788310
vt 0.625859 0.812669
vt 0.490480 0.824280
vt 0.613064 0.833076
vt 0.607862 0.832603
vt 0.578695 0.837000
vt 0.555205 0.838158
vt 0.601074 0.839511
vt 0.675805 0.851177
vt 0.659448 0.849688
vt 0.658399 0.829764
vt 0.675427 0.829368
vt 0.676173 0.872207
vt 0.659851 0.872605
vt 0.637097 0.832478
vt 0.641176 0.852621
vt 0.641556 0.874323
vt 0.622550 0.838298
vt 0.622876 0.856899
vt 0.623221 0.876815
vt 0.611495 0.870691
vt 0.611258 0.856974
vt 0.611865 0.883940
vt 0.610766 0.853715
vt 0.578940 0.850948
vt 0.560299 0.851559
vt 0.547992 0.857750
vt 0.548015 0.853966
vt 0.547846 0.860633
vt 0.541628 0.842609
vt 0.547321 0.854868
vt 0.537160 0.852472
vt 0.517116 0.848222
vt 0.546968 0.861378
vt 0.498189 0.833931
vt 0.500257 0.847393
vt 0.485653 0.846976
vt 0.517341 0.861055
vt 0.500810 0.862236
vt 0.486867 0.871965
vt 0.486795 0.861522
vt 0.517754 0.884736
vt 0.501206 0.884932
vt 0.487057 0.888492
vt 0.534174 0.863688
vt 0.534558 0.885747
vt 0.546725 0.869607
vt 0.545967 0.887531
vt 0.579217 0.866788
vt 0.560588 0.868119
vt 0.547876 0.871228
vt 0.596962 0.853199
vt 0.597209 0.867354
vt 0.609515 0.872076
vt 0.609640 0.863021
vt 0.609640 0.855840
vt 0.518133 0.906486
vt 0.501586 0.906778
vt 0.488104 0.907104
vt 0.534915 0.906196
vt 0.545579 0.903656
vt 0.560885 0.885113
vt 0.579520 0.884172
vt 0.547363 0.886160
vt 0.597501 0.884103
vt 0.609388 0.885889
vt 0.641922 0.895400
vt 0.623552 0.895719
vt 0.612258 0.896476
vt 0.660239 0.895079
vt 0.676589 0.894793
vt 0.518447 0.924448
vt 0.501883 0.923727
vt 0.486867 0.924426
vt 0.535241 0.924893
vt 0.545739 0.924829
vt 0.518775 0.943260
vt 0.502215 0.942753
vt 0.535564 0.943343
vt 0.485682 0.942906
vt 0.546338 0.942301
vt 0.519080 0.960721
vt 0.502534 0.961008
vt 0.535861 0.960427
vt 0.546788 0.960373
vt 0.546876 0.980862
vt 0.486005 0.961298
vt 0.486372 0.982444
vt 0.497678 0.989539
vt 0.529100 0.996016
vt 0.538265 0.988202
vt 0.579832 0.902539
vt 0.561189 0.902866
vt 0.597805 0.902227
vt 0.546916 0.903917
vt 0.561529 0.922041
vt 0.580156 0.920539
vt 0.546440 0.921806
vt 0.598144 0.921051
vt 0.609683 0.902845
vt 0.610241 0.921181
vt 0.598537 0.943527
vt 0.580546 0.942925
vt 0.561907 0.943698
vt 0.611576 0.943219
vt 0.546827 0.943990
vt 0.580892 0.962834
vt 0.562247 0.963159
vt 0.547166 0.963425
vt 0.598870 0.962520
vt 0.612518 0.962248
vt 0.612833 0.985285
vt 0.547560 0.986057
vt 0.559021 0.992552
vt 0.570651 0.999142
vt 0.603346 0.992305
vt 0.623864 0.913579
vt 0.642227 0.912829
vt 0.660534 0.911993
vt 0.612583 0.915119
vt 0.676861 0.911626
vt 0.660883 0.931956
vt 0.642567 0.932335
vt 0.624201 0.932936
vt 0.677187 0.930320
vt 0.613246 0.933585
vt 0.642899 0.951360
vt 0.624528 0.951681
vt 0.613751 0.952565
vt 0.661215 0.951042
vt 0.677546 0.950757
vt 0.616330 0.973846
vt 0.677917 0.971970
vt 0.665467 0.979818
vt 0.655218 0.986278
vt 0.632748 0.987126
vt 0.625245 0.981057
vt 0.610150 0.855212
vt 0.759876 0.732431
vt 0.741766 0.743645
vt 0.781264 0.736344
vt 0.725891 0.754870
vt 0.710681 0.779769
vt 0.812689 0.770700
vt 0.798652 0.748756
vt 0.767891 0.767902
vt 0.766761 0.764210
vt 0.765850 0.772078
vt 0.763151 0.762117
vt 0.759963 0.764104
vt 0.758469 0.767859
vt 0.759581 0.772539
vt 0.712102 0.804206
vt 0.761630 0.773385
vt 0.814843 0.797900
vt 0.768352 0.880012
vt 0.749607 0.885776
vt 0.727051 0.902443
vt 0.789057 0.884065
vt 0.808284 0.898401
vt 0.822792 0.924900
vt 0.817309 0.948343
vt 0.715637 0.922721
vt 0.714763 0.944864
vt 0.764307 0.910146
vt 0.762976 0.912509
vt 0.763754 0.916916
vt 0.766791 0.909427
vt 0.770535 0.909967
vt 0.771933 0.913841
vt 0.772118 0.918014
vt 0.766840 0.919944
vt 0.767691 0.914203
vt 0.909687 0.731570
vt 0.891854 0.736019
vt 0.876013 0.747411
vt 0.927413 0.737723
vt 0.943984 0.751016
vt 0.957691 0.775547
vt 0.955290 0.804731
vt 0.858466 0.771103
vt 0.858482 0.798457
vt 0.903111 0.766909
vt 0.902992 0.772012
vt 0.904252 0.762793
vt 0.402348 0.944846
vt 0.507490 0.995697
vt 0.593987 0.999231
vt 0.486141 0.852747
vt 0.826785 0.503384
vt 0.826785 0.545062
vt 0.826785 0.478357
vt 0.826785 0.449354
vt 0.826785 0.410232
vt 0.822493 0.363796
vt 0.826785 0.363796
vt 0.822493 0.318624
vt 0.826785 0.318625
vt 0.822493 0.275743
vt 0.826785 0.275743
vt 0.826786 0.185999
vt 0.826785 0.231285
vt 0.826785 0.142793
vt 0.826785 0.096870
vt 0.826785 0.047708
vt 0.826785 0.020085
vt 0.826785 0.001722
s 1
usemtl hands.005
f 3/1/1 4/2/2 5/3/3
f 6/4/4 7/5/5 8/6/6
f 9/7/7 10/8/8 11/9/9
f 12/10/10 13/11/11 14/12/12
f 15/13/13 16/14/14 17/15/15
f 18/16/16 19/17/17 20/18/18
f 21/19/19 22/20/20 23/21/21
f 20/18/18 24/22/22 18/16/16
f 25/23/23 24/22/22 20/18/18
f 26/24/24 27/25/25 28/26/26
f 16/14/14 15/13/13 29/27/27
f 30/28/28 31/29/29 32/30/30
f 33/31/31 30/28/28 32/30/30
f 34/32/32 35/33/33 36/34/34
f 37/35/35 38/36/36 39/37/37
f 40/38/38 41/39/39 42/40/40
f 43/41/41 44/42/42 45/43/43
f 46/44/44 47/45/45 48/46/46
f 49/47/47 50/48/48 51/49/49
f 52/50/50 53/51/51 54/52/52
f 55/53/53 56/54/54 57/55/55
f 58/56/56 59/57/57 60/58/58
f 61/59/59 62/60/60 63/61/61
f 64/62/62 65/63/63 66/64/64
f 67/65/65 68/66/66 69/67/67
f 70/68/68 71/69/69 72/70/70
f 71/69/69 73/71/71 74/72/72
f 75/73/73 76/74/74 77/75/75
f 78/76/76 79/77/77 80/78/78
f 81/79/79 82/80/80 83/81/81
f 84/82/82 85/83/83 86/84/84
f 87/85/85 88/86/86 89/87/87
f 90/88/88 91/89/89 92/90/90
f 92/90/90 91/89/89 93/91/91
f 92/90/90 93/91/91 94/92/92
f 95/93/93 9/7/7 11/9/9
f 95/93/93 11/9/9 96/94/94
f 97/95/95 98/96/96 10/8/8
f 97/95/95 10/8/8 9/7/7
f 42/40/40 41/39/39 99/97/97
f 42/40/40 99/97/97 100/98/98
f 41/39/39 40/38/38 101/99/99
f 41/39/39 101/99/99 102/100/100
f 44/42/42 43/41/41 103/101/101
f 44/42/42 103/101/101 104/102/102
f 105/103/103 106/104/104 45/43/43
f 105/103/103 45/43/43 44/42/42
f 62/60/60 61/59/59 107/105/105
f 62/60/60 107/105/105 108/106/106
f 109/107/107 110/108/108 63/61/61
f 109/107/107 63/61/61 62/60/60
f 64/62/62 66/64/64 111/109/109
f 64/62/62 111/109/109 112/110/110
f 113/111/111 114/112/112 65/63/63
f 113/111/111 65/63/63 64/62/62
f 69/67/67 68/66/66 115/113/113
f 69/67/67 115/113/113 116/114/114
f 68/66/66 67/65/65 117/115/115
f 68/66/66 117/115/115 118/116/116
f 119/117/117 120/118/118 121/119/119
f 119/117/117 121/119/119 122/120/120
f 123/121/121 124/122/122 125/123/123
f 123/121/121 125/123/123 126/124/124
f 127/125/125 128/126/126 129/127/127
f 127/125/125 129/127/127 130/128/128
f 131/129/129 132/130/130 133/131/131
f 131/129/129 133/131/131 134/132/132
f 76/74/74 135/133/133 136/134/134
f 76/74/74 136/134/134 77/75/75
f 75/73/73 77/75/75 137/135/135
f 75/73/73 137/135/135 138/136/136
f 78/76/76 80/78/78 139/137/137
f 78/76/76 139/137/137 140/138/138
f 141/139/139 142/140/140 79/77/77
f 141/139/139 79/77/77 78/76/76
f 82/80/80 81/79/79 143/141/141
f 82/80/80 143/141/141 144/142/142
f 83/81/81 145/143/143 146/144/144
f 83/81/81 146/144/144 81/79/79
f 5/3/3 4/2/2 150/145/145
f 148/146/146 152/147/147 153/148/148
f 148/146/146 153/148/148 151/149/149
f 154/150/150 4/2/2 3/1/1
f 154/150/150 3/1/1 155/151/151
f 156/152/152 157/153/153 158/154/154
f 156/152/152 158/154/154 159/155/155
f 157/153/153 156/152/152 160/156/156
f 157/153/153 160/156/156 7/5/5
f 157/153/153 7/5/5 6/4/4
f 157/153/153 6/4/4 161/157/157
f 2/158/158 162/159/159 152/147/147
f 2/158/158 152/147/147 148/146/146
f 159/155/155 158/154/154 163/160/160
f 159/155/155 163/160/160 164/161/161
f 164/161/161 163/160/160 165/162/162
f 164/161/161 165/162/162 166/163/163
f 162/159/159 2/158/158 1/164/164
f 162/159/159 1/164/164 167/165/165
f 1/164/164 147/166/166 168/167/167
f 1/164/164 168/167/167 167/165/165
f 166/163/163 165/162/162 169/168/168
f 166/163/163 169/168/168 170/169/169
f 170/169/169 169/168/168 172/170/170
f 170/169/169 172/170/170 173/171/171
f 175/172/172 176/173/173 173/171/171
f 175/172/172 173/171/171 172/170/170
f 176/173/173 175/172/172 178/174/174
f 176/173/173 178/174/174 179/175/175
f 180/176/176 181/177/177 179/175/175
f 180/176/176 179/175/175 178/174/174
f 181/177/177 180/176/176 183/178/178
f 181/177/177 183/178/178 184/179/179
f 149/180/180 185/181/181 182/182/182
f 184/179/179 183/178/178 186/183/183
f 184/179/179 186/183/183 187/184/184
f 149/180/180 188/185/185 185/181/181
f 187/184/184 186/183/183 189/186/186
f 187/184/184 189/186/186 190/187/187
f 192/188/188 193/189/189 190/187/187
f 192/188/188 190/187/187 189/186/186
f 150/145/145 4/2/2 154/150/150
f 150/145/145 154/150/150 191/190/190
f 194/191/191 195/192/192 193/189/189
f 194/191/191 193/189/189 192/188/188
f 156/152/152 159/155/155 196/193/193
f 156/152/152 196/193/193 197/194/194
f 159/155/155 164/161/161 198/195/195
f 159/155/155 198/195/195 196/193/193
f 166/163/163 199/196/196 198/195/195
f 166/163/163 198/195/195 164/161/161
f 199/196/196 166/163/163 170/169/169
f 199/196/196 170/169/169 200/197/197
f 200/197/197 170/169/169 173/171/171
f 200/197/197 173/171/171 201/198/198
f 201/198/198 173/171/171 176/173/173
f 201/198/198 176/173/173 202/199/199
f 179/175/175 203/200/200 202/199/199
f 179/175/175 202/199/199 176/173/173
f 203/200/200 179/175/175 181/177/177
f 203/200/200 181/177/177 204/201/201
f 204/201/201 181/177/177 184/179/179
f 204/201/201 184/179/179 205/202/202
f 206/203/203 205/202/202 184/179/179
f 206/203/203 184/179/179 187/184/184
f 207/204/204 206/203/203 187/184/184
f 207/204/204 187/184/184 190/187/187
f 193/189/189 208/205/205 207/204/204
f 193/189/189 207/204/204 190/187/187
f 195/192/192 209/206/206 208/205/205
f 195/192/192 208/205/205 193/189/189
f 197/194/194 210/207/207 160/156/156
f 197/194/194 160/156/156 156/152/152
f 8/6/6 7/5/5 160/156/156
f 8/6/6 160/156/156 210/207/207
f 211/208/208 8/6/6 210/207/207
f 211/208/208 210/207/207 212/209/209
f 209/206/206 213/210/210 214/211/211
f 209/206/206 214/211/211 208/205/205
f 215/212/212 212/209/209 210/207/207
f 215/212/212 210/207/207 197/194/194
f 197/194/194 196/193/193 216/213/213
f 197/194/194 216/213/213 215/212/212
f 207/204/204 208/205/205 214/211/211
f 207/204/204 214/211/211 217/214/214
f 206/203/203 207/204/204 217/214/214
f 206/203/203 217/214/214 218/215/215
f 205/202/202 206/203/203 218/215/215
f 205/202/202 218/215/215 219/216/216
f 205/202/202 219/216/216 220/217/217
f 205/202/202 220/217/217 204/201/201
f 204/201/201 220/217/217 221/218/218
f 204/201/201 221/218/218 203/200/200
f 203/200/200 221/218/218 222/219/219
f 203/200/200 222/219/219 202/199/199
f 222/219/219 223/220/220 201/198/198
f 222/219/219 201/198/198 202/199/199
f 201/198/198 223/220/220 224/221/221
f 201/198/198 224/221/221 200/197/197
f 225/222/222 199/196/196 200/197/197
f 225/222/222 200/197/197 224/221/221
f 199/196/196 225/222/222 226/223/223
f 199/196/196 226/223/223 198/195/195
f 196/193/193 198/195/195 226/223/223
f 196/193/193 226/223/223 216/213/213
f 215/212/212 216/213/213 227/224/224
f 215/212/212 227/224/224 228/225/225
f 229/226/226 227/224/224 216/213/213
f 229/226/226 216/213/213 226/223/223
f 228/225/225 94/92/92 212/209/209
f 228/225/225 212/209/209 215/212/212
f 229/226/226 226/223/223 225/222/222
f 229/226/226 225/222/222 230/227/227
f 224/221/221 231/228/228 230/227/227
f 224/221/221 230/227/227 225/222/222
f 231/228/228 224/221/221 223/220/220
f 231/228/228 223/220/220 232/229/229
f 233/230/230 232/229/229 223/220/220
f 233/230/230 223/220/220 222/219/219
f 222/219/219 221/218/218 234/231/231
f 222/219/219 234/231/231 233/230/230
f 221/218/218 220/217/217 235/232/232
f 221/218/218 235/232/232 234/231/231
f 236/233/233 235/232/232 220/217/217
f 236/233/233 220/217/217 219/216/216
f 237/234/234 236/233/233 219/216/216
f 237/234/234 219/216/216 218/215/215
f 217/214/214 238/235/235 237/234/234
f 217/214/214 237/234/234 218/215/215
f 238/235/235 217/214/214 214/211/211
f 238/235/235 214/211/211 239/236/236
f 239/236/236 214/211/211 213/210/210
f 239/236/236 213/210/210 240/237/237
f 241/238/238 239/236/236 240/237/237
f 241/238/238 240/237/237 242/239/239
f 239/236/236 241/238/238 243/240/240
f 239/236/236 243/240/240 238/235/235
f 94/92/92 228/225/225 244/241/241
f 94/92/92 244/241/241 92/90/90
f 228/225/225 227/224/224 245/242/242
f 228/225/225 245/242/242 244/241/241
f 238/235/235 243/240/240 246/243/243
f 238/235/235 246/243/243 237/234/234
f 236/233/233 237/234/234 246/243/243
f 236/233/233 246/243/243 247/244/244
f 235/232/232 236/233/233 247/244/244
f 235/232/232 247/244/244 248/245/245
f 234/231/231 235/232/232 248/245/245
f 234/231/231 248/245/245 249/246/246
f 233/230/230 234/231/231 249/246/246
f 233/230/230 249/246/246 250/247/247
f 232/229/229 233/230/230 250/247/247
f 232/229/229 250/247/247 251/248/248
f 231/228/228 232/229/229 251/248/248
f 231/228/228 251/248/248 252/249/249
f 230/227/227 231/228/228 252/249/249
f 230/227/227 252/249/249 253/250/250
f 229/226/226 230/227/227 253/250/250
f 229/226/226 253/250/250 254/251/251
f 227/224/224 229/226/226 254/251/251
f 227/224/224 254/251/251 245/242/242
f 255/252/252 256/253/253 257/254/254
f 255/252/252 257/254/254 258/255/255
f 259/256/256 255/252/252 258/255/255
f 259/256/256 258/255/255 260/257/257
f 261/258/258 262/259/259 257/254/254
f 261/258/258 257/254/254 256/253/253
f 263/260/260 264/261/261 265/262/262
f 263/260/260 265/262/262 266/263/263
f 266/263/263 267/264/264 268/265/265
f 266/263/263 268/265/265 263/260/260
f 269/266/266 270/267/267 265/262/262
f 269/266/266 265/262/262 264/261/261
f 271/268/268 259/256/256 260/257/257
f 271/268/268 260/257/257 272/269/269
f 270/267/267 269/266/266 96/94/94
f 270/267/267 96/94/94 11/9/9
f 273/270/270 271/268/268 272/269/269
f 273/270/270 272/269/269 274/271/271
f 275/272/272 273/270/270 274/271/271
f 275/272/272 274/271/271 276/273/273
f 10/8/8 98/96/96 277/274/274
f 10/8/8 277/274/274 278/275/275
f 279/276/276 275/272/272 276/273/273
f 279/276/276 276/273/273 280/277/277
f 281/278/278 278/275/275 277/274/274
f 281/278/278 277/274/274 282/279/279
f 279/276/276 280/277/277 283/280/280
f 279/276/276 283/280/280 284/281/281
f 284/281/281 283/280/280 285/282/282
f 284/281/281 285/282/282 286/283/283
f 287/284/284 288/285/285 289/286/286
f 287/284/284 289/286/286 290/287/287
f 291/288/288 289/286/286 288/285/285
f 291/288/288 288/285/285 292/289/289
f 293/290/290 90/88/88 286/283/283
f 293/290/290 286/283/283 285/282/282
f 292/289/289 294/291/291 295/292/292
f 292/289/289 295/292/292 291/288/288
f 296/293/293 297/294/294 298/295/295
f 296/293/293 298/295/295 299/296/296
f 300/297/297 301/298/298 295/292/292
f 300/297/297 295/292/292 294/291/291
f 299/296/296 298/295/295 302/299/299
f 299/296/296 302/299/299 303/300/300
f 301/298/298 300/297/297 304/301/301
f 301/298/298 304/301/301 305/302/302
f 303/300/300 302/299/299 306/303/303
f 303/300/300 306/303/303 307/304/304
f 307/304/304 306/303/303 262/259/259
f 307/304/304 262/259/259 261/258/258
f 267/264/264 308/305/305 309/306/306
f 267/264/264 309/306/306 268/265/265
f 308/305/305 310/302/307 311/301/308
f 308/305/305 311/301/308 309/306/306
f 97/95/95 312/307/309 13/11/11
f 97/95/95 13/11/11 12/10/10
f 313/308/310 314/309/311 315/310/312
f 313/308/310 315/310/312 316/311/313
f 14/12/314 317/11/315 318/312/316
f 14/12/314 318/312/316 319/313/317
f 314/309/311 18/16/16 320/314/318
f 314/309/311 320/314/318 315/310/312
f 314/309/311 313/308/310 321/315/319
f 314/309/311 321/315/319 322/316/320
f 319/313/317 318/312/316 323/317/321
f 319/313/317 323/317/321 324/318/322
f 324/318/322 323/317/321 325/319/323
f 324/318/322 325/319/323 326/320/324
f 321/315/319 327/321/325 328/322/326
f 321/315/319 328/322/326 322/316/320
f 318/312/316 329/323/327 330/324/328
f 318/312/316 330/324/328 323/317/321
f 323/317/321 330/324/328 331/325/329
f 323/317/321 331/325/329 325/319/323
f 18/16/16 314/309/311 322/316/320
f 18/16/16 322/316/320 19/17/17
f 19/17/17 322/316/320 328/322/326
f 19/17/17 328/322/326 332/326/330
f 9/7/7 333/327/331 312/307/309
f 9/7/7 312/307/309 97/95/95
f 334/328/332 335/329/333 336/330/334
f 334/328/332 336/330/334 337/331/335
f 337/331/335 336/330/334 338/332/336
f 337/331/335 338/332/336 339/333/337
f 339/333/337 338/332/336 340/334/338
f 339/333/337 340/334/338 341/335/339
f 341/335/339 340/334/338 342/336/340
f 341/335/339 342/336/340 343/27/341
f 28/26/26 27/25/25 15/13/13
f 28/26/26 15/13/13 17/15/15
f 26/24/24 28/26/26 344/337/342
f 26/24/24 344/337/342 24/22/22
f 328/322/326 327/321/325 345/338/343
f 328/322/326 345/338/343 346/339/344
f 326/320/324 325/319/323 347/340/345
f 326/320/324 347/340/345 348/341/346
f 348/341/346 347/340/345 349/342/347
f 348/341/346 349/342/347 350/343/348
f 351/344/349 352/345/350 349/342/347
f 351/344/349 349/342/347 347/340/345
f 349/342/347 353/346/351 354/347/352
f 349/342/347 354/347/352 350/343/348
f 352/345/350 355/348/353 353/346/351
f 352/345/350 353/346/351 349/342/347
f 345/338/343 356/349/354 357/350/355
f 345/338/343 357/350/355 346/339/344
f 356/349/354 358/351/356 359/352/357
f 356/349/354 359/352/357 357/350/355
f 346/339/344 357/350/355 360/353/358
f 346/339/344 360/353/358 361/354/359
f 357/350/355 359/352/357 362/355/360
f 357/350/355 362/355/360 360/353/358
f 328/322/326 346/339/344 361/354/359
f 328/322/326 361/354/359 332/326/330
f 363/356/361 364/357/362 330/324/328
f 363/356/361 330/324/328 329/323/327
f 330/324/328 364/357/362 365/358/363
f 330/324/328 365/358/363 331/325/329
f 364/357/362 366/359/364 367/360/365
f 364/357/362 367/360/365 365/358/363
f 366/359/364 364/357/362 363/356/361
f 366/359/364 363/356/361 23/21/21
f 368/327/366 363/356/361 329/323/327
f 368/327/366 329/323/327 369/307/367
f 21/19/19 23/21/21 363/356/361
f 21/19/19 363/356/361 368/327/366
f 370/19/368 333/327/331 9/7/7
f 370/19/368 9/7/7 95/93/93
f 366/359/364 371/361/369 372/362/370
f 366/359/364 372/362/370 367/360/365
f 23/21/21 373/363/371 371/361/369
f 23/21/21 371/361/369 366/359/364
f 325/319/323 331/325/329 351/344/349
f 325/319/323 351/344/349 347/340/345
f 331/325/329 365/358/363 374/364/372
f 331/325/329 374/364/372 351/344/349
f 365/358/363 367/360/365 375/365/373
f 365/358/363 375/365/373 374/364/372
f 367/360/365 372/362/370 376/366/374
f 367/360/365 376/366/374 375/365/373
f 371/361/369 377/367/375 378/368/376
f 371/361/369 378/368/376 372/362/370
f 372/362/370 378/368/376 379/369/377
f 372/362/370 379/369/377 376/366/374
f 371/361/369 380/370/378 381/371/379
f 371/361/369 381/371/379 377/367/375
f 373/363/371 382/372/380 380/370/378
f 373/363/371 380/370/378 371/361/369
f 383/373/381 384/374/382 385/375/383
f 383/373/381 385/375/383 386/376/384
f 383/373/381 387/377/385 388/378/386
f 383/373/381 388/378/386 384/374/382
f 386/376/384 385/375/383 389/379/387
f 386/376/384 389/379/387 390/380/388
f 391/381/389 19/17/17 332/326/330
f 391/381/389 332/326/330 392/382/390
f 332/326/330 361/354/359 393/383/391
f 332/326/330 393/383/391 392/382/390
f 19/17/17 391/381/389 394/384/392
f 19/17/17 394/384/392 20/18/18
f 384/374/382 395/385/393 396/386/394
f 384/374/382 396/386/394 385/375/383
f 385/375/383 396/386/394 397/387/395
f 385/375/383 397/387/395 389/379/387
f 395/385/393 384/374/382 388/378/386
f 395/385/393 388/378/386 398/388/396
f 391/381/389 392/382/390 396/386/394
f 391/381/389 396/386/394 395/385/393
f 392/382/390 393/383/391 397/387/395
f 392/382/390 397/387/395 396/386/394
f 391/381/389 395/385/393 398/388/396
f 391/381/389 398/388/396 399/389/397
f 399/389/397 400/390/398 394/384/392
f 399/389/397 394/384/392 391/381/389
f 351/344/349 374/364/372 401/391/399
f 351/344/349 401/391/399 352/345/350
f 401/391/399 402/392/400 355/348/353
f 401/391/399 355/348/353 352/345/350
f 374/364/372 375/365/373 403/393/401
f 374/364/372 403/393/401 401/391/399
f 375/365/373 376/366/374 404/394/402
f 375/365/373 404/394/402 403/393/401
f 376/366/374 379/369/377 405/395/403
f 376/366/374 405/395/403 404/394/402
f 390/380/388 389/379/387 406/396/404
f 390/380/388 406/396/404 407/397/405
f 23/21/21 22/20/20 408/398/406
f 23/21/21 408/398/406 373/363/371
f 401/391/399 403/393/401 409/399/407
f 401/391/399 409/399/407 402/392/400
f 403/393/401 404/394/402 410/400/408
f 403/393/401 410/400/408 409/399/407
f 404/394/402 405/395/403 411/401/409
f 404/394/402 411/401/409 410/400/408
f 393/383/391 412/402/410 413/403/411
f 393/383/391 413/403/411 397/387/395
f 397/387/395 413/403/411 406/396/404
f 397/387/395 406/396/404 389/379/387
f 406/396/404 413/403/411 414/404/412
f 406/396/404 414/404/412 415/405/413
f 412/402/410 416/406/414 414/404/412
f 412/402/410 414/404/412 413/403/411
f 407/397/405 406/396/404 415/405/413
f 407/397/405 415/405/413 417/407/415
f 361/354/359 360/353/358 412/402/410
f 361/354/359 412/402/410 393/383/391
f 360/353/358 362/355/360 416/406/414
f 360/353/358 416/406/414 412/402/410
f 24/22/22 25/23/23 418/408/416
f 24/22/22 418/408/416 26/24/24
f 419/409/417 27/25/25 26/24/24
f 419/409/417 26/24/24 418/408/416
f 394/384/392 420/410/418 25/23/23
f 394/384/392 25/23/23 20/18/18
f 400/390/398 421/411/419 420/410/418
f 400/390/398 420/410/418 394/384/392
f 25/23/23 420/410/418 422/412/420
f 25/23/23 422/412/420 418/408/416
f 420/410/418 421/411/419 423/413/421
f 420/410/418 423/413/421 422/412/420
f 424/414/422 419/409/417 418/408/416
f 424/414/422 418/408/416 422/412/420
f 27/25/25 419/409/417 425/415/423
f 27/25/25 425/415/423 15/13/13
f 419/409/417 424/414/422 426/416/424
f 419/409/417 426/416/424 425/415/423
f 427/417/425 29/27/27 15/13/13
f 427/417/425 15/13/13 425/415/423
f 425/415/423 426/416/424 428/418/426
f 425/415/423 428/418/426 427/417/425
f 429/419/427 424/414/422 422/412/420
f 429/419/427 422/412/420 423/413/421
f 29/27/27 427/417/425 430/420/428
f 29/27/27 430/420/428 431/335/429
f 431/335/429 430/420/428 432/421/430
f 431/335/429 432/421/430 433/333/431
f 434/422/432 435/331/433 433/333/431
f 434/422/432 433/333/431 432/421/430
f 436/328/434 435/331/433 434/422/432
f 436/328/434 434/422/432 437/423/435
f 334/328/332 370/19/368 95/93/93
f 334/328/332 95/93/93 335/329/333
f 21/19/19 436/328/434 437/423/435
f 21/19/19 437/423/435 22/20/20
f 427/417/425 428/418/426 438/424/436
f 427/417/425 438/424/436 430/420/428
f 430/420/428 438/424/436 36/34/34
f 430/420/428 36/34/34 432/421/430
f 36/34/34 439/425/437 434/422/432
f 36/34/34 434/422/432 432/421/430
f 32/30/30 437/423/435 434/422/432
f 32/30/30 434/422/432 439/425/437
f 22/20/20 437/423/435 32/30/30
f 22/20/20 32/30/30 408/398/406
f 32/30/30 31/29/29 440/426/438
f 32/30/30 440/426/438 408/398/406
f 408/398/406 440/426/438 382/372/380
f 408/398/406 382/372/380 373/363/371
f 32/30/30 439/425/437 441/427/439
f 32/30/30 441/427/439 33/31/31
f 36/34/34 35/33/33 441/427/439
f 36/34/34 441/427/439 439/425/437
f 36/34/34 438/424/436 442/428/440
f 36/34/34 442/428/440 34/32/32
f 442/428/440 438/424/436 428/418/426
f 442/428/440 428/418/426 443/429/441
f 426/416/424 444/430/442 443/429/441
f 426/416/424 443/429/441 428/418/426
f 424/414/422 429/419/427 444/430/442
f 424/414/422 444/430/442 426/416/424
f 445/431/443 446/432/444 447/433/445
f 445/431/443 447/433/445 448/434/446
f 449/435/447 450/436/448 445/431/443
f 449/435/447 445/431/443 448/434/446
f 451/437/449 452/438/450 453/439/451
f 451/437/449 453/439/451 454/440/452
f 455/441/453 456/442/454 446/432/444
f 455/441/453 446/432/444 445/431/443
f 456/442/454 455/441/453 457/443/455
f 456/442/454 457/443/455 458/444/456
f 452/438/450 451/437/449 459/445/457
f 452/438/450 459/445/457 460/446/458
f 460/446/458 459/445/457 461/447/459
f 460/446/458 461/447/459 462/448/460
f 463/449/461 464/450/462 465/451/463
f 463/449/461 465/451/463 466/452/464
f 467/453/465 468/454/466 464/450/462
f 467/453/465 464/450/462 463/449/461
f 469/455/467 470/456/468 466/452/464
f 469/455/467 466/452/464 465/451/463
f 471/457/469 465/451/463 464/450/462
f 471/457/469 464/450/462 472/458/470
f 465/451/463 471/457/469 473/459/471
f 465/451/463 473/459/471 474/460/472
f 472/458/470 475/461/473 476/462/474
f 472/458/470 476/462/474 471/457/469
f 471/457/469 476/462/474 477/463/475
f 471/457/469 477/463/475 473/459/471
f 468/454/466 478/464/476 472/458/470
f 468/454/466 472/458/470 464/450/462
f 479/465/477 475/461/473 472/458/470
f 479/465/477 472/458/470 478/464/476
f 468/454/466 467/453/465 480/466/478
f 468/454/466 480/466/478 481/467/479
f 481/467/479 482/468/480 478/464/476
f 481/467/479 478/464/476 468/454/466
f 478/464/476 482/468/480 483/469/481
f 478/464/476 483/469/481 479/465/477
f 450/436/448 484/470/482 455/441/453
f 450/436/448 455/441/453 445/431/443
f 465/451/463 474/460/472 485/471/483
f 465/451/463 485/471/483 469/455/467
f 486/472/484 487/473/485 450/436/448
f 486/472/484 450/436/448 449/435/447
f 488/474/486 489/475/487 487/473/485
f 488/474/486 487/473/485 486/472/484
f 489/475/487 488/474/486 490/476/488
f 489/475/487 490/476/488 491/477/489
f 492/478/490 491/477/489 490/476/488
f 492/478/490 490/476/488 493/479/491
f 494/480/492 57/55/55 492/478/490
f 494/480/492 492/478/490 493/479/491
f 495/481/493 496/482/494 57/55/55
f 495/481/493 57/55/55 494/480/492
f 496/482/494 495/481/493 497/483/495
f 496/482/494 497/483/495 37/35/35
f 470/456/468 469/455/467 37/35/35
f 470/456/468 37/35/35 497/483/495
f 37/35/35 39/37/37 498/484/496
f 37/35/35 498/484/496 496/482/494
f 37/35/35 469/455/467 485/471/483
f 37/35/35 485/471/483 38/36/36
f 499/485/497 500/486/498 487/473/485
f 499/485/497 487/473/485 489/475/487
f 484/470/482 450/436/448 487/473/485
f 484/470/482 487/473/485 500/486/498
f 452/438/450 501/487/499 502/488/500
f 452/438/450 502/488/500 453/439/451
f 481/467/479 480/466/478 503/489/501
f 481/467/479 503/489/501 504/490/502
f 503/489/501 505/491/503 506/492/504
f 503/489/501 506/492/504 504/490/502
f 505/491/503 507/493/505 508/494/506
f 505/491/503 508/494/506 506/492/504
f 507/493/505 502/488/500 501/487/499
f 507/493/505 501/487/499 508/494/506
f 509/495/507 510/496/508 511/497/509
f 509/495/507 511/497/509 512/498/510
f 511/497/509 513/499/511 514/500/512
f 511/497/509 514/500/512 512/498/510
f 512/498/510 477/463/475 476/462/474
f 512/498/510 476/462/474 509/495/507
f 512/498/510 514/500/512 515/501/513
f 512/498/510 515/501/513 516/502/514
f 477/463/475 512/498/510 517/503/515
f 477/463/475 517/503/515 518/504/516
f 512/498/510 516/502/514 519/505/517
f 512/498/510 519/505/517 517/503/515
f 510/496/508 520/506/518 521/507/519
f 510/496/508 521/507/519 511/497/509
f 513/499/511 511/497/509 521/507/519
f 513/499/511 521/507/519 522/508/520
f 510/496/508 509/495/507 523/509/521
f 510/496/508 523/509/521 524/510/522
f 524/510/522 525/511/523 520/506/518
f 524/510/522 520/506/518 510/496/508
f 509/495/507 476/462/474 475/461/473
f 509/495/507 475/461/473 523/509/521
f 514/500/512 513/499/511 526/512/524
f 514/500/512 526/512/524 527/513/525
f 515/501/513 514/500/512 527/513/525
f 515/501/513 527/513/525 528/514/526
f 513/499/511 522/508/520 529/515/527
f 513/499/511 529/515/527 526/512/524
f 530/516/528 531/517/529 524/510/522
f 530/516/528 524/510/522 523/509/521
f 479/465/477 530/516/528 523/509/521
f 479/465/477 523/509/521 475/461/473
f 525/511/523 524/510/522 531/517/529
f 525/511/523 531/517/529 532/518/530
f 530/516/528 533/519/531 534/520/532
f 530/516/528 534/520/532 531/517/529
f 535/521/533 532/518/530 531/517/529
f 535/521/533 531/517/529 534/520/532
f 483/469/481 533/519/531 530/516/528
f 483/469/481 530/516/528 479/465/477
f 536/522/534 537/523/535 534/520/532
f 536/522/534 534/520/532 533/519/531
f 483/469/481 538/524/536 536/522/534
f 483/469/481 536/522/534 533/519/531
f 537/523/535 539/525/537 535/521/533
f 537/523/535 535/521/533 534/520/532
f 536/522/534 540/526/538 541/527/539
f 536/522/534 541/527/539 537/523/535
f 537/523/535 541/527/539 542/528/540
f 537/523/535 542/528/540 539/525/537
f 538/524/536 543/529/541 540/526/538
f 538/524/536 540/526/538 536/522/534
f 521/507/519 520/506/518 544/530/542
f 521/507/519 544/530/542 545/531/543
f 546/532/544 522/508/520 521/507/519
f 546/532/544 521/507/519 545/531/543
f 520/506/518 525/511/523 547/533/545
f 520/506/518 547/533/545 544/530/542
f 525/511/523 532/518/530 548/534/546
f 525/511/523 548/534/546 547/533/545
f 549/535/547 548/534/546 532/518/530
f 549/535/547 532/518/530 535/521/533
f 535/521/533 539/525/537 550/536/548
f 535/521/533 550/536/548 549/535/547
f 539/525/537 542/528/540 551/537/549
f 539/525/537 551/537/549 550/536/548
f 522/508/520 546/532/544 552/538/550
f 522/508/520 552/538/550 529/515/527
f 553/539/551 554/540/552 550/536/548
f 553/539/551 550/536/548 551/537/549
f 546/532/544 555/541/553 556/542/554
f 546/532/544 556/542/554 552/538/550
f 550/536/548 554/540/552 557/543/555
f 550/536/548 557/543/555 549/535/547
f 553/539/551 558/544/556 559/545/557
f 553/539/551 559/545/557 554/540/552
f 554/540/552 559/545/557 560/546/558
f 554/540/552 560/546/558 557/543/555
f 555/541/553 561/547/559 562/548/560
f 555/541/553 562/548/560 556/542/554
f 545/531/543 563/549/561 555/541/553
f 545/531/543 555/541/553 546/532/544
f 563/549/561 564/550/562 561/547/559
f 563/549/561 561/547/559 555/541/553
f 563/549/561 545/531/543 544/530/542
f 563/549/561 544/530/542 565/551/563
f 544/530/542 547/533/545 566/552/564
f 544/530/542 566/552/564 565/551/563
f 547/533/545 548/534/546 567/553/565
f 547/533/545 567/553/565 566/552/564
f 548/534/546 549/535/547 557/543/555
f 548/534/546 557/543/555 567/553/565
f 563/549/561 565/551/563 568/554/566
f 563/549/561 568/554/566 564/550/562
f 565/551/563 566/552/564 569/555/567
f 565/551/563 569/555/567 568/554/566
f 570/556/568 569/555/567 566/552/564
f 570/556/568 566/552/564 567/553/565
f 567/553/565 557/543/555 560/546/558
f 567/553/565 560/546/558 570/556/568
f 561/547/559 564/550/562 571/557/569
f 561/547/559 571/557/569 572/558/570
f 564/550/562 568/554/566 573/559/571
f 564/550/562 573/559/571 571/557/569
f 574/560/572 562/548/560 561/547/559
f 574/560/572 561/547/559 572/558/570
f 558/544/556 575/561/573 576/562/574
f 558/544/556 576/562/574 559/545/557
f 559/545/557 576/562/574 577/563/575
f 559/545/557 577/563/575 560/546/558
f 570/556/568 560/546/558 577/563/575
f 570/556/568 577/563/575 578/564/576
f 569/555/567 570/556/568 578/564/576
f 569/555/567 578/564/576 579/565/577
f 579/565/577 573/559/571 568/554/566
f 579/565/577 568/554/566 569/555/567
f 576/562/574 99/97/97 41/39/39
f 576/562/574 41/39/39 577/563/575
f 578/564/576 577/563/575 41/39/39
f 578/564/576 41/39/39 102/100/100
f 576/562/574 575/561/573 580/566/578
f 576/562/574 580/566/578 99/97/97
f 579/565/577 578/564/576 102/100/100
f 579/565/577 102/100/100 581/567/579
f 573/559/571 579/565/577 582/568/580
f 573/559/571 582/568/580 105/103/103
f 573/559/571 105/103/103 44/42/42
f 573/559/571 44/42/42 571/557/569
f 572/558/570 571/557/569 44/42/42
f 572/558/570 44/42/42 104/102/102
f 572/558/570 104/102/102 583/569/581
f 572/558/570 583/569/581 574/560/572
f 584/570/582 585/571/583 42/40/40
f 584/570/582 42/40/40 100/98/98
f 581/567/579 102/100/100 101/99/99
f 581/567/579 101/99/99 586/572/584
f 587/573/585 588/574/586 103/101/101
f 587/573/585 103/101/101 43/41/41
f 589/575/587 106/104/104 105/103/103
f 589/575/587 105/103/103 582/568/580
f 590/576/588 40/38/38 42/40/40
f 590/576/588 42/40/40 585/571/583
f 591/577/589 592/578/590 593/579/591
f 591/577/589 593/579/591 594/580/592
f 591/577/589 595/581/593 596/582/594
f 591/577/589 596/582/594 592/578/590
f 473/459/471 477/463/475 518/504/516
f 473/459/471 518/504/516 597/583/595
f 594/580/592 593/579/591 598/584/596
f 594/580/592 598/584/596 599/585/597
f 516/502/514 46/44/44 600/586/598
f 516/502/514 600/586/598 519/505/517
f 595/581/593 601/587/599 602/588/600
f 595/581/593 602/588/600 596/582/594
f 46/44/44 516/502/514 515/501/513
f 46/44/44 515/501/513 47/45/45
f 474/460/472 473/459/471 597/583/595
f 474/460/472 597/583/595 603/589/601
f 599/585/597 598/584/596 604/590/602
f 599/585/597 604/590/602 605/591/603
f 38/36/36 606/592/604 600/586/598
f 38/36/36 600/586/598 46/44/44
f 607/593/605 608/594/606 602/588/600
f 607/593/605 602/588/600 601/587/599
f 39/37/37 38/36/36 46/44/44
f 39/37/37 46/44/44 48/46/46
f 485/471/483 609/595/607 606/592/604
f 485/471/483 606/592/604 38/36/36
f 610/596/608 611/597/609 608/594/606
f 610/596/608 608/594/606 607/593/605
f 474/460/472 603/589/601 609/595/607
f 474/460/472 609/595/607 485/471/483
f 612/598/610 605/591/603 604/590/602
f 612/598/610 604/590/602 613/599/611
f 614/582/612 615/588/613 616/600/614
f 614/582/612 616/600/614 617/601/615
f 618/578/616 614/582/612 617/601/615
f 618/578/616 617/601/615 619/602/617
f 620/594/618 621/603/619 616/600/614
f 620/594/618 616/600/614 615/588/613
f 618/578/616 619/602/617 622/604/620
f 618/578/616 622/604/620 623/579/621
f 623/579/621 622/604/620 624/605/622
f 623/579/621 624/605/622 625/584/623
f 626/590/624 625/584/623 624/605/622
f 626/590/624 624/605/622 627/606/625
f 628/597/626 629/607/627 621/603/619
f 628/597/626 621/603/619 620/594/618
f 630/599/628 626/590/624 627/606/625
f 630/599/628 627/606/625 631/608/629
f 632/603/630 633/609/631 634/610/632
f 632/603/630 634/610/632 635/600/633
f 635/600/633 634/610/632 636/611/634
f 635/600/633 636/611/634 637/601/635
f 638/607/636 639/612/637 633/609/631
f 638/607/636 633/609/631 632/603/630
f 640/608/638 641/606/639 642/613/640
f 640/608/638 642/613/640 643/614/641
f 641/606/639 644/605/642 645/615/643
f 641/606/639 645/615/643 642/613/640
f 644/605/642 646/604/644 647/616/645
f 644/605/642 647/616/645 645/615/643
f 646/604/644 648/602/646 649/617/647
f 646/604/644 649/617/647 647/616/645
f 637/601/635 636/611/634 649/617/647
f 637/601/635 649/617/647 648/602/646
f 649/617/647 633/609/631 643/614/641
f 649/617/647 643/614/641 642/613/640
f 47/45/45 515/501/513 528/514/526
f 47/45/45 528/514/526 650/618/648
f 504/490/502 651/619/649 482/468/480
f 504/490/502 482/468/480 481/467/479
f 651/619/649 504/490/502 506/492/504
f 651/619/649 506/492/504 652/620/650
f 498/484/496 39/37/37 653/621/651
f 498/484/496 653/621/651 654/622/652
f 55/53/53 498/484/496 654/622/652
f 55/53/53 654/622/652 655/623/653
f 656/624/654 657/625/655 658/626/656
f 656/624/654 658/626/656 659/627/657
f 660/628/658 661/629/659 662/630/660
f 660/628/658 662/630/660 663/631/661
f 39/37/37 48/46/46 664/632/662
f 39/37/37 664/632/662 653/621/651
f 665/633/663 666/634/664 658/626/656
f 665/633/663 658/626/656 657/625/655
f 48/46/46 667/635/665 668/636/666
f 48/46/46 668/636/666 664/632/662
f 669/637/667 670/638/668 666/634/664
f 669/637/667 666/634/664 665/633/663
f 48/46/46 47/45/45 671/639/669
f 48/46/46 671/639/669 667/635/665
f 672/640/670 673/641/671 668/636/666
f 672/640/670 668/636/666 667/635/665
f 672/640/670 667/635/665 671/639/669
f 672/640/670 671/639/669 674/642/672
f 675/643/673 676/644/674 670/638/668
f 675/643/673 670/638/668 669/637/667
f 672/640/670 677/645/675 678/646/676
f 672/640/670 678/646/676 673/641/671
f 675/643/673 679/647/677 680/648/678
f 675/643/673 680/648/678 676/644/674
f 672/640/670 681/649/679 682/650/680
f 672/640/670 682/650/680 677/645/675
f 681/649/679 672/640/670 683/651/681
f 681/649/679 683/651/681 684/652/682
f 672/640/670 674/642/672 685/653/683
f 672/640/670 685/653/683 683/651/681
f 677/645/675 49/47/47 686/654/684
f 677/645/675 686/654/684 678/646/676
f 49/47/47 677/645/675 682/650/680
f 49/47/47 682/650/680 50/48/48
f 679/647/677 687/655/685 688/656/686
f 679/647/677 688/656/686 680/648/678
f 49/47/47 55/53/53 655/623/653
f 49/47/47 655/623/653 686/654/684
f 687/655/685 660/628/658 663/631/661
f 687/655/685 663/631/661 688/656/686
f 56/54/54 55/53/53 49/47/47
f 56/54/54 49/47/47 51/49/49
f 56/54/54 51/49/49 689/657/687
f 56/54/54 689/657/687 690/658/688
f 51/49/49 691/659/689 692/660/690
f 51/49/49 692/660/690 689/657/687
f 693/661/691 694/662/692 695/663/693
f 693/661/691 695/663/693 696/664/694
f 697/665/695 698/666/696 694/662/692
f 697/665/695 694/662/692 693/661/691
f 51/49/49 50/48/48 699/667/697
f 51/49/49 699/667/697 691/659/689
f 56/54/54 690/658/688 700/668/698
f 56/54/54 700/668/698 701/669/699
f 702/670/700 696/664/694 695/663/693
f 702/670/700 695/663/693 703/671/701
f 691/659/689 704/672/702 705/673/703
f 691/659/689 705/673/703 692/660/690
f 706/674/704 707/675/705 698/666/696
f 706/674/704 698/666/696 697/665/695
f 704/672/702 691/659/689 699/667/697
f 704/672/702 699/667/697 708/676/706
f 709/677/707 710/678/708 705/673/703
f 709/677/707 705/673/703 704/672/702
f 704/672/702 711/679/709 712/680/710
f 704/672/702 712/680/710 709/677/707
f 708/676/706 713/681/711 714/682/712
f 708/676/706 714/682/712 704/672/702
f 711/679/709 704/672/702 714/682/712
f 711/679/709 714/682/712 715/683/713
f 706/674/704 716/684/714 717/685/715
f 706/674/704 717/685/715 707/675/705
f 54/52/52 718/686/716 710/678/708
f 54/52/52 710/678/708 709/677/707
f 716/684/714 719/687/717 720/688/718
f 716/684/714 720/688/718 717/685/715
f 54/52/52 709/677/707 712/680/710
f 54/52/52 712/680/710 52/50/50
f 721/689/719 722/690/720 718/686/716
f 721/689/719 718/686/716 54/52/52
f 499/485/497 721/689/719 54/52/52
f 499/485/497 54/52/52 53/51/51
f 719/687/717 723/691/721 724/692/722
f 719/687/717 724/692/722 720/688/718
f 721/689/719 701/669/699 700/668/698
f 721/689/719 700/668/698 722/690/720
f 723/691/721 725/693/723 726/694/724
f 723/691/721 726/694/724 724/692/722
f 721/689/719 491/477/489 492/478/490
f 721/689/719 492/478/490 701/669/699
f 499/485/497 53/51/51 727/695/725
f 499/485/497 727/695/725 728/696/726
f 729/697/727 730/698/728 727/695/725
f 729/697/727 727/695/725 53/51/51
f 731/699/729 732/700/730 733/701/731
f 731/699/729 733/701/731 734/702/732
f 735/703/733 736/704/734 732/700/730
f 735/703/733 732/700/730 731/699/729
f 500/486/498 499/485/497 728/696/726
f 500/486/498 728/696/726 737/705/735
f 738/706/736 734/702/732 733/701/731
f 738/706/736 733/701/731 739/707/737
f 740/708/738 741/709/739 730/698/728
f 740/708/738 730/698/728 729/697/727
f 742/710/740 743/711/741 736/704/734
f 742/710/740 736/704/734 735/703/733
f 53/51/51 52/50/50 744/712/742
f 53/51/51 744/712/742 729/697/727
f 740/708/738 729/697/727 744/712/742
f 740/708/738 744/712/742 745/713/743
f 746/714/744 747/715/745 741/709/739
f 746/714/744 741/709/739 740/708/738
f 740/708/738 59/57/57 58/56/56
f 740/708/738 58/56/56 746/714/744
f 745/713/743 748/716/746 749/717/747
f 745/713/743 749/717/747 740/708/738
f 740/708/738 749/717/747 750/718/748
f 740/708/738 750/718/748 59/57/57
f 742/710/740 751/719/749 752/720/750
f 742/710/740 752/720/750 743/711/741
f 753/721/751 747/715/745 746/714/744
f 753/721/751 746/714/744 754/722/752
f 751/719/749 755/723/753 756/724/754
f 751/719/749 756/724/754 752/720/750
f 457/443/455 754/722/752 746/714/744
f 457/443/455 746/714/744 58/56/56
f 754/722/752 484/470/482 757/725/755
f 754/722/752 757/725/755 753/721/751
f 755/723/753 758/726/756 759/727/757
f 755/723/753 759/727/757 756/724/754
f 484/470/482 500/486/498 737/705/735
f 484/470/482 737/705/735 757/725/755
f 760/728/758 761/729/759 759/727/757
f 760/728/758 759/727/757 758/726/756
f 683/651/681 762/730/760 763/731/761
f 683/651/681 763/731/761 684/652/682
f 683/651/681 685/653/683 764/732/762
f 683/651/681 764/732/762 762/730/760
f 681/649/679 684/652/682 765/733/763
f 681/649/679 765/733/763 766/734/764
f 684/652/682 763/731/761 767/735/765
f 684/652/682 767/735/765 765/733/763
f 768/736/766 682/650/680 681/649/679
f 768/736/766 681/649/679 766/734/764
f 769/737/767 770/738/768 685/653/683
f 769/737/767 685/653/683 674/642/672
f 771/739/769 769/737/767 674/642/672
f 771/739/769 674/642/672 671/639/669
f 685/653/683 770/738/768 772/740/770
f 685/653/683 772/740/770 764/732/762
f 671/639/669 47/45/45 650/618/648
f 671/639/669 650/618/648 771/739/769
f 682/650/680 768/736/766 773/741/771
f 682/650/680 773/741/771 50/48/48
f 50/48/48 773/741/771 774/742/772
f 50/48/48 774/742/772 699/667/697
f 699/667/697 774/742/772 775/743/773
f 699/667/697 775/743/773 708/676/706
f 776/744/774 777/745/775 52/50/50
f 776/744/774 52/50/50 712/680/710
f 778/746/776 744/712/742 52/50/50
f 778/746/776 52/50/50 777/745/775
f 712/680/710 711/679/709 779/747/777
f 712/680/710 779/747/777 776/744/774
f 744/712/742 778/746/776 780/748/778
f 744/712/742 780/748/778 745/713/743
f 713/681/711 781/749/779 782/750/780
f 713/681/711 782/750/780 714/682/712
f 782/750/780 783/751/781 715/683/713
f 782/750/780 715/683/713 714/682/712
f 708/676/706 775/743/773 784/752/782
f 708/676/706 784/752/782 713/681/711
f 713/681/711 784/752/782 785/753/783
f 713/681/711 785/753/783 781/749/779
f 711/679/709 715/683/713 786/754/784
f 711/679/709 786/754/784 779/747/777
f 715/683/713 783/751/781 787/755/785
f 715/683/713 787/755/785 786/754/784
f 745/713/743 780/748/778 788/756/786
f 745/713/743 788/756/786 748/716/746
f 789/757/787 749/717/747 748/716/746
f 789/757/787 748/716/746 790/758/788
f 788/756/786 791/759/789 790/758/788
f 788/756/786 790/758/788 748/716/746
f 750/718/748 749/717/747 789/757/787
f 750/718/748 789/757/787 792/760/790
f 60/58/58 59/57/57 750/718/748
f 60/58/58 750/718/748 793/761/791
f 793/761/791 750/718/748 792/760/790
f 793/761/791 792/760/790 794/762/792
f 458/444/456 457/443/455 58/56/56
f 458/444/456 58/56/56 60/58/58
f 762/730/760 764/732/762 795/763/793
f 762/730/760 795/763/793 796/764/794
f 797/765/795 763/731/761 762/730/760
f 797/765/795 762/730/760 796/764/794
f 795/763/793 764/732/762 772/740/770
f 795/763/793 772/740/770 798/766/796
f 763/731/761 797/765/795 799/767/797
f 763/731/761 799/767/797 767/735/765
f 796/764/794 800/768/798 801/769/799
f 796/764/794 801/769/799 797/765/795
f 797/765/795 801/769/799 802/770/800
f 797/765/795 802/770/800 799/767/797
f 800/768/798 796/764/794 795/763/793
f 800/768/798 795/763/793 803/771/801
f 798/766/796 804/772/802 803/771/801
f 798/766/796 803/771/801 795/763/793
f 800/768/798 805/773/803 806/774/804
f 800/768/798 806/774/804 801/769/799
f 803/771/801 807/775/805 805/773/803
f 803/771/801 805/773/803 800/768/798
f 801/769/799 806/774/804 808/776/806
f 801/769/799 808/776/806 802/770/800
f 803/771/801 804/772/802 809/777/807
f 803/771/801 809/777/807 807/775/805
f 805/773/803 810/778/808 811/779/809
f 805/773/803 811/779/809 806/774/804
f 812/780/810 808/776/806 806/774/804
f 812/780/810 806/774/804 811/779/809
f 805/773/803 807/775/805 813/781/811
f 805/773/803 813/781/811 810/778/808
f 807/775/805 809/777/807 814/782/812
f 807/775/805 814/782/812 813/781/811
f 813/781/811 109/107/107 62/60/60
f 813/781/811 62/60/60 810/778/808
f 813/781/811 814/782/812 815/783/813
f 813/781/811 815/783/813 109/107/107
f 811/779/809 810/778/808 62/60/60
f 811/779/809 62/60/60 108/106/106
f 811/779/809 108/106/106 816/784/814
f 811/779/809 816/784/814 812/780/810
f 817/785/815 107/105/105 61/59/59
f 817/785/815 61/59/59 818/786/816
f 819/787/817 818/786/816 61/59/59
f 819/787/817 61/59/59 63/61/61
f 815/783/813 820/788/818 110/108/108
f 815/783/813 110/108/108 109/107/107
f 821/789/819 822/790/820 783/751/781
f 821/789/819 783/751/781 782/750/780
f 821/789/819 782/750/780 781/749/779
f 821/789/819 781/749/779 823/791/821
f 824/792/822 787/755/785 783/751/781
f 824/792/822 783/751/781 822/790/820
f 821/789/819 825/793/823 826/794/824
f 821/789/819 826/794/824 822/790/820
f 822/790/820 826/794/824 827/795/825
f 822/790/820 827/795/825 824/792/822
f 821/789/819 823/791/821 828/796/826
f 821/789/819 828/796/826 825/793/823
f 781/749/779 785/753/783 829/797/827
f 781/749/779 829/797/827 823/791/821
f 823/791/821 829/797/827 830/798/828
f 823/791/821 830/798/828 828/796/826
f 831/799/829 832/800/830 826/794/824
f 831/799/829 826/794/824 825/793/823
f 833/801/831 831/799/829 825/793/823
f 833/801/831 825/793/823 828/796/826
f 826/794/824 832/800/830 834/802/832
f 826/794/824 834/802/832 827/795/825
f 828/796/826 830/798/828 835/803/833
f 828/796/826 835/803/833 833/801/831
f 832/800/830 831/799/829 836/804/834
f 832/800/830 836/804/834 837/805/835
f 833/801/831 838/806/836 836/804/834
f 833/801/831 836/804/834 831/799/829
f 832/800/830 837/805/835 839/807/837
f 832/800/830 839/807/837 834/802/832
f 833/801/831 835/803/833 840/808/838
f 833/801/831 840/808/838 838/806/836
f 837/805/835 836/804/834 64/62/62
f 837/805/835 64/62/62 112/110/110
f 838/806/836 113/111/111 64/62/62
f 838/806/836 64/62/62 836/804/834
f 841/809/839 839/807/837 837/805/835
f 841/809/839 837/805/835 112/110/110
f 840/808/838 842/810/840 113/111/111
f 840/808/838 113/111/111 838/806/836
f 843/811/841 841/809/839 112/110/110
f 843/811/841 112/110/110 111/109/109
f 844/812/842 65/63/63 114/112/112
f 844/812/842 114/112/112 845/813/843
f 844/812/842 846/814/844 66/64/64
f 844/812/842 66/64/64 65/63/63
f 790/758/788 847/815/845 848/816/846
f 790/758/788 848/816/846 789/757/787
f 789/757/787 848/816/846 849/817/847
f 789/757/787 849/817/847 792/760/790
f 791/759/789 850/818/848 847/815/845
f 791/759/789 847/815/845 790/758/788
f 851/819/849 852/820/850 848/816/846
f 851/819/849 848/816/846 847/815/845
f 850/818/848 853/821/851 851/819/849
f 850/818/848 851/819/849 847/815/845
f 848/816/846 852/820/850 854/822/852
f 848/816/846 854/822/852 849/817/847
f 794/762/792 792/760/790 849/817/847
f 794/762/792 849/817/847 855/823/853
f 855/823/853 849/817/847 854/822/852
f 855/823/853 854/822/852 856/824/854
f 851/819/849 857/825/855 858/826/856
f 851/819/849 858/826/856 852/820/850
f 852/820/850 858/826/856 859/827/857
f 852/820/850 859/827/857 854/822/852
f 853/821/851 860/828/858 857/825/855
f 853/821/851 857/825/855 851/819/849
f 854/822/852 859/827/857 861/829/859
f 854/822/852 861/829/859 856/824/854
f 859/827/857 858/826/856 862/830/860
f 859/827/857 862/830/860 863/831/861
f 864/832/862 861/829/859 859/827/857
f 864/832/862 859/827/857 863/831/861
f 857/825/855 865/833/863 862/830/860
f 857/825/855 862/830/860 858/826/856
f 857/825/855 860/828/858 866/834/864
f 857/825/855 866/834/864 865/833/863
f 865/833/863 115/113/113 68/66/66
f 865/833/863 68/66/66 862/830/860
f 866/834/864 867/835/865 115/113/113
f 866/834/864 115/113/113 865/833/863
f 863/831/861 862/830/860 68/66/66
f 863/831/861 68/66/66 118/116/116
f 863/831/861 118/116/116 868/836/866
f 863/831/861 868/836/866 864/832/862
f 869/837/867 69/67/67 116/114/114
f 869/837/867 116/114/114 870/838/868
f 871/839/869 872/840/870 117/115/115
f 871/839/869 117/115/115 67/65/65
f 871/839/869 67/65/65 69/67/67
f 871/839/869 69/67/67 869/837/867
f 402/392/400 409/399/407 873/841/871
f 402/392/400 873/841/871 874/842/872
f 875/843/873 355/348/353 402/392/400
f 875/843/873 402/392/400 874/842/872
f 409/399/407 410/400/408 876/844/874
f 409/399/407 876/844/874 873/841/871
f 874/842/872 873/841/871 877/845/875
f 874/842/872 877/845/875 878/846/876
f 879/847/877 877/845/875 873/841/871
f 879/847/877 873/841/871 876/844/874
f 874/842/872 878/846/876 880/848/878
f 874/842/872 880/848/878 875/843/873
f 355/348/353 875/843/873 881/849/879
f 355/348/353 881/849/879 353/346/351
f 875/843/873 880/848/878 882/850/880
f 875/843/873 882/850/880 881/849/879
f 878/846/876 883/851/881 884/852/882
f 878/846/876 884/852/882 880/848/878
f 885/853/883 882/850/880 880/848/878
f 885/853/883 880/848/878 884/852/882
f 877/845/875 886/854/884 883/851/881
f 877/845/875 883/851/881 878/846/876
f 877/845/875 879/847/877 887/855/885
f 877/845/875 887/855/885 886/854/884
f 884/852/882 883/851/881 888/856/886
f 884/852/882 888/856/886 124/122/122
f 883/851/881 886/854/884 119/117/117
f 883/851/881 119/117/117 888/856/886
f 884/852/882 124/122/122 123/121/121
f 884/852/882 123/121/121 885/853/883
f 887/855/885 120/118/118 119/117/117
f 887/855/885 119/117/117 886/854/884
f 889/857/887 888/856/886 119/117/117
f 889/857/887 119/117/117 122/120/120
f 889/857/887 125/123/123 124/122/122
f 889/857/887 124/122/122 888/856/886
f 353/346/351 881/849/879 890/858/888
f 353/346/351 890/858/888 354/347/352
f 358/351/356 891/859/889 892/860/890
f 358/351/356 892/860/890 359/352/357
f 881/849/879 882/850/880 893/861/891
f 881/849/879 893/861/891 890/858/888
f 892/860/890 891/859/889 894/862/892
f 892/860/890 894/862/892 895/863/893
f 882/850/880 885/853/883 896/864/894
f 882/850/880 896/864/894 893/861/891
f 894/862/892 897/865/895 898/866/896
f 894/862/892 898/866/896 895/863/893
f 899/867/897 896/864/894 885/853/883
f 899/867/897 885/853/883 123/121/121
f 128/126/126 898/866/896 897/865/895
f 128/126/126 897/865/895 900/868/898
f 901/869/899 899/867/897 123/121/121
f 901/869/899 123/121/121 126/124/124
f 900/868/898 902/870/900 129/127/127
f 900/868/898 129/127/127 128/126/126
f 876/844/874 410/400/408 411/401/409
f 876/844/874 411/401/409 903/871/901
f 417/407/415 415/405/413 904/872/902
f 417/407/415 904/872/902 905/873/903
f 903/871/901 906/874/904 879/847/877
f 903/871/901 879/847/877 876/844/874
f 905/873/903 904/872/902 907/875/905
f 905/873/903 907/875/905 908/876/906
f 887/855/885 879/847/877 906/874/904
f 887/855/885 906/874/904 909/877/907
f 910/878/908 911/879/909 908/876/906
f 910/878/908 908/876/906 907/875/905
f 909/877/907 912/880/910 120/118/118
f 909/877/907 120/118/118 887/855/885
f 911/879/909 910/878/908 131/129/129
f 911/879/909 131/129/129 913/881/911
f 914/882/912 122/120/120 121/119/119
f 914/882/912 121/119/119 915/883/913
f 916/884/914 134/132/132 133/131/131
f 916/884/914 133/131/131 917/885/915
f 918/886/916 919/887/917 125/123/123
f 918/886/916 125/123/123 889/857/887
f 914/882/912 918/886/916 889/857/887
f 914/882/912 889/857/887 122/120/120
f 920/888/918 917/885/915 133/131/131
f 920/888/918 133/131/131 921/889/919
f 922/890/920 920/888/918 921/889/919
f 922/890/920 921/889/919 130/128/128
f 923/891/921 924/892/922 416/406/414
f 923/891/921 416/406/414 362/355/360
f 416/406/414 924/892/922 925/893/923
f 416/406/414 925/893/923 414/404/412
f 359/352/357 892/860/890 923/891/921
f 359/352/357 923/891/921 362/355/360
f 895/863/893 926/894/924 923/891/921
f 895/863/893 923/891/921 892/860/890
f 924/892/922 923/891/921 926/894/924
f 924/892/922 926/894/924 927/895/925
f 925/893/923 924/892/922 927/895/925
f 925/893/923 927/895/925 928/896/926
f 927/895/925 926/894/924 929/897/927
f 927/895/925 929/897/927 930/898/928
f 930/898/928 931/899/929 928/896/926
f 930/898/928 928/896/926 927/895/925
f 926/894/924 895/863/893 898/866/896
f 926/894/924 898/866/896 929/897/927
f 898/866/896 128/126/126 127/125/125
f 898/866/896 127/125/125 929/897/927
f 930/898/928 929/897/927 127/125/125
f 930/898/928 127/125/125 932/900/930
f 932/900/930 132/130/130 931/899/929
f 932/900/930 931/899/929 930/898/928
f 415/405/413 414/404/412 925/893/923
f 415/405/413 925/893/923 904/872/902
f 904/872/902 925/893/923 928/896/926
f 904/872/902 928/896/926 907/875/905
f 931/899/929 910/878/908 907/875/905
f 931/899/929 907/875/905 928/896/926
f 921/889/919 932/900/930 127/125/125
f 921/889/919 127/125/125 130/128/128
f 933/901/931 652/620/650 506/492/504
f 933/901/931 506/492/504 508/494/506
f 934/902/932 933/901/931 508/494/506
f 934/902/932 508/494/506 501/487/499
f 501/487/499 452/438/450 460/446/458
f 501/487/499 460/446/458 934/902/932
f 74/72/72 483/469/481 482/468/480
f 74/72/72 482/468/480 651/619/649
f 652/620/650 71/69/69 74/72/72
f 652/620/650 74/72/72 651/619/649
f 933/901/931 72/70/70 71/69/69
f 933/901/931 71/69/69 652/620/650
f 935/903/933 72/70/70 933/901/931
f 935/903/933 933/901/931 934/902/932
f 934/902/932 460/446/458 462/448/460
f 934/902/932 462/448/460 935/903/933
f 483/469/481 74/72/72 936/904/934
f 483/469/481 936/904/934 538/524/536
f 72/70/70 935/903/933 937/905/935
f 72/70/70 937/905/935 938/906/936
f 72/70/70 939/907/937 940/908/938
f 72/70/70 940/908/938 70/68/68
f 72/70/70 938/906/936 941/909/939
f 72/70/70 941/909/939 939/907/937
f 942/910/940 943/911/941 944/912/942
f 942/910/940 944/912/942 945/913/943
f 943/911/941 942/910/940 946/914/944
f 943/911/941 946/914/944 947/915/945
f 462/448/460 461/447/459 945/913/943
f 462/448/460 945/913/943 944/912/942
f 948/916/946 944/912/942 943/911/941
f 948/916/946 943/911/941 949/917/947
f 935/903/933 462/448/460 944/912/942
f 935/903/933 944/912/942 948/916/946
f 943/911/941 947/915/945 950/918/948
f 943/911/941 950/918/948 949/917/947
f 951/919/949 948/916/946 949/917/947
f 951/919/949 949/917/947 952/920/950
f 935/903/933 948/916/946 951/919/949
f 935/903/933 951/919/949 937/905/935
f 950/918/948 953/921/951 952/920/950
f 950/918/948 952/920/950 949/917/947
f 951/919/949 952/920/950 954/922/952
f 951/919/949 954/922/952 955/923/953
f 952/920/950 953/921/951 956/924/954
f 952/920/950 956/924/954 954/922/952
f 937/905/935 951/919/949 955/923/953
f 937/905/935 955/923/953 957/925/955
f 940/908/938 939/907/937 958/926/956
f 940/908/938 958/926/956 959/927/957
f 70/68/68 940/908/938 960/928/958
f 70/68/68 960/928/958 961/929/959
f 940/908/938 959/927/957 962/930/960
f 940/908/938 962/930/960 960/928/958
f 71/69/69 70/68/68 963/931/961
f 71/69/69 963/931/961 73/71/71
f 70/68/68 961/929/959 964/932/962
f 70/68/68 964/932/962 963/931/961
f 73/71/71 963/931/961 965/933/963
f 73/71/71 965/933/963 966/934/964
f 967/935/965 965/933/963 963/931/961
f 967/935/965 963/931/961 964/932/962
f 73/71/71 968/936/966 936/904/934
f 73/71/71 936/904/934 74/72/72
f 968/936/966 73/71/71 966/934/964
f 968/936/966 966/934/964 969/937/967
f 936/904/934 970/938/968 543/529/541
f 936/904/934 543/529/541 538/524/536
f 969/937/967 966/934/964 971/939/969
f 969/937/967 971/939/969 972/940/970
f 969/937/967 972/940/970 973/941/971
f 969/937/967 973/941/971 974/942/972
f 972/940/970 971/939/969 975/943/973
f 972/940/970 975/943/973 976/944/974
f 972/940/970 976/944/974 977/945/975
f 972/940/970 977/945/975 973/941/971
f 966/934/964 965/933/963 978/946/976
f 966/934/964 978/946/976 971/939/969
f 971/939/969 978/946/976 979/947/977
f 971/939/969 979/947/977 975/943/973
f 965/933/963 967/935/965 980/948/978
f 965/933/963 980/948/978 978/946/976
f 978/946/976 980/948/978 981/949/979
f 978/946/976 981/949/979 979/947/977
f 959/927/957 958/926/956 982/950/980
f 959/927/957 982/950/980 983/951/981
f 959/927/957 983/951/981 984/952/982
f 959/927/957 984/952/982 962/930/960
f 941/909/939 985/953/983 958/926/956
f 941/909/939 958/926/956 939/907/937
f 982/950/980 958/926/956 985/953/983
f 982/950/980 985/953/983 986/954/984
f 987/955/985 986/954/984 985/953/983
f 987/955/985 985/953/983 988/956/986
f 941/909/939 989/957/987 988/956/986
f 941/909/939 988/956/986 985/953/983
f 976/944/974 975/943/973 990/958/988
f 976/944/974 990/958/988 991/959/989
f 976/944/974 991/959/989 992/960/990
f 976/944/974 992/960/990 977/945/975
f 993/961/991 990/958/988 975/943/973
f 993/961/991 975/943/973 979/947/977
f 979/947/977 981/949/979 994/962/992
f 979/947/977 994/962/992 993/961/991
f 995/963/993 983/951/981 982/950/980
f 995/963/993 982/950/980 996/964/994
f 984/952/982 983/951/981 995/963/993
f 984/952/982 995/963/993 997/965/995
f 986/954/984 998/966/996 996/964/994
f 986/954/984 996/964/994 982/950/980
f 998/966/996 986/954/984 987/955/985
f 998/966/996 987/955/985 999/967/997
f 953/921/951 950/918/948 1000/968/998
f 953/921/951 1000/968/998 1001/969/999
f 953/921/951 1001/969/999 1002/970/1000
f 953/921/951 1002/970/1000 956/924/954
f 1000/968/998 950/918/948 947/915/945
f 1000/968/998 947/915/945 1003/971/1001
f 946/914/944 1004/972/1002 1003/971/1001
f 946/914/944 1003/971/1001 947/915/945
f 1005/973/1003 1006/974/1004 991/959/989
f 1005/973/1003 991/959/989 990/958/988
f 991/959/989 1006/974/1004 1007/975/1005
f 991/959/989 1007/975/1005 992/960/990
f 990/958/988 993/961/991 1008/976/1006
f 990/958/988 1008/976/1006 1005/973/1003
f 993/961/991 994/962/992 1009/977/1007
f 993/961/991 1009/977/1007 1008/976/1006
f 1006/974/1004 1005/973/1003 1010/978/1008
f 1006/974/1004 1010/978/1008 1011/979/1009
f 1005/973/1003 1008/976/1006 1012/980/1010
f 1005/973/1003 1012/980/1010 1010/978/1008
f 1011/979/1009 1013/981/1011 1007/975/1005
f 1011/979/1009 1007/975/1005 1006/974/1004
f 1009/977/1007 1014/982/1012 1012/980/1010
f 1009/977/1007 1012/980/1010 1008/976/1006
f 1011/979/1009 1010/978/1008 1015/983/1013
f 1011/979/1009 1015/983/1013 1016/984/1014
f 1017/985/1015 1015/983/1013 1010/978/1008
f 1017/985/1015 1010/978/1008 1012/980/1010
f 1014/982/1012 1018/986/1016 1017/985/1015
f 1014/982/1012 1017/985/1015 1012/980/1010
f 1017/985/1015 137/135/135 77/75/75
f 1017/985/1015 77/75/75 1015/983/1013
f 1018/986/1016 1019/987/1017 137/135/135
f 1018/986/1016 137/135/135 1017/985/1015
f 1016/984/1014 1015/983/1013 77/75/75
f 1016/984/1014 77/75/75 136/134/134
f 1013/981/1011 1011/979/1009 1016/984/1014
f 1013/981/1011 1016/984/1014 1020/988/1018
f 1020/988/1018 1016/984/1014 136/134/134
f 1020/988/1018 136/134/134 1021/989/1019
f 1021/989/1019 136/134/134 135/133/133
f 1021/989/1019 135/133/133 1022/990/1020
f 1023/991/1021 75/73/73 138/136/136
f 1023/991/1021 138/136/136 1024/992/1022
f 996/964/994 1025/993/1023 1026/994/1024
f 996/964/994 1026/994/1024 995/963/993
f 998/966/996 1027/995/1025 1025/993/1023
f 998/966/996 1025/993/1023 996/964/994
f 997/965/995 995/963/993 1026/994/1024
f 997/965/995 1026/994/1024 1028/996/1026
f 1029/997/1027 1026/994/1024 1025/993/1023
f 1029/997/1027 1025/993/1023 1030/998/1028
f 1026/994/1024 1029/997/1027 1031/999/1029
f 1026/994/1024 1031/999/1029 1028/996/1026
f 1027/995/1025 1032/1000/1030 1030/998/1028
f 1027/995/1025 1030/998/1028 1025/993/1023
f 999/967/997 1033/1001/1031 1027/995/1025
f 999/967/997 1027/995/1025 998/966/996
f 1033/1001/1031 1034/1002/1032 1032/1000/1030
f 1033/1001/1031 1032/1000/1030 1027/995/1025
f 1035/1003/1033 1036/1004/1034 1030/998/1028
f 1035/1003/1033 1030/998/1028 1032/1000/1030
f 1030/998/1028 1036/1004/1034 1037/1005/1035
f 1030/998/1028 1037/1005/1035 1029/997/1027
f 1035/1003/1033 1032/1000/1030 1034/1002/1032
f 1035/1003/1033 1034/1002/1032 1038/1006/1036
f 1031/999/1029 1029/997/1027 1037/1005/1035
f 1031/999/1029 1037/1005/1035 1039/1007/1037
f 1040/1008/1038 1041/1009/1039 1037/1005/1035
f 1040/1008/1038 1037/1005/1035 1036/1004/1034
f 1037/1005/1035 1041/1009/1039 1042/1010/1040
f 1037/1005/1035 1042/1010/1040 1039/1007/1037
f 1036/1004/1034 1035/1003/1033 1043/1011/1041
f 1036/1004/1034 1043/1011/1041 1040/1008/1038
f 1038/1006/1036 1044/1012/1042 1043/1011/1041
f 1038/1006/1036 1043/1011/1041 1035/1003/1033
f 1043/1011/1041 141/139/139 78/76/76
f 1043/1011/1041 78/76/76 1040/1008/1038
f 1041/1009/1039 1040/1008/1038 78/76/76
f 1041/1009/1039 78/76/76 140/138/138
f 1044/1012/1042 1045/1013/1043 141/139/139
f 1044/1012/1042 141/139/139 1043/1011/1041
f 140/138/138 1046/1014/1044 1042/1010/1040
f 140/138/138 1042/1010/1040 1041/1009/1039
f 1047/1015/1045 139/137/137 80/78/78
f 1047/1015/1045 80/78/78 1048/1016/1046
f 1045/1013/1043 1049/1017/1047 142/140/140
f 1045/1013/1043 142/140/140 141/139/139
f 1050/1018/1048 1001/969/999 1000/968/998
f 1050/1018/1048 1000/968/998 1051/1019/1049
f 1003/971/1001 1052/1020/1050 1051/1019/1049
f 1003/971/1001 1051/1019/1049 1000/968/998
f 1053/1021/1051 1002/970/1000 1001/969/999
f 1053/1021/1051 1001/969/999 1050/1018/1048
f 1054/1022/1052 1052/1020/1050 1003/971/1001
f 1054/1022/1052 1003/971/1001 1004/972/1002
f 1052/1020/1050 1055/1023/1053 1056/1024/1054
f 1052/1020/1050 1056/1024/1054 1051/1019/1049
f 1057/1025/1055 1050/1018/1048 1051/1019/1049
f 1057/1025/1055 1051/1019/1049 1056/1024/1054
f 1055/1023/1053 1052/1020/1050 1054/1022/1052
f 1055/1023/1053 1054/1022/1052 1058/1026/1056
f 1050/1018/1048 1057/1025/1055 1059/1027/1057
f 1050/1018/1048 1059/1027/1057 1053/1021/1051
f 1057/1025/1055 1056/1024/1054 1060/1028/1058
f 1057/1025/1055 1060/1028/1058 1061/1029/1059
f 1057/1025/1055 1061/1029/1059 1062/1030/1060
f 1057/1025/1055 1062/1030/1060 1059/1027/1057
f 1055/1023/1053 1063/1031/1061 1060/1028/1058
f 1055/1023/1053 1060/1028/1058 1056/1024/1054
f 1058/1026/1056 1064/1032/1062 1063/1031/1061
f 1058/1026/1056 1063/1031/1061 1055/1023/1053
f 1061/1029/1059 1060/1028/1058 81/79/79
f 1061/1029/1059 81/79/79 146/144/144
f 1065/1033/1063 1062/1030/1060 1061/1029/1059
f 1065/1033/1063 1061/1029/1059 146/144/144
f 1063/1031/1061 143/141/141 81/79/79
f 1063/1031/1061 81/79/79 1060/1028/1058
f 1064/1032/1062 1066/1034/1064 143/141/141
f 1064/1032/1062 143/141/141 1063/1031/1061
f 1067/1035/1065 1068/1036/1066 82/80/80
f 1067/1035/1065 82/80/80 144/142/142
f 1069/1037/1067 1070/1038/1068 145/143/143
f 1069/1037/1067 145/143/143 83/81/81
f 1071/1039/1069 938/906/936 937/905/935
f 1071/1039/1069 937/905/935 957/925/955
f 1072/644/1070 1073/1040/1071 1074/1041/1072
f 1072/644/1070 1074/1041/1072 1075/638/1073
f 1072/644/1070 1076/648/1074 1077/1042/1075
f 1072/644/1070 1077/1042/1075 1073/1040/1071
f 1075/638/1073 1074/1041/1072 1078/1043/1076
f 1075/638/1073 1078/1043/1076 1079/634/1077
f 1080/626/1078 1079/634/1077 1078/1043/1076
f 1080/626/1078 1078/1043/1076 1081/1044/1079
f 1082/656/1080 1083/631/1081 1084/1045/1082
f 1082/656/1080 1084/1045/1082 1085/1046/1083
f 1076/648/1074 1082/656/1080 1085/1046/1083
f 1076/648/1074 1085/1046/1083 1077/1042/1075
f 1086/1046/1084 1087/1047/1085 1088/1048/1086
f 1086/1046/1084 1088/1048/1086 1089/1042/1087
f 1090/1045/1088 1091/1049/1089 1087/1047/1085
f 1090/1045/1088 1087/1047/1085 1086/1046/1084
f 1089/1042/1087 1088/1048/1086 1092/1050/1090
f 1089/1042/1087 1092/1050/1090 1093/1040/1091
f 1093/1040/1091 1092/1050/1090 1094/1051/1092
f 1093/1040/1091 1094/1051/1092 1095/1041/1093
f 1096/1043/1094 1095/1041/1093 1094/1051/1092
f 1096/1043/1094 1094/1051/1092 1097/1052/1095
f 1098/1044/1096 1096/1043/1094 1097/1052/1095
f 1098/1044/1096 1097/1052/1095 1099/1053/1097
f 1100/1054/1098 1098/1044/1096 1099/1053/1097
f 1100/1054/1098 1099/1053/1097 1101/1055/1099
f 1102/1056/1100 1101/1055/1099 1091/1049/1089
f 1102/1056/1100 1091/1049/1089 1090/1045/1088
f 1091/1049/1089 1092/1050/1090 1088/1048/1086
f 1091/1049/1089 1088/1048/1086 1087/1047/1085
f 1092/1050/1090 1099/1053/1097 1097/1052/1095
f 1092/1050/1090 1097/1052/1095 1094/1051/1092
f 1103/675/1101 1104/1057/1102 1105/1058/1103
f 1103/675/1101 1105/1058/1103 1106/666/1104
f 1106/666/1104 1105/1058/1103 1107/1059/1105
f 1106/666/1104 1107/1059/1105 1108/662/1106
f 1109/685/1107 1110/1060/1108 1104/1057/1102
f 1109/685/1107 1104/1057/1102 1103/675/1101
f 1111/688/1109 1112/1061/1110 1110/1060/1108
f 1111/688/1109 1110/1060/1108 1109/685/1107
f 1113/692/1111 1114/1062/1112 1112/1061/1110
f 1113/692/1111 1112/1061/1110 1111/688/1109
f 1113/692/1111 1115/694/1113 1116/1063/1114
f 1113/692/1111 1116/1063/1114 1114/1062/1112
f 1117/671/1115 1118/663/1116 1119/1064/1117
f 1117/671/1115 1119/1064/1117 1120/1065/1118
f 1108/662/1106 1107/1059/1105 1119/1064/1117
f 1108/662/1106 1119/1064/1117 1118/663/1116
f 1121/1059/1119 1122/1058/1120 1123/1066/1121
f 1121/1059/1119 1123/1066/1121 1124/1067/1122
f 1125/1064/1123 1121/1059/1119 1124/1067/1122
f 1125/1064/1123 1124/1067/1122 1126/1068/1124
f 1127/1057/1125 1128/1069/1126 1123/1066/1121
f 1127/1057/1125 1123/1066/1121 1122/1058/1120
f 1129/1060/1127 1130/1070/1128 1128/1069/1126
f 1129/1060/1127 1128/1069/1126 1127/1057/1125
f 1131/1061/1129 1132/1071/1130 1130/1070/1128
f 1131/1061/1129 1130/1070/1128 1129/1060/1127
f 1133/1062/1131 1134/1072/1132 1132/1071/1130
f 1133/1062/1131 1132/1071/1130 1131/1061/1129
f 1135/1063/1133 1136/1073/1134 1134/1072/1132
f 1135/1063/1133 1134/1072/1132 1133/1062/1131
f 1137/1065/1135 1125/1064/1123 1126/1068/1124
f 1137/1065/1135 1126/1068/1124 1136/1073/1134
f 1126/1068/1124 1138/1074/1136 1134/1072/1132
f 1126/1068/1124 1134/1072/1132 1136/1073/1134
f 1126/1068/1124 1124/1067/1122 1123/1066/1121
f 1126/1068/1124 1123/1066/1121 1138/1074/1136
f 1130/1070/1128 1138/1074/1136 1123/1066/1121
f 1130/1070/1128 1123/1066/1121 1128/1069/1126
f 1139/711/1137 1140/1075/1138 1141/1076/1139
f 1139/711/1137 1141/1076/1139 1142/704/1140
f 1142/704/1140 1141/1076/1139 1143/1077/1141
f 1142/704/1140 1143/1077/1141 1144/700/1142
f 1139/711/1137 1145/720/1143 1146/1078/1144
f 1139/711/1137 1146/1078/1144 1140/1075/1138
f 1147/724/1145 1148/1079/1146 1146/1078/1144
f 1147/724/1145 1146/1078/1144 1145/720/1143
f 1149/727/1147 1150/1080/1148 1148/1079/1146
f 1149/727/1147 1148/1079/1146 1147/724/1145
f 1151/729/1149 1152/1081/1150 1150/1080/1148
f 1151/729/1149 1150/1080/1148 1149/727/1147
f 1153/707/1149 1154/701/1151 1155/1082/1152
f 1153/707/1149 1155/1082/1152 1156/1083/1153
f 1154/701/1151 1144/700/1142 1143/1077/1141
f 1154/701/1151 1143/1077/1141 1155/1082/1152
f 1157/1082/1154 1158/1077/1155 1159/1084/1156
f 1157/1082/1154 1159/1084/1156 1160/1085/1157
f 1161/1083/1158 1157/1082/1154 1160/1085/1157
f 1161/1083/1158 1160/1085/1157 89/87/87
f 1158/1077/1155 1162/1076/1159 1163/1086/1160
f 1158/1077/1155 1163/1086/1160 1159/1084/1156
f 1164/1075/1161 86/84/84 1163/1086/1160
f 1164/1075/1161 1163/1086/1160 1162/1076/1159
f 1164/1075/1161 1165/1078/1162 84/82/82
f 1164/1075/1161 84/82/82 86/84/84
f 1166/1079/1163 87/85/85 84/82/82
f 1166/1079/1163 84/82/82 1165/1078/1162
f 1167/1080/1164 88/86/86 87/85/85
f 1167/1080/1164 87/85/85 1166/1079/1163
f 1168/1081/1165 89/87/87 88/86/86
f 1168/1081/1165 88/86/86 1167/1080/1164
f 1159/1084/1156 85/83/83 89/87/87
f 1159/1084/1156 89/87/87 1160/1085/1157
f 93/91/91 211/208/208 212/209/209
f 93/91/91 212/209/209 94/92/92
f 1169/15/1166 1170/14/1167 343/27/341
f 1169/15/1166 343/27/341 342/336/340
f 18/16/16 24/22/22 344/337/342
f 18/16/16 344/337/342 320/314/318
f 369/307/367 329/323/327 318/312/316
f 369/307/367 318/312/316 317/11/315
f 587/573/585 43/41/41 45/43/43
f 587/573/585 45/43/43 1171/1087/1168
f 642/613/640 645/615/643 647/616/645
f 642/613/640 647/616/645 649/617/647
f 649/617/647 636/611/634 634/610/632
f 649/617/647 634/610/632 633/609/631
f 57/55/55 56/54/54 701/669/699
f 57/55/55 701/669/699 492/478/490
f 484/470/482 754/722/752 457/443/455
f 484/470/482 457/443/455 455/441/453
f 499/485/497 489/475/487 491/477/489
f 499/485/497 491/477/489 721/689/719
f 910/878/908 931/899/929 132/130/130
f 910/878/908 132/130/130 131/129/129
f 921/889/919 133/131/131 132/130/130
f 921/889/919 132/130/130 932/900/930
f 938/906/936 1071/1039/1069 989/957/987
f 938/906/936 989/957/987 941/909/939
f 1172/1088/1169 76/74/74 75/73/73
f 1172/1088/1169 75/73/73 1023/991/1021
f 1173/1089/1170 1048/1016/1046 80/78/78
f 1173/1089/1170 80/78/78 79/77/77
f 1068/1036/1066 1069/1037/1067 83/81/81
f 1068/1036/1066 83/81/81 82/80/80
f 1092/1050/1090 1091/1049/1089 1101/1055/1099
f 1092/1050/1090 1101/1055/1099 1099/1053/1097
f 1130/1070/1128 1132/1071/1130 1134/1072/1132
f 1130/1070/1128 1134/1072/1132 1138/1074/1136
f 1159/1084/1156 1163/1086/1160 86/84/84
f 1159/1084/1156 86/84/84 85/83/83
f 84/82/82 87/85/85 89/87/87
f 84/82/82 89/87/87 85/83/83
f 57/55/55 496/482/494 498/484/496
f 57/55/55 498/484/496 55/53/53
f 936/904/934 968/936/966 1174/1090/1171
f 936/904/934 1174/1090/1171 970/938/968
f 968/936/966 969/937/967 974/942/972
f 968/936/966 974/942/972 1174/1090/1171
f 1083/631/1081 1175/630/1172 1176/1056/1173
f 1083/631/1081 1176/1056/1173 1084/1045/1082
f 1177/627/1174 1080/626/1078 1081/1044/1079
f 1177/627/1174 1081/1044/1079 1178/1054/1175
f 254/251/251 253/250/250 275/272/272
f 254/251/251 275/272/272 279/276/276
f 252/249/249 273/270/270 275/272/272
f 252/249/249 275/272/272 253/250/250
f 251/248/248 271/268/268 273/270/270
f 251/248/248 273/270/270 252/249/249
f 250/247/247 259/256/256 271/268/268
f 250/247/247 271/268/268 251/248/248
f 249/246/246 255/252/252 259/256/256
f 249/246/246 259/256/256 250/247/247
f 248/245/245 256/253/253 255/252/252
f 248/245/245 255/252/252 249/246/246
f 247/244/244 261/258/258 256/253/253
f 247/244/244 256/253/253 248/245/245
f 246/243/243 307/304/304 261/258/258
f 246/243/243 261/258/258 247/244/244
f 243/240/240 303/300/300 307/304/304
f 243/240/240 307/304/304 246/243/243
f 241/238/238 299/296/296 303/300/300
f 241/238/238 303/300/300 243/240/240
f 299/296/296 241/238/238 242/239/239
f 299/296/296 242/239/239 296/293/293
f 244/241/241 286/283/283 90/88/88
f 244/241/241 90/88/88 92/90/90
f 245/242/242 284/281/281 286/283/283
f 245/242/242 286/283/283 244/241/241
f 254/251/251 279/276/276 284/281/281
f 254/251/251 284/281/281 245/242/242
f 493/479/491 490/476/488 30/28/28
f 493/479/491 30/28/28 33/31/31
f 488/474/486 31/29/29 30/28/28
f 488/474/486 30/28/28 490/476/488
f 31/29/29 488/474/486 486/472/484
f 31/29/29 486/472/484 440/426/438
f 440/426/438 486/472/484 449/435/447
f 440/426/438 449/435/447 382/372/380
f 382/372/380 449/435/447 448/434/446
f 382/372/380 448/434/446 380/370/378
f 447/433/445 381/371/379 380/370/378
f 447/433/445 380/370/378 448/434/446
f 453/439/451 388/378/386 387/377/385
f 453/439/451 387/377/385 454/440/452
f 502/488/500 398/388/396 388/378/386
f 502/488/500 388/378/386 453/439/451
f 399/389/397 398/388/396 502/488/500
f 399/389/397 502/488/500 507/493/505
f 400/390/398 399/389/397 507/493/505
f 400/390/398 507/493/505 505/491/503
f 421/411/419 400/390/398 505/491/503
f 421/411/419 505/491/503 503/489/501
f 480/466/478 423/413/421 421/411/419
f 480/466/478 421/411/419 503/489/501
f 467/453/465 429/419/427 423/413/421
f 467/453/465 423/413/421 480/466/478
f 429/419/427 467/453/465 463/449/461
f 429/419/427 463/449/461 444/430/442
f 444/430/442 463/449/461 466/452/464
f 444/430/442 466/452/464 443/429/441
f 470/456/468 442/428/440 443/429/441
f 470/456/468 443/429/441 466/452/464
f 442/428/440 470/456/468 497/483/495
f 442/428/440 497/483/495 34/32/32
f 495/481/493 35/33/33 34/32/32
f 495/481/493 34/32/32 497/483/495
f 35/33/33 495/481/493 494/480/492
f 35/33/33 494/480/492 441/427/439
f 33/31/31 441/427/439 494/480/492
f 33/31/31 494/480/492 493/479/491
f 816/784/814 108/106/106 107/105/105
f 816/784/814 107/105/105 817/785/815
f 138/136/136 137/135/135 1019/987/1017
f 138/136/136 1019/987/1017 1024/992/1022
f 820/788/818 819/787/817 63/61/61
f 820/788/818 63/61/61 110/108/108
f 135/133/133 76/74/74 1172/1088/1169
f 135/133/133 1172/1088/1169 1022/990/1020
f 588/574/586 583/569/581 104/102/102
f 588/574/586 104/102/102 103/101/101
f 580/566/578 584/570/582 100/98/98
f 580/566/578 100/98/98 99/97/97
f 1171/1087/1168 45/43/43 106/104/104
f 1171/1087/1168 106/104/104 589/575/587
f 101/99/99 40/38/38 590/576/588
f 101/99/99 590/576/588 586/572/584
f 1046/1014/1044 140/138/138 139/137/137
f 1046/1014/1044 139/137/137 1047/1015/1045
f 114/112/112 113/111/111 842/810/840
f 114/112/112 842/810/840 845/813/843
f 1049/1017/1047 1173/1089/1170 79/77/77
f 1049/1017/1047 79/77/77 142/140/140
f 846/814/844 843/811/841 111/109/109
f 846/814/844 111/109/109 66/64/64
f 1070/1038/1068 1065/1033/1063 146/144/144
f 1070/1038/1068 146/144/144 145/143/143
f 116/114/114 115/113/113 867/835/865
f 116/114/114 867/835/865 870/838/868
f 872/840/870 868/836/866 118/116/116
f 872/840/870 118/116/116 117/115/115
f 1066/1034/1064 1067/1035/1065 144/142/142
f 1066/1034/1064 144/142/142 143/141/141
f 913/881/911 131/129/129 134/132/132
f 913/881/911 134/132/132 916/884/914
f 121/119/119 120/118/118 912/880/910
f 121/119/119 912/880/910 915/883/913
f 902/870/900 922/890/920 130/128/128
f 902/870/900 130/128/128 129/127/127
f 919/887/917 901/869/899 126/124/124
f 919/887/917 126/124/124 125/123/123
f 269/266/266 335/329/333 95/93/93
f 269/266/266 95/93/93 96/94/94
f 335/329/333 269/266/266 264/261/261
f 335/329/333 264/261/261 336/330/334
f 338/332/336 336/330/334 264/261/261
f 338/332/336 264/261/261 263/260/260
f 268/265/265 340/334/338 338/332/336
f 268/265/265 338/332/336 263/260/260
f 309/306/306 342/336/340 340/334/338
f 309/306/306 340/334/338 268/265/265
f 311/301/308 1169/15/1166 342/336/340
f 311/301/308 342/336/340 309/306/306
f 300/297/297 28/26/26 17/15/15
f 300/297/297 17/15/15 304/301/301
f 28/26/26 300/297/297 294/291/291
f 28/26/26 294/291/291 344/337/342
f 320/314/318 344/337/342 294/291/291
f 320/314/318 294/291/291 292/289/289
f 288/285/285 315/310/312 320/314/318
f 288/285/285 320/314/318 292/289/289
f 316/311/313 315/310/312 288/285/285
f 316/311/313 288/285/285 287/284/284
f 277/274/274 12/10/10 14/12/12
f 277/274/274 14/12/12 282/279/279
f 98/96/96 97/95/95 12/10/10
f 98/96/96 12/10/10 277/274/274
f 152/147/147 1179/1091/1176 1180/1092/1177
f 152/147/147 1180/1092/1177 153/148/148
f 162/159/159 1181/1093/1178 1179/1091/1176
f 162/159/159 1179/1091/1176 152/147/147
f 1181/1093/1178 162/159/159 167/165/165
f 1181/1093/1178 167/165/165 1182/1094/1179
f 168/167/167 1183/1095/1180 1182/1094/1179
f 168/167/167 1182/1094/1179 167/165/165
f 171/1096/1181 1184/1097/1182 1183/1095/1180
f 171/1096/1181 1183/1095/1180 168/167/167
f 174/1098/1183 1185/1099/1184 1184/1097/1182
f 174/1098/1183 1184/1097/1182 171/1096/1181
f 177/1100/1185 1186/1101/1186 1185/1099/1184
f 177/1100/1185 1185/1099/1184 174/1098/1183
f 182/182/182 1188/1102/1187 1187/1103/1188
f 185/181/181 1189/1104/1189 1188/1102/1187
f 185/181/181 1188/1102/1187 182/182/182
f 188/185/185 1190/1105/1190 1189/1104/1189
f 188/185/185 1189/1104/1189 185/181/181
f 191/190/190 1191/1106/1191 1190/1105/1190
f 191/190/190 1190/1105/1190 188/185/185
f 154/150/150 1192/1107/1192 1191/1106/1191
f 154/150/150 1191/1106/1191 191/190/190
f 1192/1107/1192 154/150/150 155/151/151
f 1192/1107/1192 155/151/151 1193/1108/1193
l 1186 1187
