# Blender 5.1.2
# www.blender.org
mtllib glove_left.mtl
o Object_8
v -0.012586 0.011929 -0.000562
v -0.023122 0.011741 -0.008159
v -0.031114 0.010912 -0.047283
v -0.035448 0.029027 -0.049684
v -0.024160 -0.001226 -0.058773
v -0.025691 -0.012404 -0.060427
v -0.026621 -0.000319 -0.060642
v 0.021321 -0.065995 0.001720
v 0.028093 -0.054026 -0.008389
v 0.013520 -0.052619 0.000922
v -0.006782 -0.060021 0.001010
v -0.015744 -0.059053 -0.006015
v -0.005462 -0.061395 0.003021
v -0.001219 -0.075270 -0.081070
v -0.001367 -0.067360 -0.079524
v 0.001584 -0.072229 -0.079145
v -0.020491 -0.068518 -0.028052
v -0.021312 -0.084684 -0.039016
v -0.021119 -0.083346 -0.015990
v 0.032117 -0.087687 -0.003362
v 0.029419 -0.093365 0.007675
v 0.035143 -0.097854 -0.003418
v -0.023095 -0.069587 -0.050440
v -0.025369 -0.083568 -0.055139
v -0.019182 -0.071429 -0.070296
v -0.015461 -0.063867 -0.070015
v -0.013566 -0.073252 -0.075492
v 0.009647 -0.077274 -0.078913
v 0.032227 -0.132839 -0.019802
v 0.037411 -0.116980 -0.021458
v 0.031983 -0.132623 -0.014805
v 0.033198 -0.133042 -0.024232
v 0.023282 -0.130713 -0.063960
v 0.030123 -0.116818 -0.062722
v 0.025385 -0.131475 -0.059367
v 0.015097 -0.149829 -0.064614
v 0.011549 -0.161012 -0.059356
v 0.007282 -0.156516 -0.070744
v -0.049286 -0.205612 -0.082910
v -0.048662 -0.206729 -0.079823
v -0.048825 -0.202376 -0.080810
v -0.040841 -0.212118 -0.083206
v -0.041325 -0.211223 -0.086546
v -0.037485 -0.211271 -0.085692
v 0.003654 -0.162633 -0.069969
v 0.006232 -0.166558 -0.061918
v -0.000677 -0.169683 -0.067222
v 0.009340 -0.170772 -0.043971
v 0.011020 -0.172566 -0.033871
v 0.004843 -0.174920 -0.039976
v 0.008449 -0.175255 -0.008433
v 0.012911 -0.172580 -0.015245
v 0.012553 -0.170524 -0.003272
v 0.013324 -0.164994 -0.045569
v 0.021177 -0.154707 -0.039355
v 0.015906 -0.166329 -0.032469
v 0.003761 -0.169683 0.017265
v -0.004002 -0.167361 0.019663
v 0.002530 -0.174162 0.018859
v -0.039809 -0.235781 -0.052797
v -0.040713 -0.235080 -0.057205
v -0.035597 -0.232482 -0.055353
v -0.032856 -0.240477 -0.014530
v -0.037904 -0.242880 -0.011739
v -0.038020 -0.243270 -0.016281
v -0.033864 -0.230410 0.023977
v -0.033645 -0.231457 0.020457
v -0.030000 -0.228535 0.021895
v -0.019315 -0.167970 -0.035050
v -0.018641 -0.156951 -0.019330
v -0.021088 -0.155874 -0.038310
v -0.023720 -0.154137 -0.057807
v -0.022859 -0.166241 -0.047849
v -0.049890 -0.230368 -0.050740
v -0.049167 -0.223274 -0.052326
v -0.050238 -0.229528 -0.055172
v -0.048299 -0.232380 -0.015322
v -0.048576 -0.238774 -0.016668
v -0.048599 -0.238176 -0.012407
v -0.044472 -0.220513 0.017826
v -0.044446 -0.226643 0.016977
v -0.044860 -0.225487 0.020901
v 0.010487 -0.167505 0.005806
v 0.010496 -0.168118 0.005416
v 0.010647 -0.167502 0.005254
v 0.010510 -0.167031 0.005448
v 0.010722 -0.166713 0.005107
v 0.010504 -0.167123 0.005212
v -0.026320 -0.052886 -0.056681
v -0.030185 -0.051296 -0.057485
v -0.026754 -0.050988 -0.057433
v -0.031726 -0.048393 -0.057975
v -0.027069 -0.049487 -0.057988
v 0.031130 -0.068925 -0.007621
v 0.030696 -0.058261 -0.008548
v 0.007994 -0.062588 0.005003
v 0.012735 -0.055148 0.002097
v -0.047599 -0.206381 -0.077355
v -0.046203 -0.205052 -0.075444
v -0.048692 -0.201714 -0.086167
v -0.049316 -0.203712 -0.085227
v -0.037498 -0.211482 -0.079953
v -0.039406 -0.212131 -0.081326
v -0.039682 -0.208329 -0.090252
v -0.040861 -0.209837 -0.089120
v -0.036002 -0.232517 -0.047651
v -0.038135 -0.234381 -0.049269
v -0.038439 -0.230517 -0.061585
v -0.039953 -0.232760 -0.060442
v -0.034093 -0.237847 -0.006854
v -0.036287 -0.240725 -0.008055
v -0.035936 -0.240071 -0.022596
v -0.037321 -0.242233 -0.019896
v -0.032686 -0.230641 0.016889
v -0.031647 -0.229337 0.013918
v -0.030961 -0.225516 0.027877
v -0.032789 -0.228055 0.026922
v -0.029967 -0.131179 0.060262
v -0.034788 -0.134436 0.061620
v -0.033087 -0.135220 0.059214
v -0.031182 -0.134772 0.056742
v -0.041213 -0.119377 0.062698
v -0.041340 -0.121681 0.064230
v -0.040682 -0.124197 0.065155
v -0.036239 -0.121085 0.063820
v -0.045774 -0.126149 0.056238
v -0.046570 -0.127587 0.060371
v -0.046820 -0.125413 0.059449
v -0.046505 -0.123463 0.057936
v -0.036270 -0.137284 0.052581
v -0.038436 -0.137943 0.055368
v -0.040758 -0.137272 0.057704
v -0.039878 -0.135260 0.052622
v -0.048513 -0.223291 -0.059056
v -0.049535 -0.226490 -0.058214
v -0.048309 -0.228487 -0.046737
v -0.046603 -0.225600 -0.045143
v -0.046594 -0.234037 -0.023364
v -0.047895 -0.237166 -0.020491
v -0.047067 -0.232535 -0.008528
v -0.048073 -0.235653 -0.009397
v -0.044414 -0.222546 0.024016
v -0.043226 -0.219260 0.024872
v -0.041799 -0.223196 0.011157
v -0.043215 -0.225651 0.013149
v 0.067452 0.026961 -0.039485
v -0.005178 0.025110 -0.100407
v 0.039871 0.010092 -0.001351
v 0.052692 0.008503 -0.017575
v 0.057187 0.007377 -0.040906
v 0.057319 0.004941 -0.067094
v 0.038524 0.005304 -0.083931
v 0.019102 0.004851 -0.095909
v -0.022484 0.008681 -0.076117
v -0.029345 0.004047 -0.046801
v -0.027467 0.002233 -0.025762
v -0.027947 0.001373 -0.046588
v -0.031470 -0.001235 -0.059755
v -0.025078 0.001083 -0.055014
v -0.021807 0.004944 -0.012735
v -0.023752 -0.001504 -0.013364
v -0.020716 0.002281 -0.015085
v -0.012744 -0.000244 -0.003213
v -0.008899 0.002421 -0.007326
v -0.010206 0.005100 -0.004925
v 0.013027 0.005427 -0.000101
v 0.012744 0.000244 0.003213
v 0.013129 0.002900 -0.002584
v 0.035827 0.003625 -0.005226
v 0.034847 -0.001836 -0.005876
v 0.033831 0.001114 -0.007431
v 0.046574 0.001980 -0.021544
v 0.042420 -0.000524 -0.023505
v 0.043350 -0.004771 -0.021991
v 0.052678 0.000165 -0.041836
v 0.049987 -0.005655 -0.041575
v 0.049526 -0.002577 -0.042261
v 0.048658 -0.001055 -0.066330
v 0.044639 -0.003302 -0.063188
v 0.046537 -0.007315 -0.062045
v 0.035898 -0.000872 -0.081887
v 0.035350 -0.007371 -0.078235
v 0.034455 -0.003192 -0.077978
v 0.017782 -0.000537 -0.089040
v 0.017713 -0.007098 -0.088316
v 0.017161 -0.002555 -0.085605
v -0.003325 -0.000018 -0.090284
v -0.003164 -0.005369 -0.088175
v -0.002555 -0.002115 -0.087250
v -0.019834 0.001930 -0.072705
v -0.018148 -0.000532 -0.070814
v -0.018797 -0.003312 -0.072572
v -0.025078 0.001083 -0.055014
v -0.024160 -0.001226 -0.058773
v -0.032027 -0.012098 -0.046130
v -0.024885 -0.010267 -0.011788
v -0.013892 -0.009759 -0.001574
v 0.012556 -0.010217 0.006290
v 0.035792 -0.012411 -0.002978
v 0.043808 -0.014561 -0.021226
v 0.049864 -0.015474 -0.040849
v 0.046263 -0.016246 -0.061330
v 0.035105 -0.016300 -0.078064
v 0.016641 -0.015657 -0.089043
v -0.004282 -0.014824 -0.088940
v -0.019569 -0.013378 -0.073346
v -0.025691 -0.012404 -0.060427
v -0.030035 -0.012341 -0.059849
v -0.024424 -0.030997 -0.059842
v -0.028399 -0.030425 -0.059859
v -0.021247 -0.031895 -0.073988
v -0.024424 -0.030997 -0.059842
v -0.030583 -0.029668 -0.043682
v -0.031029 -0.029127 -0.023286
v -0.005766 -0.033124 -0.087389
v 0.014322 -0.034069 -0.084700
v 0.032053 -0.034483 -0.074838
v 0.042671 -0.034117 -0.059371
v 0.046609 -0.033186 -0.039595
v 0.043514 -0.032183 -0.020267
v 0.034152 -0.030100 -0.002600
v 0.011838 -0.027714 0.006496
v -0.016209 -0.027693 0.001540
v -0.025933 -0.028025 -0.009950
v -0.032986 -0.049214 -0.041410
v -0.031738 -0.046674 -0.021153
v -0.027221 -0.046396 -0.007461
v -0.016868 -0.045986 0.004236
v 0.011347 -0.046911 0.008964
v 0.032884 -0.049313 -0.002748
v 0.041679 -0.051633 -0.020947
v 0.044498 -0.052763 -0.039512
v 0.040310 -0.053876 -0.057958
v 0.030395 -0.054268 -0.074267
v 0.012208 -0.053849 -0.083973
v -0.004922 -0.052754 -0.084957
v -0.022644 -0.050964 -0.074226
v -0.027069 -0.049487 -0.057988
v -0.022339 -0.052916 -0.074174
v -0.026754 -0.050988 -0.057433
v -0.005178 -0.054810 -0.085039
v -0.030408 -0.050749 -0.040606
v -0.029867 -0.048480 -0.020793
v 0.012272 -0.055693 -0.083826
v 0.029985 -0.055947 -0.073948
v 0.039490 -0.055228 -0.057636
v 0.043659 -0.054191 -0.039374
v 0.040103 -0.052665 -0.021187
v 0.031664 -0.050706 -0.003805
v 0.011621 -0.048734 0.007194
v -0.015578 -0.047937 0.003126
v -0.025858 -0.048306 -0.008128
v 0.042732 -0.056167 -0.039322
v 0.039060 -0.057196 -0.040437
v 0.035649 -0.057868 -0.055467
v 0.038505 -0.057053 -0.057298
v 0.038461 -0.053569 -0.021799
v 0.037413 -0.054739 -0.023331
v 0.029200 -0.058053 -0.072934
v 0.026472 -0.058851 -0.070077
v 0.035985 -0.061858 -0.056340
v 0.035649 -0.057868 -0.055467
v 0.039060 -0.057196 -0.040437
v 0.039718 -0.061280 -0.040859
v 0.026549 -0.062245 -0.070657
v 0.026472 -0.058851 -0.070077
v 0.038110 -0.059021 -0.023485
v 0.037413 -0.054739 -0.023331
v 0.029434 -0.052678 -0.004630
v 0.028093 -0.054026 -0.008389
v 0.012255 -0.051398 0.004947
v 0.013520 -0.052619 0.000922
v -0.013198 -0.049706 0.001243
v -0.008792 -0.051703 -0.002631
v -0.008792 -0.051703 -0.002631
v -0.007487 -0.053623 -0.001405
v -0.023475 -0.050178 -0.009215
v -0.018439 -0.052230 -0.011568
v -0.018439 -0.052230 -0.011568
v -0.017039 -0.053674 -0.009830
v -0.026824 -0.050222 -0.020559
v -0.021458 -0.051854 -0.021670
v -0.027287 -0.052567 -0.040196
v -0.023289 -0.054136 -0.039173
v -0.017039 -0.053674 -0.009830
v -0.018439 -0.052230 -0.011568
v -0.021458 -0.051854 -0.021670
v -0.020811 -0.053552 -0.020601
v -0.023289 -0.054136 -0.039173
v -0.022409 -0.055550 -0.037628
v -0.019718 -0.053765 -0.056070
v -0.019718 -0.053765 -0.056070
v -0.019613 -0.055229 -0.055173
v -0.026320 -0.052886 -0.056681
v -0.020825 -0.054733 -0.072522
v -0.015284 -0.055114 -0.068368
v -0.019718 -0.053765 -0.056070
v -0.014987 -0.056666 -0.068746
v -0.015284 -0.055114 -0.068368
v -0.004319 -0.056679 -0.083486
v -0.002498 -0.058078 -0.079170
v -0.002498 -0.058078 -0.079170
v -0.002025 -0.060223 -0.079418
v 0.011798 -0.057536 -0.082589
v 0.011104 -0.057987 -0.078490
v 0.011173 -0.060923 -0.078741
v 0.011104 -0.057987 -0.078490
v -0.002025 -0.060223 -0.079418
v -0.002498 -0.058078 -0.079170
v 0.007321 -0.067231 0.008956
v -0.015594 -0.063159 -0.000283
v -0.015744 -0.059053 -0.006015
v -0.020930 -0.059643 -0.018469
v -0.021582 -0.065871 -0.013091
v -0.015594 -0.063159 -0.000283
v -0.005714 -0.064366 0.006903
v -0.005462 -0.061395 0.003021
v -0.020961 -0.060895 -0.033710
v -0.021163 -0.072646 -0.006231
v -0.014481 -0.067593 0.003921
v -0.014481 -0.067593 0.003921
v -0.004765 -0.068343 0.010746
v -0.016826 -0.074982 0.010540
v -0.006708 -0.075183 0.016708
v -0.021650 -0.079782 0.002400
v -0.016826 -0.074982 0.010540
v 0.007807 -0.073853 0.015421
v 0.007159 -0.069941 0.012893
v 0.004438 -0.079499 0.021911
v -0.023008 -0.087744 -0.003545
v 0.020786 -0.076528 0.008448
v 0.037379 -0.094126 -0.020829
v 0.038259 -0.096514 -0.040722
v 0.039301 -0.072919 -0.041241
v 0.037430 -0.071288 -0.023493
v 0.032847 -0.093278 -0.059563
v 0.034694 -0.072994 -0.057486
v 0.022956 -0.085611 -0.074074
v 0.025156 -0.071737 -0.070683
v 0.009647 -0.077274 -0.078913
v 0.010371 -0.069758 -0.078188
v -0.020605 -0.062022 -0.052714
v -0.022675 -0.086442 0.011169
v -0.017625 -0.081575 0.018255
v -0.017625 -0.081575 0.018255
v -0.009854 -0.081570 0.024598
v -0.023551 -0.090171 0.026062
v -0.014552 -0.088687 0.032088
v -0.000193 -0.085842 0.028653
v -0.005654 -0.091400 0.036087
v -0.026380 -0.094915 0.033604
v -0.019450 -0.094781 0.038157
v -0.012398 -0.097821 0.041272
v -0.027936 -0.094729 0.019872
v -0.023551 -0.090171 0.026062
v -0.029377 -0.098744 0.028991
v -0.026380 -0.094915 0.033604
v -0.023584 -0.093456 0.007113
v -0.026534 -0.099166 0.017269
v -0.030239 -0.103991 0.024904
v 0.020544 -0.080181 0.012988
v 0.017296 -0.084483 0.017621
v 0.013084 -0.089363 0.023557
v 0.015301 -0.101376 0.022004
v 0.020925 -0.099288 0.018070
v 0.020786 -0.076528 0.008448
v 0.007321 -0.067231 0.008956
v 0.032117 -0.087687 -0.003362
v 0.011744 -0.111955 0.021372
v 0.017355 -0.112396 0.017683
v 0.028093 -0.114509 0.009670
v 0.008027 -0.094025 0.029423
v 0.008887 -0.103660 0.027017
v 0.006755 -0.112100 0.023945
v 0.003611 -0.119831 0.016733
v 0.006280 -0.123534 0.016487
v -0.000179 -0.116688 0.018423
v 0.004886 -0.129259 0.016047
v 0.014010 -0.128565 0.015315
v 0.023620 -0.130231 0.009939
v 0.006280 -0.123534 0.016487
v 0.003611 -0.119831 0.016733
v -0.007827 -0.120241 0.011107
v -0.006102 -0.124953 0.009290
v -0.006212 -0.128205 0.009455
v 0.004886 -0.129259 0.016047
v -0.000179 -0.116688 0.018423
v -0.008933 -0.115672 0.013264
v -0.020882 -0.103805 -0.017584
v -0.021344 -0.101627 -0.005066
v -0.021684 -0.102501 0.005231
v -0.020505 -0.103792 -0.037007
v -0.017511 -0.115412 0.002002
v -0.014801 -0.119003 -0.002471
v -0.017512 -0.111747 0.007453
v -0.012791 -0.124810 -0.002454
v -0.017707 -0.118446 -0.017512
v -0.019093 -0.117358 -0.037003
v 0.001160 -0.098879 0.036254
v -0.007304 -0.104012 0.041020
v 0.002652 -0.106664 0.032613
v 0.000719 -0.112762 0.027492
v -0.004825 -0.115809 0.022109
v -0.004825 -0.115809 0.022109
v -0.011610 -0.115056 0.017431
v 0.034610 -0.116045 -0.003443
v -0.004761 -0.110808 0.038017
v -0.006480 -0.115609 0.032896
v -0.010685 -0.117147 0.028263
v -0.017975 -0.111657 0.015283
v -0.023617 -0.105407 0.015022
v -0.016038 -0.117126 0.024276
v -0.021359 -0.114655 0.022696
v -0.026773 -0.109485 0.022622
v -0.010685 -0.117147 0.028263
v -0.022468 -0.085177 -0.070588
v -0.014953 -0.087137 -0.078044
v -0.025844 -0.102810 -0.055477
v -0.023892 -0.116226 -0.056416
v -0.024551 -0.102745 -0.070980
v -0.023241 -0.115629 -0.071573
v -0.016692 -0.104261 -0.080135
v -0.003785 -0.089617 -0.083847
v -0.006581 -0.107082 -0.085148
v 0.009285 -0.093413 -0.083318
v 0.005171 -0.110384 -0.085192
v -0.016586 -0.117619 -0.081660
v 0.022956 -0.085611 -0.074074
v 0.021932 -0.098118 -0.076710
v 0.032847 -0.093278 -0.059563
v 0.033235 -0.102527 -0.061404
v 0.038686 -0.105428 -0.042116
v 0.038259 -0.096514 -0.040722
v 0.037379 -0.094126 -0.020829
v 0.040486 -0.103750 -0.022629
v 0.018784 -0.113988 -0.078068
v 0.035154 -0.116421 -0.040906
v 0.030527 -0.131704 -0.001605
v 0.030267 -0.132516 -0.041074
v 0.014987 -0.127786 -0.078380
v 0.002176 -0.123684 -0.086031
v -0.009052 -0.120163 -0.086146
v 0.009956 -0.146579 0.014710
v 0.011547 -0.139939 0.014555
v 0.003433 -0.137530 0.015828
v 0.002416 -0.143498 0.015961
v 0.019871 -0.142407 0.010110
v 0.017310 -0.149742 0.010177
v 0.002416 -0.143498 0.015961
v 0.003433 -0.137530 0.015828
v -0.006703 -0.134585 0.010190
v -0.007340 -0.139370 0.010942
v 0.007032 -0.155791 0.014933
v 0.000030 -0.152479 0.016386
v -0.001961 -0.159689 0.018603
v 0.005294 -0.162807 0.016048
v -0.009249 -0.149405 0.012475
v 0.000030 -0.152479 0.016386
v -0.011342 -0.157434 0.013488
v -0.001961 -0.159689 0.018603
v -0.010462 -0.130817 -0.086568
v -0.000503 -0.134273 -0.086351
v -0.002253 -0.141107 -0.086250
v -0.011204 -0.137438 -0.086755
v -0.015903 -0.128893 -0.083684
v -0.015815 -0.135975 -0.084728
v 0.009139 -0.146390 -0.077357
v 0.011804 -0.139308 -0.078098
v -0.006811 -0.151320 -0.086022
v -0.012889 -0.147633 -0.087708
v 0.001903 -0.150881 -0.081452
v -0.002520 -0.155642 -0.083576
v -0.009254 -0.159004 -0.086881
v -0.014884 -0.155697 -0.087332
v -0.005080 -0.161944 -0.084090
v -0.017612 -0.145716 -0.084376
v -0.021244 -0.153318 -0.083177
v -0.023516 -0.133857 -0.073420
v -0.022994 -0.126812 -0.072790
v -0.023841 -0.144362 -0.073346
v -0.024074 -0.153287 -0.073540
v 0.012821 -0.158631 0.010525
v 0.007221 -0.150549 -0.076477
v 0.026385 -0.144706 0.000247
v 0.022732 -0.152302 0.001581
v 0.027081 -0.145458 -0.009804
v 0.023359 -0.153298 -0.007030
v 0.024568 -0.154661 -0.016817
v 0.027871 -0.146339 -0.017863
v 0.024048 -0.155037 -0.026687
v 0.028591 -0.146353 -0.025952
v 0.025250 -0.146045 -0.040259
v 0.023057 -0.144328 -0.054544
v 0.019313 -0.153075 -0.052625
v 0.019287 -0.142012 -0.064289
v 0.015023 -0.159967 -0.052806
v 0.016727 -0.163590 -0.002801
v 0.018254 -0.158602 0.002437
v -0.013132 -0.131732 -0.001769
v -0.014582 -0.136603 -0.001042
v -0.024123 -0.133727 -0.056900
v -0.023603 -0.126994 -0.056764
v -0.020700 -0.134607 -0.037117
v -0.019647 -0.127901 -0.036919
v -0.019240 -0.135318 -0.017447
v -0.018032 -0.129068 -0.017512
v -0.010274 -0.165195 -0.087940
v -0.004971 -0.169792 -0.079875
v -0.009309 -0.176010 -0.080936
v -0.013226 -0.172381 -0.088764
v -0.004449 -0.171916 -0.070584
v -0.007989 -0.178033 -0.071867
v -0.001361 -0.167665 -0.072360
v -0.002934 -0.169939 -0.069478
v -0.003709 -0.163129 -0.082804
v -0.003884 -0.168251 -0.079588
v -0.000227 -0.166643 -0.073938
v -0.013035 -0.181696 -0.081861
v -0.016557 -0.178530 -0.089249
v -0.012550 -0.183578 -0.073257
v -0.019994 -0.168621 -0.088443
v -0.017134 -0.161786 -0.087875
v -0.023182 -0.174837 -0.089427
v -0.013684 -0.169710 -0.065613
v -0.016692 -0.174996 -0.067427
v -0.013007 -0.168215 -0.064992
v -0.020099 -0.180894 -0.068924
v -0.023042 -0.159336 -0.083465
v -0.025677 -0.166097 -0.084363
v -0.028615 -0.172387 -0.085017
v -0.026768 -0.167211 -0.075562
v -0.024193 -0.161189 -0.074364
v -0.030684 -0.173224 -0.076368
v -0.023758 -0.163034 -0.064885
v -0.024454 -0.169842 -0.066925
v -0.024307 -0.161032 -0.063593
v -0.027213 -0.176780 -0.068626
v -0.016692 -0.174996 -0.067427
v -0.013684 -0.169710 -0.065613
v -0.020099 -0.180894 -0.068924
v -0.013007 -0.168215 -0.064992
v -0.017436 -0.187951 -0.082700
v -0.020330 -0.184781 -0.090116
v -0.017126 -0.189875 -0.074021
v -0.026848 -0.180701 -0.089610
v -0.032018 -0.178257 -0.086073
v -0.033762 -0.179024 -0.077102
v -0.030127 -0.182522 -0.069688
v -0.023576 -0.186440 -0.070525
v -0.023576 -0.186440 -0.070525
v -0.027805 -0.193020 -0.071764
v -0.034294 -0.189026 -0.071182
v -0.027805 -0.193020 -0.071764
v -0.022600 -0.196441 -0.074946
v -0.037799 -0.185873 -0.078321
v -0.037931 -0.194662 -0.072432
v -0.032125 -0.199234 -0.072956
v -0.041505 -0.191271 -0.078990
v -0.032125 -0.199234 -0.072956
v -0.027511 -0.202324 -0.076132
v -0.021948 -0.195549 -0.083821
v -0.027433 -0.200974 -0.084480
v -0.025664 -0.191940 -0.090865
v -0.031426 -0.187705 -0.091034
v -0.036339 -0.184957 -0.087219
v -0.030361 -0.197737 -0.091450
v -0.035920 -0.193647 -0.091111
v -0.041077 -0.190234 -0.087393
v -0.032535 -0.207630 -0.077580
v -0.032430 -0.206373 -0.085109
v -0.035099 -0.203083 -0.091773
v -0.037365 -0.204544 -0.073516
v -0.042514 -0.200180 -0.073283
v -0.037365 -0.204544 -0.073516
v -0.045574 -0.196880 -0.079710
v -0.045491 -0.195774 -0.087473
v -0.040661 -0.199053 -0.091878
v -0.041608 -0.209039 -0.075976
v -0.044623 -0.204877 -0.090341
v -0.044623 -0.204877 -0.090341
v -0.041608 -0.209039 -0.075976
v -0.043910 -0.210198 -0.078267
v -0.045721 -0.210340 -0.081285
v -0.046062 -0.207406 -0.088639
v -0.045721 -0.210340 -0.081285
v -0.043910 -0.210198 -0.078267
v -0.046062 -0.207406 -0.088639
v -0.046469 -0.209488 -0.085089
v -0.003884 -0.168251 -0.079588
v -0.003709 -0.163129 -0.082804
v 0.001946 -0.161799 -0.081356
v 0.002538 -0.163515 -0.079767
v 0.003666 -0.163623 -0.076797
v -0.000227 -0.166643 -0.073938
v -0.000915 -0.157271 -0.082717
v -0.000915 -0.157271 -0.082717
v 0.001893 -0.158066 -0.081927
v 0.003421 -0.162058 -0.072316
v 0.004773 -0.161500 -0.074294
v 0.003421 -0.162058 -0.072316
v 0.002634 -0.153509 -0.080456
v 0.002634 -0.153509 -0.080456
v 0.003289 -0.154409 -0.080033
v 0.006316 -0.157125 -0.072825
v 0.006316 -0.157125 -0.072825
v 0.005852 -0.157462 -0.073566
v 0.006235 -0.153009 -0.076385
v 0.006235 -0.153009 -0.076385
v 0.005608 -0.153537 -0.076486
v 0.006235 -0.153009 -0.076385
v 0.005608 -0.153537 -0.076486
v 0.003666 -0.163623 -0.076797
v 0.003236 -0.162136 -0.077216
v 0.004325 -0.160416 -0.075445
v 0.004773 -0.161500 -0.074294
v 0.002538 -0.163515 -0.079767
v 0.002513 -0.162004 -0.078872
v 0.005852 -0.157462 -0.073566
v 0.005005 -0.157809 -0.074909
v 0.001946 -0.161799 -0.081356
v 0.002105 -0.160956 -0.080060
v 0.001893 -0.158066 -0.081927
v 0.002152 -0.158278 -0.080477
v 0.003289 -0.154409 -0.080033
v 0.003277 -0.155612 -0.079006
v 0.005608 -0.153537 -0.076486
v 0.004746 -0.154992 -0.076537
v 0.005608 -0.153537 -0.076486
v 0.004746 -0.154992 -0.076537
v 0.005005 -0.157809 -0.074909
v 0.004325 -0.160416 -0.075445
v -0.000226 -0.159918 -0.076417
v -0.000126 -0.159572 -0.076375
v 0.003236 -0.162136 -0.077216
v -0.000433 -0.160200 -0.076711
v 0.004746 -0.154992 -0.076537
v -0.000145 -0.159159 -0.076639
v 0.004746 -0.154992 -0.076537
v -0.000145 -0.159159 -0.076639
v -0.000427 -0.159184 -0.077087
v 0.003277 -0.155612 -0.079006
v -0.000593 -0.159654 -0.077326
v 0.002152 -0.158278 -0.080477
v -0.000614 -0.160003 -0.077207
v 0.002105 -0.160956 -0.080060
v -0.000499 -0.160328 -0.077123
v 0.002513 -0.162004 -0.078872
v -0.012720 -0.167785 -0.064705
v -0.024375 -0.144500 -0.057671
v -0.022269 -0.145020 -0.037377
v 0.013236 -0.162553 -0.053042
v 0.011221 -0.163462 -0.057089
v 0.012358 -0.165625 -0.048823
v 0.013236 -0.162553 -0.053042
v 0.012708 -0.163006 -0.053091
v 0.011080 -0.164152 -0.056453
v 0.011221 -0.163462 -0.057089
v 0.012358 -0.165625 -0.048823
v 0.012150 -0.165842 -0.049754
v 0.012708 -0.163006 -0.053091
v 0.013236 -0.162553 -0.053042
v 0.007753 -0.167869 -0.059126
v 0.007753 -0.167869 -0.059126
v 0.009720 -0.168044 -0.057688
v 0.004831 -0.173573 -0.058075
v 0.002645 -0.173675 -0.060490
v 0.004831 -0.173573 -0.058075
v 0.009344 -0.170898 -0.057003
v -0.000504 -0.174054 -0.064777
v 0.001530 -0.180480 -0.054534
v 0.003594 -0.177684 -0.053633
v -0.002085 -0.178208 -0.064020
v 0.003594 -0.177684 -0.053633
v 0.009648 -0.173069 -0.054205
v 0.005887 -0.175264 -0.048691
v 0.004810 -0.176430 -0.046317
v 0.010420 -0.172085 -0.050849
v 0.005887 -0.175264 -0.048691
v 0.004397 -0.177362 -0.043553
v 0.002292 -0.181246 -0.045910
v -0.001120 -0.186553 -0.046560
v -0.001963 -0.185702 -0.054979
v -0.005458 -0.183893 -0.063611
v 0.009422 -0.170295 -0.047253
v 0.011182 -0.169416 -0.049232
v 0.009422 -0.170295 -0.047253
v 0.015285 -0.168804 -0.029077
v 0.012412 -0.173283 -0.030429
v 0.008576 -0.179522 -0.028642
v 0.006651 -0.179031 -0.031948
v 0.012412 -0.173283 -0.030429
v 0.015285 -0.168804 -0.029077
v 0.014946 -0.169188 -0.028401
v 0.013866 -0.172933 -0.029078
v 0.008576 -0.179522 -0.028642
v 0.013542 -0.176257 -0.027500
v 0.003977 -0.178417 -0.036050
v 0.019086 -0.163706 -0.025524
v 0.016982 -0.167213 -0.025273
v 0.016982 -0.167213 -0.025273
v 0.016392 -0.167571 -0.025332
v 0.007029 -0.182185 -0.023631
v 0.005546 -0.184164 -0.023318
v 0.007029 -0.182185 -0.023631
v 0.013936 -0.177454 -0.024443
v 0.001805 -0.183035 -0.034397
v 0.008741 -0.178817 -0.015891
v 0.009847 -0.178977 -0.018764
v 0.007522 -0.178410 -0.011481
v 0.005154 -0.182859 -0.012846
v 0.001256 -0.190848 -0.022080
v -0.002365 -0.189847 -0.032139
v 0.000735 -0.189314 -0.012970
v 0.014533 -0.175912 -0.021567
v 0.009847 -0.178977 -0.018764
v 0.013854 -0.173193 -0.018763
v 0.015376 -0.172303 -0.020328
v 0.013854 -0.173193 -0.018763
v 0.017707 -0.165858 -0.016278
v 0.016554 -0.168429 -0.021537
v 0.016477 -0.168647 -0.021976
v 0.016554 -0.168429 -0.021537
v 0.016392 -0.167571 -0.025332
v 0.016982 -0.167213 -0.025273
v 0.015821 -0.164729 0.000071
v 0.013477 -0.170054 0.000002
v 0.008964 -0.175546 -0.000699
v 0.010590 -0.174511 0.002036
v 0.013477 -0.170054 0.000002
v 0.015821 -0.164729 0.000071
v 0.015547 -0.164870 0.000742
v 0.014873 -0.169003 0.001670
v 0.010590 -0.174511 0.002036
v 0.014357 -0.171195 0.003878
v 0.016569 -0.161059 0.003261
v 0.016569 -0.161059 0.003261
v 0.016058 -0.161483 0.003462
v 0.006693 -0.178537 0.008042
v 0.008488 -0.176243 0.007621
v 0.008488 -0.176243 0.007621
v 0.013971 -0.171379 0.007126
v 0.006868 -0.177031 -0.005073
v 0.004226 -0.180145 -0.003067
v 0.006729 -0.170951 0.014055
v 0.008987 -0.171626 0.011908
v 0.001620 -0.186012 0.010255
v -0.000949 -0.186787 -0.000072
v -0.001268 -0.181470 0.020371
v 0.013828 -0.169113 0.009210
v 0.008987 -0.171626 0.011908
v 0.011456 -0.165452 0.011675
v 0.008796 -0.164645 0.013614
v 0.013666 -0.165979 0.009837
v 0.011456 -0.165452 0.011675
v 0.014422 -0.161141 0.008223
v 0.014590 -0.162099 0.007750
v 0.014422 -0.161141 0.008223
v 0.016569 -0.161059 0.003261
v 0.016058 -0.161483 0.003462
v -0.007933 -0.195605 -0.046636
v -0.008241 -0.195175 -0.055121
v -0.011222 -0.193384 -0.063582
v -0.008487 -0.178426 -0.040096
v -0.010544 -0.182707 -0.040716
v -0.015367 -0.191437 -0.041615
v -0.008074 -0.174682 -0.038999
v -0.012742 -0.173813 -0.064141
v -0.014719 -0.179129 -0.064414
v -0.012141 -0.169658 -0.064414
v -0.018788 -0.188164 -0.064352
v -0.007724 -0.173386 -0.038020
v -0.008335 -0.175275 -0.036745
v -0.009365 -0.179799 -0.035547
v -0.006777 -0.174929 -0.008297
v -0.005821 -0.173195 -0.007429
v -0.006826 -0.173578 -0.006907
v -0.007880 -0.178538 -0.009186
v -0.007770 -0.175450 -0.005829
v -0.003820 -0.198833 -0.020907
v -0.007311 -0.197965 -0.030530
v -0.004578 -0.196839 -0.012026
v -0.011539 -0.186650 -0.034150
v -0.015897 -0.194878 -0.032125
v -0.010052 -0.185075 -0.009792
v -0.013882 -0.192387 -0.008648
v -0.011247 -0.181636 -0.002955
v -0.003713 -0.192938 0.012172
v -0.005575 -0.193708 0.001959
v -0.014982 -0.188359 -0.000735
v -0.006365 -0.189338 0.021953
v -0.008205 -0.176025 0.021352
v -0.012664 -0.184024 0.022782
v -0.013086 -0.203788 -0.055495
v -0.016085 -0.201826 -0.063660
v -0.013175 -0.204097 -0.046690
v -0.023755 -0.196604 -0.063762
v -0.020490 -0.200037 -0.042228
v -0.018202 -0.211869 -0.046852
v -0.018552 -0.211061 -0.055269
v -0.025190 -0.207894 -0.042491
v -0.021347 -0.209155 -0.063650
v -0.028289 -0.203978 -0.063911
v -0.023796 -0.218871 -0.046943
v -0.024323 -0.218253 -0.055107
v -0.027519 -0.216295 -0.062844
v -0.030459 -0.215391 -0.043356
v -0.033731 -0.211934 -0.063643
v -0.029453 -0.225860 -0.047156
v -0.030036 -0.225270 -0.055167
v -0.036257 -0.222400 -0.043239
v -0.032785 -0.223327 -0.062714
v -0.038769 -0.219476 -0.063529
v -0.043945 -0.226767 -0.062882
v -0.041578 -0.228949 -0.044409
v -0.043823 -0.232190 -0.046668
v -0.046047 -0.234444 -0.051533
v -0.046595 -0.233481 -0.056813
v -0.045581 -0.230217 -0.060989
v -0.008721 -0.208288 -0.019681
v -0.010454 -0.205672 -0.010357
v -0.012861 -0.206972 -0.029127
v -0.019292 -0.200806 -0.007945
v -0.016501 -0.214114 -0.009131
v -0.015265 -0.216704 -0.018233
v -0.024482 -0.209442 -0.006471
v -0.018594 -0.216132 -0.027825
v -0.020910 -0.203285 -0.031160
v -0.025769 -0.211701 -0.030520
v -0.021435 -0.225310 -0.016745
v -0.023146 -0.222552 -0.007353
v -0.025144 -0.224379 -0.027068
v -0.030238 -0.218355 -0.005546
v -0.031621 -0.221289 -0.028586
v -0.029253 -0.230628 -0.006317
v -0.027375 -0.233798 -0.015625
v -0.030945 -0.232702 -0.025465
v -0.035611 -0.227019 -0.004104
v -0.036483 -0.229507 -0.027119
v -0.040840 -0.235275 -0.005329
v -0.041169 -0.237395 -0.024521
v -0.043080 -0.239186 -0.007052
v -0.044793 -0.242517 -0.016678
v -0.043485 -0.240788 -0.021161
v -0.044636 -0.242114 -0.011577
v -0.007907 -0.200654 0.014229
v -0.010679 -0.201542 0.004079
v -0.010717 -0.196867 0.023702
v -0.019099 -0.196350 0.000855
v -0.015872 -0.209035 0.005727
v -0.012767 -0.208289 0.016098
v -0.023301 -0.204119 0.002553
v -0.015116 -0.204536 0.025389
v -0.017760 -0.191875 0.023801
v -0.022541 -0.199475 0.026262
v -0.018095 -0.215676 0.018071
v -0.021132 -0.216152 0.008112
v -0.021211 -0.211235 0.026695
v -0.028105 -0.212606 0.005342
v -0.027718 -0.207224 0.027318
v -0.025938 -0.219075 0.027976
v -0.023947 -0.222261 0.019912
v -0.033065 -0.214699 0.028555
v -0.026480 -0.223254 0.010434
v -0.032625 -0.220088 0.007792
v -0.037051 -0.227453 0.011373
v -0.037689 -0.221969 0.028814
v -0.040518 -0.231178 0.019132
v -0.038956 -0.230224 0.014140
v -0.040959 -0.229728 0.023868
v -0.039810 -0.225987 0.027714
v -0.013993 -0.109456 0.046763
v -0.011180 -0.116123 0.043904
v -0.019466 -0.103715 0.047408
v -0.012691 -0.119699 0.038960
v -0.020575 -0.114880 0.052031
v -0.017989 -0.121093 0.049065
v -0.019143 -0.125273 0.044832
v -0.025819 -0.109147 0.052522
v -0.026088 -0.101487 0.044464
v -0.031509 -0.106910 0.049880
v -0.031299 -0.115476 0.059040
v -0.027183 -0.120592 0.057849
v -0.037625 -0.113035 0.056750
v -0.024857 -0.126328 0.054882
v -0.024517 -0.130212 0.050818
v -0.032432 -0.125789 0.063079
v -0.037918 -0.129797 0.065119
v -0.031720 -0.101517 0.040510
v -0.035409 -0.104417 0.035563
v -0.031720 -0.101517 0.040510
v -0.036827 -0.106600 0.046909
v -0.038832 -0.110326 0.043304
v -0.036827 -0.106600 0.046909
v -0.041124 -0.113708 0.054285
v -0.043234 -0.116492 0.050809
v -0.041124 -0.113708 0.054285
v -0.044739 -0.120385 0.060694
v -0.044739 -0.120385 0.060694
v -0.045043 -0.122811 0.062445
v -0.045043 -0.122811 0.062445
v -0.016738 -0.121303 0.033835
v -0.016738 -0.121303 0.033835
v -0.020919 -0.121458 0.031087
v -0.022001 -0.126415 0.040652
v -0.022001 -0.126415 0.040652
v -0.025735 -0.126593 0.037556
v -0.027126 -0.131819 0.046392
v -0.031050 -0.132554 0.043802
v -0.027126 -0.131819 0.046392
v -0.033435 -0.136596 0.054300
v -0.033435 -0.136596 0.054300
v -0.038308 -0.136702 0.060138
v -0.035895 -0.137380 0.057345
v -0.035895 -0.137380 0.057345
v -0.038308 -0.136702 0.060138
v -0.041974 -0.132052 0.063728
v -0.044594 -0.125500 0.063559
v -0.041974 -0.132052 0.063728
v -0.044501 -0.132900 0.060222
v -0.044594 -0.125500 0.063559
v -0.035027 -0.109450 0.031888
v -0.031516 -0.115151 0.028680
v -0.026119 -0.119488 0.028951
v -0.038464 -0.114628 0.039620
v -0.036151 -0.120237 0.036073
v -0.030519 -0.124515 0.035975
v -0.040872 -0.125907 0.044733
v -0.043055 -0.120958 0.047676
v -0.035987 -0.130310 0.043370
v -0.044075 -0.130750 0.054501
v -0.019273 -0.146302 -0.017758
v -0.016324 -0.147437 0.000048
v -0.016836 -0.157079 0.001321
v -0.024247 -0.159753 -0.061014
v -0.016058 -0.165972 -0.007515
v -0.016239 -0.165813 -0.005721
v -0.018992 -0.169429 -0.032766
v -0.017958 -0.168835 -0.020792
v -0.016104 -0.169156 -0.010389
v -0.008205 -0.176025 0.021352
v -0.004002 -0.167361 0.019663
v -0.011785 -0.165064 0.015616
v -0.015561 -0.171971 0.017547
v -0.019985 -0.180602 0.019419
v -0.012664 -0.184024 0.022782
v -0.017256 -0.165050 0.006022
v -0.019376 -0.172921 0.008011
v -0.022487 -0.181566 0.010127
v -0.016543 -0.167225 -0.003489
v -0.019387 -0.174777 -0.001164
v -0.022218 -0.183446 0.000973
v -0.007770 -0.175450 -0.005829
v -0.011247 -0.181636 -0.002955
v -0.014982 -0.188359 -0.000735
v -0.006826 -0.173578 -0.006907
v -0.018369 -0.176072 -0.031726
v -0.018554 -0.175246 -0.021098
v -0.007724 -0.173386 -0.038020
v -0.008335 -0.175275 -0.036745
v -0.009365 -0.179799 -0.035547
v -0.019168 -0.169308 -0.038458
v -0.008074 -0.174682 -0.038999
v -0.022664 -0.170547 -0.048668
v -0.019668 -0.173112 -0.039712
v -0.008487 -0.178426 -0.040096
v -0.023488 -0.163941 -0.058271
v -0.022801 -0.169114 -0.058304
v -0.012720 -0.167785 -0.064705
v -0.023069 -0.174740 -0.058810
v -0.023525 -0.174999 -0.049389
v -0.012742 -0.173813 -0.064141
v -0.014719 -0.179129 -0.064414
v -0.026287 -0.183986 -0.059038
v -0.026992 -0.184441 -0.049954
v -0.018788 -0.188164 -0.064352
v -0.020916 -0.177378 -0.040492
v -0.024673 -0.186419 -0.041576
v -0.010544 -0.182707 -0.040716
v -0.015367 -0.191437 -0.041615
v -0.019862 -0.183601 -0.030351
v -0.020409 -0.182220 -0.020940
v -0.011539 -0.186650 -0.034150
v -0.016809 -0.175510 -0.010723
v -0.018920 -0.181799 -0.010884
v -0.010052 -0.185075 -0.009792
v -0.007880 -0.178538 -0.009186
v -0.006777 -0.174929 -0.008297
v -0.029853 -0.192575 -0.059409
v -0.031077 -0.192588 -0.050618
v -0.023755 -0.196604 -0.063762
v -0.028089 -0.195111 -0.042289
v -0.020490 -0.200037 -0.042228
v -0.023091 -0.191260 -0.029463
v -0.023638 -0.189823 -0.020152
v -0.015897 -0.194878 -0.032125
v -0.022581 -0.189141 -0.010544
v -0.013882 -0.192387 -0.008648
v -0.025993 -0.191814 0.002737
v -0.027287 -0.189399 0.011547
v -0.019099 -0.196350 0.000855
v -0.024279 -0.188653 0.020906
v -0.017760 -0.191875 0.023801
v -0.035075 -0.200994 -0.051089
v -0.033724 -0.200740 -0.059988
v -0.028289 -0.203978 -0.063911
v -0.032392 -0.203518 -0.042952
v -0.025190 -0.207894 -0.042491
v -0.039144 -0.208609 -0.059693
v -0.039561 -0.209243 -0.051704
v -0.037249 -0.211355 -0.043578
v -0.033731 -0.211934 -0.063643
v -0.030459 -0.215391 -0.043356
v -0.044402 -0.216040 -0.059820
v -0.044516 -0.216420 -0.052073
v -0.042611 -0.218355 -0.043741
v -0.036257 -0.222400 -0.043239
v -0.041578 -0.228949 -0.044409
v -0.038769 -0.219476 -0.063529
v -0.043945 -0.226767 -0.062882
v -0.045581 -0.230217 -0.060989
v -0.046047 -0.234444 -0.051533
v -0.043823 -0.232190 -0.046668
v -0.026948 -0.199281 -0.028491
v -0.028150 -0.197649 -0.019491
v -0.026701 -0.197147 -0.010056
v -0.020910 -0.203285 -0.031160
v -0.031627 -0.208195 -0.027998
v -0.032933 -0.205637 -0.018690
v -0.025769 -0.211701 -0.030520
v -0.032234 -0.205353 -0.009446
v -0.019292 -0.200806 -0.007945
v -0.024482 -0.209442 -0.006471
v -0.037893 -0.215356 -0.008194
v -0.039448 -0.215020 -0.017472
v -0.037178 -0.217668 -0.026653
v -0.030238 -0.218355 -0.005546
v -0.031621 -0.221289 -0.028586
v -0.044123 -0.224161 -0.016218
v -0.042034 -0.225947 -0.025698
v -0.036483 -0.229507 -0.027119
v -0.042629 -0.223779 -0.007018
v -0.035611 -0.227019 -0.004104
v -0.040840 -0.235275 -0.005329
v -0.041169 -0.237395 -0.024521
v -0.043485 -0.240788 -0.021161
v -0.044793 -0.242517 -0.016678
v -0.043080 -0.239186 -0.007052
v -0.029879 -0.199483 0.003753
v -0.031462 -0.196834 0.012856
v -0.028759 -0.196259 0.022499
v -0.023301 -0.204119 0.002553
v -0.022541 -0.199475 0.026262
v -0.035988 -0.205074 0.014465
v -0.034227 -0.204300 0.023550
v -0.033735 -0.208138 0.005994
v -0.027718 -0.207224 0.027318
v -0.028105 -0.212606 0.005342
v -0.038120 -0.216266 0.007830
v -0.040256 -0.213081 0.016291
v -0.032625 -0.220088 0.007792
v -0.039447 -0.211799 0.024537
v -0.033065 -0.214699 0.028555
v -0.037051 -0.227453 0.011373
v -0.037689 -0.221969 0.028814
v -0.039810 -0.225987 0.027714
v -0.040959 -0.229728 0.023868
v -0.040518 -0.231178 0.019132
v -0.038956 -0.230224 0.014140
v -0.005821 -0.173195 -0.007429
v 0.009648 -0.173069 -0.054205
v 0.009344 -0.170898 -0.057003
v 0.008869 -0.169808 -0.055429
v 0.009506 -0.171365 -0.053901
v 0.010101 -0.170787 -0.051743
v 0.010420 -0.172085 -0.050849
v 0.009720 -0.168044 -0.057688
v 0.009587 -0.167981 -0.056227
v 0.011080 -0.164152 -0.056453
v 0.010942 -0.164974 -0.055588
v 0.011182 -0.169416 -0.049232
v 0.010908 -0.168891 -0.050674
v 0.011726 -0.166048 -0.050918
v 0.012150 -0.165842 -0.049754
v 0.010908 -0.168891 -0.050674
v 0.010101 -0.170787 -0.051743
v 0.006566 -0.169098 -0.052440
v 0.006679 -0.168676 -0.052369
v 0.011726 -0.166048 -0.050918
v 0.006782 -0.168149 -0.052607
v 0.009506 -0.171365 -0.053901
v 0.006543 -0.169456 -0.052797
v 0.008869 -0.169808 -0.055429
v 0.006291 -0.169005 -0.053169
v 0.009587 -0.167981 -0.056227
v 0.006338 -0.168603 -0.053326
v 0.010942 -0.164974 -0.055588
v 0.006455 -0.168112 -0.053253
v 0.012021 -0.163780 -0.053195
v 0.006498 -0.168156 -0.053024
v 0.012021 -0.163780 -0.053195
v 0.013936 -0.177454 -0.024443
v 0.013542 -0.176257 -0.027500
v 0.013250 -0.174847 -0.026431
v 0.013530 -0.175705 -0.024602
v 0.013866 -0.172933 -0.029078
v 0.013854 -0.172117 -0.027830
v 0.014533 -0.175912 -0.021567
v 0.014145 -0.174857 -0.022627
v 0.015376 -0.172303 -0.020328
v 0.015044 -0.172541 -0.021699
v 0.016477 -0.168647 -0.021976
v 0.015985 -0.169328 -0.022699
v 0.015881 -0.168273 -0.025338
v 0.016392 -0.167571 -0.025332
v 0.016392 -0.167571 -0.025332
v 0.015881 -0.168273 -0.025338
v 0.014948 -0.169770 -0.027259
v 0.014946 -0.169188 -0.028401
v 0.013854 -0.172117 -0.027830
v 0.010327 -0.173259 -0.024742
v 0.010375 -0.173603 -0.024553
v 0.013250 -0.174847 -0.026431
v 0.014948 -0.169770 -0.027259
v 0.010501 -0.172786 -0.024809
v 0.013530 -0.175705 -0.024602
v 0.010324 -0.173553 -0.024222
v 0.014145 -0.174857 -0.022627
v 0.010505 -0.173626 -0.023862
v 0.015044 -0.172541 -0.021699
v 0.010562 -0.173106 -0.023789
v 0.015985 -0.169328 -0.022699
v 0.010655 -0.172720 -0.023913
v 0.015881 -0.168273 -0.025338
v 0.010584 -0.172563 -0.024407
v 0.015881 -0.168273 -0.025338
v 0.010554 -0.173211 -0.024267
v 0.013971 -0.171379 0.007126
v 0.014357 -0.171195 0.003878
v 0.013980 -0.169641 0.004435
v 0.013788 -0.169840 0.006341
v 0.014873 -0.169003 0.001670
v 0.014368 -0.168283 0.002883
v 0.013606 -0.168513 0.007767
v 0.013828 -0.169113 0.009210
v 0.013666 -0.165979 0.009837
v 0.013954 -0.166294 0.008214
v 0.014590 -0.162099 0.007750
v 0.014784 -0.163473 0.007005
v 0.016058 -0.161483 0.003462
v 0.015672 -0.162457 0.003839
v 0.016058 -0.161483 0.003462
v 0.015672 -0.162457 0.003839
v 0.015319 -0.165122 0.002056
v 0.015547 -0.164870 0.000742
v 0.015319 -0.165122 0.002056
v 0.010567 -0.167183 0.004720
v 0.010606 -0.167655 0.004480
v 0.014368 -0.168283 0.002883
v 0.015672 -0.162457 0.003839
v 0.010467 -0.167951 0.004816
v 0.013980 -0.169641 0.004435
v 0.013788 -0.169840 0.006341
v 0.013606 -0.168513 0.007767
v 0.013954 -0.166294 0.008214
v 0.014784 -0.163473 0.007005
v 0.015672 -0.162457 0.003839
v -0.001367 -0.067360 -0.079524
v 0.001584 -0.072229 -0.079145
v -0.046469 -0.209488 -0.085089
v -0.046595 -0.233481 -0.056813
v -0.044636 -0.242114 -0.011577
v -0.012141 -0.169658 -0.064414
v 0.012021 -0.163780 -0.053195
v 0.012708 -0.163006 -0.053091
v 0.012708 -0.163006 -0.053091
v 0.012021 -0.163780 -0.053195
v -0.027947 0.001373 -0.046588
v -0.020716 0.002281 -0.015085
v -0.008899 0.002421 -0.007326
v 0.013129 0.002900 -0.002584
v 0.033831 0.001114 -0.007431
v 0.042420 -0.000524 -0.023505
v 0.049526 -0.002577 -0.042261
v 0.044639 -0.003302 -0.063188
v 0.034455 -0.003192 -0.077978
v 0.017161 -0.002555 -0.085605
v -0.002555 -0.002115 -0.087250
v -0.018148 -0.000532 -0.070814
v -0.025078 0.001083 -0.055014
vn 0.3214 0.7080 -0.6288
vn -0.0868 -0.0200 -0.9960
vn -0.1499 0.6453 -0.7491
vn 0.6078 0.3273 0.7235
vn 0.6137 0.3359 0.7145
vn 0.2991 0.3384 0.8922
vn -0.3225 0.4140 0.8512
vn -0.8067 0.3218 0.4957
vn -0.0022 0.7403 0.6723
vn -0.1680 0.2472 -0.9543
vn -0.4607 0.2226 -0.8592
vn 0.3099 0.2847 -0.9071
vn -1.0000 0.0015 0.0070
vn -0.9940 -0.0188 0.1076
vn -0.9998 0.0008 -0.0190
vn 0.8989 0.3194 0.2998
vn 0.8144 0.1245 0.5667
vn 0.9495 0.0766 0.3042
vn -0.9782 0.2049 -0.0343
vn -0.9960 0.0875 0.0158
vn -0.8844 0.2762 -0.3762
vn -0.7877 0.2362 -0.5690
vn -0.4931 0.2406 -0.8361
vn 0.3083 0.2106 -0.9277
vn 0.9453 -0.3041 0.1178
vn 0.9744 -0.2215 0.0373
vn 0.9517 -0.2845 0.1154
vn 0.9523 -0.2875 -0.1021
vn 0.8145 -0.2662 -0.5155
vn 0.8754 -0.2374 -0.4211
vn 0.9048 -0.3157 -0.2858
vn 0.7894 -0.4231 -0.4447
vn 0.7738 -0.4661 -0.4290
vn 0.7608 -0.4635 -0.4542
vn -0.9276 -0.3551 -0.1161
vn -0.8564 -0.4389 0.2719
vn -0.8732 0.3808 0.3042
vn -0.1945 -0.9804 -0.0305
vn -0.2501 -0.8865 -0.3894
vn 0.5770 -0.7384 -0.3489
vn 0.7328 -0.5355 -0.4197
vn 0.7145 -0.4806 -0.5084
vn 0.4461 -0.6305 -0.6352
vn 0.7692 -0.6186 -0.1601
vn 0.7388 -0.6005 -0.3060
vn 0.4042 -0.8954 -0.1866
vn 0.5019 -0.8284 0.2487
vn 0.8129 -0.5536 0.1811
vn 0.8143 -0.5766 0.0663
vn 0.8190 -0.5405 -0.1926
vn 0.8623 -0.4673 -0.1951
vn 0.8233 -0.5247 -0.2166
vn 0.5665 -0.0475 0.8227
vn -0.0610 0.2159 0.9745
vn 0.6307 -0.1727 0.7565
vn 0.0784 -0.9901 0.1162
vn -0.0098 -0.9148 -0.4038
vn 0.7137 -0.6591 -0.2370
vn 0.7450 -0.6670 -0.0015
vn 0.1251 -0.9352 0.3312
vn 0.1220 -0.9835 -0.1333
vn 0.0765 -0.8604 0.5039
vn 0.1504 -0.9877 0.0436
vn 0.7237 -0.6741 0.1476
vn -0.9653 -0.2298 0.1237
vn -0.9896 -0.0734 0.1240
vn -0.9867 -0.0888 0.1363
vn -0.9966 -0.0390 0.0723
vn -0.9854 -0.0431 0.1644
vn -0.8681 -0.3901 0.3071
vn -0.8863 0.4277 0.1778
vn -0.9186 -0.3258 -0.2238
vn -0.9242 0.3759 -0.0679
vn -0.8905 -0.4192 -0.1771
vn -0.8693 -0.4000 0.2902
vn -0.9177 0.3519 -0.1845
vn -0.8618 -0.4584 -0.2171
vn -0.9124 -0.3235 0.2508
vn 0.6130 0.2336 -0.7547
vn 0.5467 0.8046 -0.2319
vn 0.9914 -0.1028 0.0814
vn 0.6556 -0.3691 -0.6588
vn 0.6781 -0.6950 0.2389
vn 0.6636 -0.6437 -0.3811
vn -0.3774 -0.9260 -0.0085
vn -0.6740 -0.7314 -0.1039
vn -0.0041 -0.2946 -0.9556
vn -0.9485 0.0142 -0.3164
vn -0.0271 -0.1652 -0.9859
vn 0.8622 0.1282 0.4901
vn 0.9226 0.3807 0.0628
vn 0.0971 0.4824 0.8706
vn 0.4631 0.0340 0.8857
vn -0.7324 -0.3666 0.5738
vn -0.5879 -0.0456 0.8076
vn -0.8523 0.3128 -0.4192
vn -0.9275 -0.1143 -0.3560
vn 0.4366 -0.8386 0.3258
vn -0.0061 -0.9753 0.2208
vn 0.2055 -0.4790 -0.8534
vn -0.1771 -0.7162 -0.6750
vn 0.5475 -0.6503 0.5266
vn 0.2482 -0.8709 0.4243
vn 0.3932 -0.4723 -0.7889
vn 0.1162 -0.7109 -0.6937
vn 0.5036 -0.4909 0.7109
vn 0.2515 -0.7355 0.6291
vn 0.4419 -0.6501 -0.6182
vn 0.2016 -0.8821 -0.4258
vn 0.2950 -0.9234 -0.2457
vn 0.4736 -0.7454 -0.4691
vn 0.4184 -0.3860 0.8222
vn 0.1675 -0.6204 0.7662
vn 0.7015 -0.2925 0.6499
vn 0.3418 -0.5103 0.7892
vn 0.5174 -0.7419 0.4264
vn 0.6719 -0.7061 0.2236
vn -0.2276 0.6856 0.6914
vn -0.2470 0.4331 0.8668
vn -0.0450 0.0810 0.9957
vn 0.2619 0.4014 0.8777
vn -0.9372 -0.1212 -0.3272
vn -0.9351 -0.2676 0.2324
vn -0.9872 0.0680 0.1445
vn -0.9579 0.2710 -0.0952
vn -0.0586 -0.8968 -0.4385
vn -0.2088 -0.9610 -0.1814
vn -0.6288 -0.7774 0.0176
vn -0.6105 -0.6142 -0.5002
vn -0.7962 0.3430 -0.4984
vn -0.8937 -0.0428 -0.4466
vn -0.7657 -0.1884 0.6149
vn -0.6415 0.1645 0.7493
vn -0.7616 0.1149 -0.6377
vn -0.8410 -0.2644 -0.4721
vn -0.7679 0.2479 0.5907
vn -0.8160 -0.1368 0.5616
vn -0.8689 -0.0375 0.4935
vn -0.7788 0.3589 0.5145
vn -0.6841 -0.0126 -0.7293
vn -0.7625 -0.3370 -0.5523
vn 0.9707 -0.2397 -0.0164
vn 0.8883 -0.4561 0.0539
vn 0.8479 -0.3949 -0.3538
vn -0.4344 0.8997 -0.0430
vn -0.8953 0.2570 -0.3637
vn -0.0603 0.9722 -0.2261
vn -0.7314 0.3749 0.5697
vn -0.3773 0.4579 0.8050
vn -0.1948 0.8793 0.4347
vn -0.4759 0.7718 0.4217
vn -0.6289 -0.5443 0.5552
vn -0.2607 -0.6117 0.7469
vn -0.3143 -0.3762 0.8716
vn -0.7639 -0.2074 0.6111
vn -0.0093 -0.6041 0.7968
vn 0.0542 0.4630 0.8847
vn 0.0444 0.8636 0.5022
vn 0.4288 -0.4425 0.7876
vn 0.3266 -0.6872 0.6489
vn 0.6307 0.3404 0.6974
vn 0.5248 0.6645 0.5320
vn 0.6081 -0.7255 0.3222
vn 0.7726 -0.4895 0.4043
vn 0.8818 0.3225 0.3441
vn 0.9200 0.1524 0.3610
vn 0.6752 -0.7317 0.0933
vn 0.9940 0.0800 0.0750
vn 0.9619 0.2718 0.0312
vn 0.6035 -0.7514 -0.2668
vn 0.8723 0.2362 -0.4281
vn 0.9312 0.0386 -0.3626
vn 0.4006 -0.7252 -0.5600
vn 0.5949 -0.4089 -0.6920
vn 0.6744 0.0700 -0.7351
vn 0.6056 0.3034 -0.7357
vn 0.1885 -0.4632 -0.8660
vn 0.1439 -0.7557 -0.6389
vn 0.2690 0.1450 -0.9522
vn 0.2521 0.3949 -0.8835
vn -0.3480 -0.7171 -0.6039
vn -0.3734 0.2046 -0.9048
vn -0.2692 0.4520 -0.8504
vn -0.7329 0.4104 -0.5426
vn -0.7828 0.2026 -0.5884
vn -0.8348 0.3838 -0.3947
vn -0.8862 0.2266 -0.4041
vn -0.8086 0.1343 0.5728
vn -0.4112 0.1680 0.8959
vn 0.0577 0.1340 0.9893
vn 0.6494 0.0691 0.7573
vn 0.9382 -0.0046 0.3462
vn 0.9946 -0.0945 0.0426
vn 0.9184 -0.1592 -0.3623
vn 0.6637 -0.1743 -0.7274
vn 0.2683 -0.1289 -0.9547
vn -0.3609 -0.0077 -0.9326
vn -0.8081 0.0670 -0.5852
vn -0.9314 0.0644 -0.3583
vn -0.9982 -0.0364 -0.0482
vn -0.9219 -0.0760 -0.3799
vn -0.0372 -0.0644 -0.9972
vn -0.9226 0.0128 -0.3855
vn -0.8040 0.0264 -0.5940
vn -0.9566 0.0559 -0.2860
vn -0.9986 0.0213 -0.0485
vn -0.9882 0.0154 0.1524
vn -0.3247 -0.0614 -0.9438
vn 0.2929 -0.1470 -0.9448
vn 0.6664 -0.1727 -0.7253
vn 0.9149 -0.1703 -0.3660
vn 0.9913 -0.1315 0.0036
vn 0.9406 -0.0784 0.3305
vn 0.6580 -0.0198 0.7528
vn 0.0852 0.0766 0.9934
vn -0.4090 0.1401 0.9017
vn -0.8414 0.1063 0.5299
vn -0.9907 -0.1330 -0.0297
vn -0.9882 -0.0449 0.1461
vn -0.8660 0.0027 0.5001
vn -0.4097 0.0513 0.9108
vn 0.0856 0.0255 0.9960
vn 0.6570 -0.0907 0.7484
vn 0.9261 -0.1954 0.3227
vn 0.9797 -0.1985 -0.0281
vn 0.9070 -0.1862 -0.3777
vn 0.6540 -0.1712 -0.7368
vn 0.2881 -0.0771 -0.9545
vn -0.2609 -0.0418 -0.9645
vn -0.7933 0.0036 -0.6088
vn -0.9731 -0.0162 -0.2300
vn -0.7186 -0.4011 -0.5681
vn -0.8699 -0.4583 -0.1823
vn -0.3095 -0.4064 -0.8597
vn -0.5151 -0.8554 0.0542
vn -0.6049 -0.7825 0.1478
vn 0.2693 -0.3576 -0.8942
vn 0.6183 -0.4263 -0.6602
vn 0.8143 -0.4930 -0.3065
vn 0.8001 -0.5996 0.0181
vn 0.6028 -0.7449 0.2859
vn 0.4017 -0.7522 0.5224
vn 0.0667 -0.6650 0.7439
vn -0.2637 -0.7200 0.6419
vn -0.5574 -0.7522 0.3516
vn 0.5202 -0.8530 0.0430
vn 0.2781 -0.9588 0.0572
vn 0.2512 -0.9670 -0.0433
vn 0.4952 -0.8542 -0.1588
vn 0.5056 -0.8069 0.3055
vn 0.5161 -0.8287 0.2165
vn 0.3829 -0.8445 -0.3744
vn 0.1269 -0.9845 -0.1208
vn 0.9205 0.0178 -0.3903
vn 0.9172 0.1494 -0.3694
vn 0.9871 0.1508 -0.0530
vn 0.9974 0.0242 -0.0672
vn 0.6808 0.0104 -0.7324
vn 0.6897 0.1422 -0.7100
vn 0.9666 0.0639 0.2483
vn 0.9378 0.2078 0.2782
vn 0.2616 -0.8719 0.4140
vn 0.2033 -0.9414 0.2691
vn 0.0754 -0.8237 0.5619
vn 0.0330 -0.9362 0.3499
vn -0.1915 -0.8650 0.4637
vn -0.1339 -0.9459 0.2956
vn -0.4734 0.2056 0.8565
vn -0.3005 0.3581 0.8840
vn -0.3428 -0.9055 0.2501
vn -0.2462 -0.9498 0.1932
vn -0.7792 0.0316 0.6260
vn -0.7501 0.0747 0.6571
vn -0.4131 -0.9032 0.1169
vn -0.3365 -0.9356 0.1066
vn -0.3345 -0.9401 0.0659
vn -0.2341 -0.9698 0.0691
vn -0.8776 0.0038 0.4794
vn -0.8132 -0.4314 0.3906
vn -0.9360 -0.3136 0.1597
vn -0.9688 -0.1592 0.1900
vn -0.8736 -0.4821 -0.0666
vn -0.9477 -0.3191 -0.0117
vn -0.1614 -0.9868 0.0122
vn -0.9303 -0.2777 -0.2397
vn -0.9647 -0.1624 -0.2074
vn -0.3090 -0.9493 0.0584
vn -0.3646 -0.9177 -0.1576
vn -0.1649 -0.9862 0.0135
vn -0.1739 -0.9840 0.0391
vn -0.8124 -0.0375 -0.5818
vn -0.8466 -0.0993 -0.5228
vn -0.1809 -0.9187 -0.3511
vn -0.1264 -0.9868 -0.1012
vn -0.6111 0.1107 -0.7838
vn -0.5806 0.0640 -0.8117
vn 0.1145 -0.8732 -0.4738
vn 0.0097 -0.9848 -0.1733
vn 0.3213 -0.0036 -0.9470
vn 0.3037 0.0991 -0.9476
vn 0.0790 -0.0161 -0.9967
vn 0.0764 0.0462 -0.9960
vn 0.2723 0.5600 0.7824
vn -0.7983 0.3722 0.4734
vn -0.7847 0.3961 0.4769
vn -0.9871 0.0799 0.1386
vn -0.9938 0.0675 0.0888
vn -0.6017 0.5220 0.6045
vn -0.6189 0.5497 0.5610
vn -0.2035 0.7095 0.6747
vn -0.2052 0.7931 0.5735
vn -0.9986 -0.0527 -0.0039
vn -0.9759 0.1832 0.1189
vn -0.7438 0.5003 0.4432
vn -0.6856 0.4783 0.5488
vn -0.1799 0.6847 0.7063
vn -0.6403 0.6009 0.4785
vn -0.1759 0.7357 0.6540
vn -0.9446 0.3029 0.1263
vn -0.6938 0.5798 0.4272
vn 0.2486 0.6218 0.7427
vn 0.2135 0.6712 0.7099
vn 0.2332 0.6422 0.7302
vn -0.9968 0.0303 -0.0744
vn 0.7048 0.3341 0.6258
vn 0.9850 0.0223 0.1712
vn 0.9928 -0.0529 -0.1077
vn 0.9965 -0.0074 -0.0829
vn 0.9716 0.0288 0.2350
vn 0.9135 -0.0448 -0.4044
vn 0.9174 -0.0233 -0.3973
vn 0.7140 0.0231 -0.6997
vn 0.6957 -0.0096 -0.7183
vn 0.3639 0.0788 -0.9281
vn 0.3264 -0.0006 -0.9452
vn -0.9779 0.1671 -0.1260
vn -0.9132 0.4004 0.0760
vn -0.6454 0.6820 0.3441
vn -0.6272 0.6748 0.3889
vn -0.1736 0.7823 0.5982
vn -0.6295 0.7199 0.2924
vn -0.2114 0.7797 0.5894
vn 0.2328 0.6437 0.7291
vn 0.2304 0.5847 0.7778
vn -0.5893 0.7545 0.2888
vn -0.1951 0.7657 0.6129
vn 0.1863 0.5301 0.8272
vn -0.9257 0.3475 -0.1494
vn -0.6016 0.7353 0.3122
vn -0.8605 0.5032 -0.0798
vn -0.5629 0.7724 0.2942
vn -0.9913 -0.0070 -0.1311
vn -0.9118 -0.0940 -0.3997
vn -0.8920 0.0290 -0.4512
vn 0.6884 0.4035 0.6027
vn 0.6282 0.3174 0.7104
vn 0.5754 0.3037 0.7594
vn 0.6340 -0.0908 0.7680
vn 0.6957 0.0076 0.7183
vn 0.6882 0.6007 0.4069
vn 0.2665 0.7891 0.5534
vn 0.9188 0.1510 0.3648
vn 0.3968 -0.3964 0.8279
vn 0.5422 -0.1613 0.8246
vn 0.7751 -0.1153 0.6212
vn 0.5993 0.2329 0.7659
vn 0.6659 -0.2196 0.7130
vn 0.4152 -0.6159 0.6695
vn -0.1203 -0.5408 0.8325
vn -0.0761 -0.2241 0.9716
vn -0.0683 -0.8344 0.5469
vn -0.1900 -0.0192 0.9816
vn 0.3521 -0.1511 0.9237
vn 0.6993 -0.1954 0.6876
vn -0.0744 -0.2249 0.9715
vn -0.1218 -0.5420 0.8315
vn -0.6065 -0.5540 0.5703
vn -0.6894 -0.3013 0.6588
vn -0.7087 0.0497 0.7038
vn -0.1909 -0.0190 0.9814
vn -0.0693 -0.8347 0.5464
vn -0.4700 -0.8215 0.3228
vn -0.9941 -0.1084 -0.0017
vn -0.9850 -0.1612 -0.0623
vn -0.9517 -0.2760 -0.1344
vn -0.9905 -0.0645 0.1217
vn -0.8904 -0.4395 0.1185
vn -0.9167 -0.3765 0.1337
vn -0.8363 -0.5430 0.0752
vn -0.9367 -0.0542 0.3460
vn -0.9879 -0.1038 0.1155
vn -0.9876 -0.0673 0.1418
vn 0.5583 0.1556 0.8149
vn 0.5274 0.1177 0.8414
vn 0.6668 -0.3460 0.6600
vn 0.4929 -0.7667 0.4114
vn 0.1441 -0.9868 0.0742
vn 0.1435 -0.9869 0.0737
vn -0.2007 -0.9648 -0.1699
vn 0.9400 -0.1329 0.3143
vn 0.6959 -0.3677 0.6169
vn 0.5756 -0.7943 0.1945
vn 0.3041 -0.9423 -0.1399
vn -0.5883 -0.7415 -0.3226
vn -0.8250 -0.4026 -0.3966
vn -0.0168 -0.9094 -0.4156
vn -0.3792 -0.6912 -0.6151
vn -0.6741 -0.3824 -0.6319
vn 0.3035 -0.9424 -0.1404
vn -0.9094 0.1467 -0.3892
vn -0.5437 0.1677 -0.8223
vn -0.9937 -0.0309 0.1079
vn -0.9905 -0.0767 0.1143
vn -0.9377 0.0341 -0.3458
vn -0.9554 -0.0374 -0.2928
vn -0.6150 0.1020 -0.7819
vn -0.1551 0.1707 -0.9730
vn -0.1928 0.1054 -0.9756
vn 0.3039 0.1129 -0.9460
vn 0.2656 0.0074 -0.9641
vn -0.6784 0.0709 -0.7312
vn 0.6402 0.1658 -0.7501
vn 0.6624 0.0273 -0.7487
vn 0.8957 0.0855 -0.4365
vn 0.8958 -0.0782 -0.4375
vn 0.9804 -0.1027 -0.1680
vn 0.9841 0.1515 -0.0926
vn 0.9640 0.2406 0.1132
vn 0.9972 -0.0135 0.0735
vn 0.6510 -0.1318 -0.7475
vn 0.9443 -0.2742 -0.1821
vn 0.9132 -0.2452 0.3254
vn 0.9302 -0.3064 -0.2023
vn 0.6714 -0.1950 -0.7150
vn 0.2983 -0.0414 -0.9536
vn -0.1888 0.0813 -0.9786
vn 0.3437 -0.0899 0.9348
vn 0.3264 -0.1005 0.9399
vn -0.1871 0.0371 0.9816
vn -0.1516 0.0915 0.9842
vn 0.6707 -0.1957 0.7154
vn 0.6527 -0.2581 0.7123
vn -0.1525 0.0917 0.9840
vn -0.1880 0.0373 0.9815
vn -0.6720 0.1524 0.7247
vn -0.6697 0.2043 0.7139
vn 0.3945 -0.0302 0.9184
vn -0.1155 0.1591 0.9805
vn -0.0774 0.2087 0.9749
vn 0.4431 0.0487 0.8951
vn -0.6725 0.2191 0.7069
vn -0.1165 0.1593 0.9803
vn -0.7105 0.2483 0.6584
vn -0.0782 0.2089 0.9748
vn -0.1515 0.0550 -0.9869
vn 0.3282 -0.0931 -0.9400
vn 0.3436 -0.1188 -0.9316
vn -0.1194 0.0390 -0.9921
vn -0.7049 0.0866 -0.7040
vn -0.7297 0.0923 -0.6775
vn 0.6890 -0.3180 -0.6513
vn 0.6813 -0.2535 -0.6867
vn 0.3019 -0.0744 -0.9504
vn -0.1308 0.0407 -0.9906
vn 0.5417 -0.1904 -0.8187
vn 0.4752 -0.1295 -0.8703
vn 0.3400 -0.0397 -0.9396
vn -0.2054 0.1031 -0.9732
vn 0.5820 -0.1737 -0.7944
vn -0.7544 0.1173 -0.6458
vn -0.8212 0.1778 -0.5422
vn -0.9592 0.0639 -0.2756
vn -0.9581 0.0315 -0.2846
vn -0.9731 0.0542 -0.2237
vn -0.9872 0.0672 -0.1449
vn 0.6425 -0.2065 0.7380
vn 0.7116 -0.3587 -0.6041
vn 0.8896 -0.2917 0.3514
vn 0.8388 -0.4000 0.3694
vn 0.9344 -0.3386 0.1109
vn 0.8768 -0.4583 0.1453
vn 0.8830 -0.4616 0.0850
vn 0.9300 -0.3532 0.1017
vn 0.8726 -0.4730 -0.1221
vn 0.9246 -0.3655 -0.1071
vn 0.9126 -0.3560 -0.2010
vn 0.8964 -0.3509 -0.2707
vn 0.8349 -0.4744 -0.2790
vn 0.8198 -0.3305 -0.4677
vn 0.8249 -0.4973 -0.2686
vn 0.8477 -0.5105 0.1444
vn 0.8173 -0.4470 0.3636
vn -0.9055 0.1506 0.3968
vn -0.9138 0.1745 0.3667
vn -0.9935 0.0877 0.0725
vn -0.9944 0.0433 0.0961
vn -0.9867 0.0971 0.1301
vn -0.9873 0.0639 0.1454
vn -0.9774 0.1235 0.1717
vn -0.9782 0.1028 0.1804
vn 0.4603 -0.1211 -0.8795
vn 0.7894 -0.4237 -0.4442
vn 0.8019 -0.4443 -0.3995
vn 0.4931 -0.1766 -0.8519
vn 0.7091 -0.6131 0.3483
vn 0.7057 -0.5842 0.4008
vn 0.7302 -0.6454 -0.2243
vn 0.5634 -0.8218 0.0855
vn 0.5098 -0.3142 -0.8009
vn 0.6559 -0.6061 -0.4499
vn 0.7307 -0.6697 -0.1325
vn 0.7955 -0.4898 -0.3567
vn 0.4919 -0.2112 -0.8446
vn 0.6955 -0.5971 0.3997
vn -0.2237 0.2068 -0.9525
vn -0.2320 0.1863 -0.9547
vn -0.2063 0.2160 -0.9544
vn 0.1008 -0.3979 0.9119
vn 0.1214 -0.3430 0.9315
vn -0.0966 -0.7129 0.6946
vn 0.1413 -0.3221 0.9361
vn -0.8270 0.2803 -0.4873
vn -0.7762 0.4183 -0.4717
vn -0.7462 0.4693 -0.4722
vn -0.9219 0.3670 0.1242
vn -0.9828 0.1843 -0.0142
vn -0.8796 0.4376 0.1865
vn -0.8434 -0.1174 0.5243
vn -0.5936 0.0027 0.8047
vn -0.9757 -0.1485 0.1608
vn -0.5285 0.0872 0.8444
vn 0.1205 -0.3427 0.9317
vn 0.0999 -0.3976 0.9121
vn 0.1405 -0.3217 0.9364
vn -0.0970 -0.7127 0.6947
vn 0.7990 -0.5061 -0.3249
vn 0.4916 -0.2192 -0.8428
vn 0.7060 -0.5789 0.4079
vn -0.1853 0.2419 -0.9524
vn -0.7223 0.5044 -0.4731
vn -0.8615 0.4589 0.2172
vn -0.4840 0.0959 0.8698
vn 0.1514 -0.2988 0.9422
vn 0.1521 -0.2992 0.9420
vn 0.1395 -0.2890 0.9471
vn -0.4679 0.1217 0.8754
vn 0.1402 -0.2893 0.9469
vn 0.6738 -0.6068 0.4217
vn -0.8273 0.5048 0.2466
vn -0.4245 0.1580 0.8915
vn 0.1507 -0.3027 0.9411
vn -0.7839 0.5405 0.3055
vn 0.1514 -0.3031 0.9408
vn 0.6412 -0.6604 0.3909
vn 0.7662 -0.5623 -0.3110
vn 0.7158 -0.6215 -0.3184
vn 0.4552 -0.2516 -0.8541
vn -0.1710 0.2311 -0.9578
vn -0.6951 0.5400 -0.4745
vn 0.4193 -0.3053 -0.8550
vn -0.1962 0.2266 -0.9540
vn -0.6962 0.5745 -0.4305
vn 0.5785 -0.7243 0.3750
vn 0.6823 -0.6523 -0.3303
vn 0.3413 -0.3521 -0.8715
vn 0.0898 -0.3892 0.9168
vn -0.4747 0.1306 0.8704
vn 0.0892 -0.3885 0.9171
vn -0.8040 0.4962 0.3277
vn -0.7565 0.4858 -0.4378
vn -0.2931 0.1378 -0.9461
vn -0.0385 -0.5888 0.8073
vn -0.4329 -0.0522 -0.8999
vn -0.4322 -0.0529 -0.9002
vn -0.0378 -0.5894 0.8070
vn -0.3476 -0.8033 0.4837
vn -0.5532 -0.8281 0.0904
vn -0.6218 -0.4591 -0.6345
vn -0.5525 -0.8286 0.0901
vn -0.3469 -0.8039 0.4832
vn -0.6211 -0.4597 -0.6347
vn -0.6365 -0.7223 -0.2705
vn 0.4918 -0.7247 -0.4826
vn 0.3275 -0.4152 -0.8487
vn 0.3177 -0.3641 -0.8755
vn 0.4925 -0.7256 -0.4806
vn 0.6237 -0.7814 -0.0220
vn 0.6011 -0.7953 -0.0789
vn 0.5039 -0.1185 -0.8556
vn 0.2981 -0.0500 -0.9532
vn 0.3125 -0.0199 -0.9497
vn 0.7987 -0.5807 -0.1578
vn 0.7597 -0.5923 0.2683
vn 0.7382 -0.6186 0.2689
vn 0.6307 -0.1286 -0.7653
vn 0.5006 0.1581 -0.8511
vn 0.5426 0.1266 -0.8304
vn 0.8577 -0.4233 -0.2920
vn 0.8947 -0.4367 -0.0936
vn 0.9020 -0.4318 -0.0047
vn 0.8093 -0.2583 -0.5276
vn 0.7674 -0.2980 -0.5677
vn 0.7738 -0.2673 -0.5742
vn 0.7678 -0.2981 -0.5672
vn 0.7742 -0.2671 -0.5738
vn 0.9016 0.0926 -0.4225
vn 0.9026 0.0981 -0.4191
vn 0.8745 -0.0679 -0.4803
vn 0.8765 -0.0541 -0.4784
vn 0.9439 0.1683 -0.2840
vn 0.9403 0.1719 -0.2937
vn 0.8183 -0.2354 -0.5244
vn 0.8238 -0.2243 -0.5206
vn 0.9831 0.0528 -0.1753
vn 0.9843 0.0428 -0.1713
vn 0.9705 -0.1424 -0.1945
vn 0.9690 -0.1488 -0.1970
vn 0.8848 -0.3350 -0.3238
vn 0.8835 -0.3368 -0.3256
vn 0.7985 -0.3701 -0.4748
vn 0.7954 -0.3610 -0.4869
vn 0.7988 -0.3705 -0.4740
vn 0.7957 -0.3615 -0.4861
vn 0.3554 -0.2896 -0.8887
vn 0.2347 0.3203 -0.9178
vn 0.2510 0.4255 -0.8694
vn 0.3470 -0.1629 -0.9236
vn 0.3156 0.7602 -0.5679
vn 0.3466 0.7576 -0.5530
vn 0.5340 -0.6235 -0.5711
vn 0.5483 -0.6129 -0.5690
vn 0.5343 -0.6239 -0.5703
vn 0.5490 -0.6129 -0.5682
vn 0.7461 -0.6516 0.1368
vn 0.6978 -0.7161 -0.0149
vn 0.7903 -0.2085 0.5762
vn 0.7762 -0.3422 0.5296
vn 0.7503 0.2962 0.5911
vn 0.7283 0.3144 0.6089
vn 0.5864 0.8023 0.1110
vn 0.5542 0.8249 0.1115
vn -0.4905 -0.7369 -0.4652
vn -0.9981 -0.0016 0.0610
vn -0.9920 -0.0091 0.1258
vn 0.8279 -0.5008 -0.2526
vn 0.7821 -0.4538 -0.4271
vn 0.8271 -0.5434 -0.1438
vn 0.8011 -0.5479 -0.2411
vn 0.8002 -0.5496 -0.2400
vn 0.7648 -0.2766 -0.5819
vn 0.7687 -0.2893 -0.5704
vn 0.8920 -0.3771 0.2492
vn 0.8968 -0.4176 0.1462
vn 0.8001 -0.5495 -0.2407
vn 0.8010 -0.5477 -0.2416
vn 0.7119 -0.4445 -0.5437
vn 0.5088 -0.3046 -0.8052
vn 0.5539 -0.2731 -0.7865
vn 0.6964 -0.5108 -0.5040
vn 0.7287 -0.4547 -0.5120
vn 0.4978 -0.6427 -0.5824
vn 0.4907 -0.5541 -0.6724
vn 0.4096 -0.3931 -0.8232
vn 0.8052 -0.5177 -0.2892
vn 0.7627 -0.6052 -0.2279
vn 0.4523 -0.3178 -0.8333
vn 0.5901 -0.7851 -0.1882
vn 0.5847 -0.7801 -0.2227
vn 0.7893 -0.6139 -0.0160
vn 0.8357 -0.5491 -0.0101
vn 0.6494 -0.7162 0.2557
vn 0.6268 -0.7614 0.1654
vn 0.5404 -0.6582 0.5242
vn 0.6761 -0.5381 0.5033
vn 0.7125 -0.5170 0.4743
vn 0.8056 -0.5276 -0.2695
vn 0.4894 -0.3097 -0.8152
vn 0.8089 -0.5851 -0.0583
vn 0.7546 -0.4801 0.4473
vn 0.7022 -0.5405 0.4634
vn 0.8262 -0.5007 -0.2582
vn 0.7468 -0.5406 -0.3873
vn 0.6477 -0.6603 -0.3800
vn 0.6749 -0.6172 -0.4044
vn 0.5778 -0.4611 -0.6735
vn 0.8213 -0.4876 -0.2963
vn 0.8233 -0.4788 -0.3048
vn 0.6319 -0.4334 -0.6425
vn 0.5475 -0.7529 -0.3653
vn 0.5556 -0.6824 -0.4750
vn 0.3369 -0.6106 -0.7167
vn 0.8551 -0.5071 -0.1077
vn 0.8684 -0.4876 -0.0897
vn 0.6878 -0.7234 -0.0609
vn 0.6749 -0.7376 -0.0196
vn 0.6599 -0.7465 -0.0853
vn 0.7936 -0.5955 -0.1252
vn 0.5853 -0.8100 -0.0351
vn 0.5864 -0.8097 -0.0235
vn 0.4361 -0.5005 -0.7478
vn 0.7841 -0.5801 0.2208
vn 0.7400 -0.6282 0.2404
vn 0.4697 -0.5786 0.6668
vn 0.5613 -0.4585 0.6890
vn 0.8210 -0.5598 -0.1120
vn 0.5113 -0.4843 -0.7100
vn 0.6261 -0.3741 0.6842
vn 0.6495 -0.6613 0.3753
vn 0.6143 -0.7400 0.2740
vn 0.8262 -0.5194 0.2184
vn 0.7421 -0.3201 0.5889
vn 0.6964 -0.4146 0.5858
vn 0.8509 -0.5142 0.1079
vn 0.8705 -0.4866 0.0742
vn 0.8847 -0.3413 0.3175
vn 0.8643 -0.1970 0.4628
vn 0.6748 -0.7377 -0.0200
vn 0.6877 -0.7234 -0.0614
vn 0.8893 -0.4538 0.0563
vn 0.8355 -0.5383 -0.1098
vn 0.7349 -0.6734 -0.0810
vn 0.7385 -0.6680 -0.0916
vn 0.7645 -0.5494 -0.3372
vn 0.9172 -0.3864 -0.0971
vn 0.9171 -0.3876 -0.0929
vn 0.7977 -0.5022 -0.3338
vn 0.6821 -0.7298 -0.0457
vn 0.6978 -0.7086 -0.1045
vn 0.8845 -0.2967 0.3601
vn 0.8468 -0.3847 0.3674
vn 0.8556 -0.3703 0.3618
vn 0.8211 -0.5390 0.1881
vn 0.6884 -0.6603 0.3002
vn 0.6508 -0.6877 0.3217
vn 0.6483 -0.6817 0.3390
vn 0.4358 -0.7952 -0.4216
vn 0.4685 -0.6646 -0.5821
vn 0.7259 -0.2413 0.6441
vn 0.6086 -0.3787 0.6972
vn 0.8300 -0.5313 0.1698
vn 0.5021 -0.5986 -0.6241
vn 0.6201 -0.2335 0.7490
vn 0.5922 -0.4103 0.6935
vn 0.5916 -0.4819 0.6464
vn 0.6613 -0.0802 0.7458
vn 0.6200 -0.0546 0.7827
vn 0.6277 -0.0824 0.7741
vn 0.6080 -0.1141 0.7857
vn 0.7951 -0.1001 0.5981
vn 0.7961 0.0088 0.6051
vn 0.7944 0.0117 0.6073
vn 0.8467 -0.3851 0.3670
vn 0.8557 -0.3699 0.3619
vn 0.7080 -0.4816 0.5165
vn 0.8242 -0.5134 -0.2389
vn 0.4908 -0.3015 -0.8174
vn 0.1755 -0.3280 0.9282
vn 0.2013 -0.2298 0.9522
vn 0.1975 -0.1974 0.9602
vn 0.0043 -0.5675 0.8233
vn -0.2430 0.0039 -0.9700
vn -0.2142 0.0752 -0.9739
vn -0.3399 -0.2297 -0.9120
vn -0.2111 0.0823 -0.9740
vn -0.2800 -0.9506 -0.1338
vn -0.2736 -0.4019 -0.8739
vn -0.1961 -0.2074 -0.9584
vn -0.0963 -0.3704 0.9239
vn -0.2549 -0.8993 0.3553
vn -0.2852 -0.6278 -0.7242
vn 0.0338 -0.1570 0.9870
vn -0.1799 -0.3758 -0.9091
vn 0.8437 -0.5285 -0.0944
vn 0.5344 -0.4429 -0.7199
vn 0.6473 -0.3080 0.6972
vn -0.1402 -0.1727 -0.9749
vn -0.1043 -0.1164 -0.9877
vn 0.1074 -0.0323 0.9937
vn 0.1091 0.0414 0.9932
vn -0.1327 -0.2883 -0.9483
vn 0.8466 -0.5128 0.1426
vn 0.5436 -0.5305 -0.6505
vn -0.0810 -0.2243 -0.9711
vn 0.6082 -0.2277 0.7604
vn -0.0457 0.2210 0.9742
vn -0.0526 0.2039 0.9776
vn 0.8210 -0.5255 -0.2230
vn 0.4840 -0.3169 -0.8157
vn 0.7150 -0.4695 0.5180
vn -0.2169 0.1105 -0.9699
vn 0.1892 -0.1674 0.9676
vn 0.6927 -0.5259 0.4935
vn 0.7676 -0.5945 -0.2396
vn 0.1673 -0.1753 0.9702
vn 0.4459 -0.3751 -0.8127
vn -0.2044 0.1109 -0.9726
vn 0.6712 -0.5569 0.4892
vn 0.7475 -0.6113 -0.2600
vn 0.4486 -0.3955 -0.8014
vn 0.1609 -0.1728 0.9717
vn -0.2013 0.1047 -0.9739
vn 0.6532 -0.5794 0.4874
vn 0.7476 -0.6139 -0.2533
vn 0.1318 -0.1923 0.9724
vn 0.4596 -0.4003 -0.7928
vn -0.1951 0.0710 -0.9782
vn -0.2708 -0.0425 -0.9617
vn 0.0274 -0.3195 0.9472
vn -0.2461 -0.6870 0.6837
vn -0.4402 -0.8717 0.2152
vn -0.5292 -0.7666 -0.3637
vn -0.4728 -0.4524 -0.7561
vn 0.8331 -0.5490 -0.0673
vn 0.6291 -0.3111 0.7124
vn 0.5473 -0.4370 -0.7138
vn 0.0703 0.0742 0.9948
vn 0.6230 -0.3433 0.7029
vn 0.8037 -0.5940 -0.0359
vn 0.0389 0.1042 0.9938
vn 0.5561 -0.4882 -0.6726
vn -0.0672 -0.0770 -0.9948
vn -0.0633 -0.0944 -0.9935
vn 0.8059 -0.5918 -0.0177
vn 0.6212 -0.3457 0.7033
vn 0.5480 -0.5014 -0.6696
vn 0.0109 0.1201 0.9927
vn -0.0813 -0.1197 -0.9895
vn 0.5859 -0.3852 0.7129
vn 0.7977 -0.6028 -0.0174
vn 0.5369 -0.5400 -0.6482
vn -0.0518 0.0394 0.9979
vn -0.0915 -0.1877 -0.9780
vn -0.1739 -0.1185 0.9776
vn -0.1625 -0.3689 -0.9152
vn -0.3070 -0.5362 0.7863
vn -0.4021 -0.9040 -0.1455
vn -0.3320 -0.7349 -0.5913
vn -0.3926 -0.8494 0.3526
vn 0.8611 -0.4955 0.1136
vn 0.5806 -0.5101 -0.6346
vn 0.6165 -0.1825 0.7659
vn -0.0318 -0.1994 -0.9794
vn 0.5583 -0.5522 -0.6192
vn 0.8252 -0.5531 0.1148
vn -0.0276 -0.2424 -0.9698
vn 0.5932 -0.2415 0.7680
vn -0.0528 0.2413 0.9690
vn -0.0648 0.2421 0.9681
vn 0.7950 -0.5917 0.1337
vn 0.5500 -0.6028 -0.5781
vn 0.5256 -0.2537 0.8120
vn -0.0203 -0.2941 -0.9556
vn -0.1078 0.2205 0.9694
vn 0.5124 -0.2948 0.8066
vn 0.7712 -0.6219 0.1359
vn -0.1478 0.1848 0.9716
vn 0.5350 -0.6579 -0.5301
vn -0.0195 -0.3647 -0.9309
vn -0.0706 -0.5247 -0.8484
vn -0.2281 0.0516 0.9723
vn -0.4076 -0.9127 -0.0294
vn -0.2620 -0.8369 -0.4806
vn -0.4804 -0.7407 0.4696
vn -0.4050 -0.3897 0.8271
vn 0.5622 0.1414 0.8148
vn 0.7455 -0.3312 0.5783
vn 0.2123 0.5462 0.8103
vn 0.6531 -0.7521 0.0883
vn 0.5779 0.1252 0.8065
vn 0.7449 -0.3041 0.5938
vn 0.7041 -0.7024 0.1044
vn 0.2328 0.5511 0.8013
vn -0.1813 0.7774 0.6023
vn -0.1553 0.7809 0.6051
vn 0.2793 0.5245 0.8043
vn 0.6230 0.1203 0.7729
vn -0.1795 0.7554 0.6302
vn 0.7658 -0.2576 0.5892
vn 0.7255 -0.6631 0.1842
vn 0.5465 0.0255 0.8371
vn 0.1537 -0.2283 0.9614
vn -0.5538 0.7843 0.2796
vn -0.8597 0.4794 -0.1764
vn -0.5543 0.7841 0.2790
vn -0.6029 0.7529 0.2638
vn -0.8997 0.4037 -0.1661
vn -0.6032 0.7528 0.2635
vn -0.6761 0.6867 0.2671
vn -0.9209 0.3566 -0.1575
vn -0.6767 0.6863 0.2666
vn -0.7468 0.5925 0.3020
vn -0.7473 0.5922 0.3014
vn -0.7321 0.3174 0.6027
vn -0.7327 0.3172 0.6021
vn 0.4172 -0.8701 -0.2624
vn 0.4165 -0.8702 -0.2631
vn 0.0996 -0.8440 -0.5270
vn 0.4919 -0.8260 -0.2752
vn 0.4913 -0.8262 -0.2759
vn 0.1149 -0.8106 -0.5742
vn 0.5011 -0.8376 -0.2177
vn 0.0385 -0.8329 -0.5520
vn 0.5005 -0.8377 -0.2183
vn 0.4562 -0.8847 -0.0957
vn 0.4556 -0.8850 -0.0963
vn -0.0881 -0.7726 0.6287
vn 0.2792 -0.9299 0.2394
vn 0.2785 -0.9303 0.2387
vn -0.0888 -0.7729 0.6283
vn -0.3618 -0.4575 0.8122
vn -0.5786 -0.0873 0.8109
vn -0.3628 -0.4577 0.8117
vn -0.8190 -0.5476 0.1715
vn -0.5792 -0.0877 0.8104
vn -0.8677 0.0547 -0.4941
vn -0.6360 -0.3510 -0.6872
vn -0.2891 -0.6583 -0.6950
vn -0.8986 0.0437 -0.4366
vn -0.6999 -0.3280 -0.6344
vn -0.3267 -0.6386 -0.6967
vn -0.7641 -0.3278 -0.5556
vn -0.9132 0.0057 -0.4074
vn -0.4657 -0.6100 -0.6411
vn -0.8267 -0.3923 -0.4032
vn -0.9889 0.0126 0.1480
vn -0.9455 0.1044 0.3085
vn -0.9681 0.0664 0.2415
vn -0.9943 -0.1050 -0.0177
vn -0.9664 -0.2123 0.1450
vn -0.9779 -0.1961 -0.0721
vn -0.9760 -0.1464 -0.1614
vn -0.9929 -0.0269 0.1155
vn -0.9064 -0.1185 0.4054
vn -0.0467 0.2214 0.9741
vn -0.0622 0.2162 0.9744
vn -0.6342 0.3398 0.6945
vn -0.6332 0.4264 0.6459
vn -0.6497 0.4479 0.6142
vn -0.0535 0.2045 0.9774
vn -0.9330 0.2766 0.2301
vn -0.9181 0.3759 0.1254
vn -0.8990 0.4340 0.0591
vn -0.8933 -0.0227 -0.4489
vn -0.7868 0.0818 -0.6117
vn -0.7478 0.1687 -0.6421
vn -0.1823 -0.3741 -0.9093
vn -0.1344 -0.2876 -0.9483
vn -0.0815 -0.2235 -0.9713
vn -0.2888 -0.6261 -0.7243
vn -0.8421 -0.0081 -0.5393
vn -0.9865 0.1470 0.0716
vn -0.2850 -0.9491 -0.1342
vn -0.2704 -0.4022 -0.8747
vn -0.1932 -0.2084 -0.9588
vn -0.8421 -0.2802 0.4609
vn 0.0057 -0.5689 0.8224
vn -0.9860 0.0306 0.1641
vn -0.5628 -0.1120 0.8190
vn 0.1758 -0.3284 0.9280
vn -0.9453 -0.1571 -0.2858
vn -0.8308 0.0302 -0.5557
vn -0.4908 -0.7371 -0.4645
vn -0.7859 0.2468 -0.5670
vn -0.9527 0.2662 0.1468
vn -0.2439 0.0041 -0.9698
vn -0.2150 0.0755 -0.9737
vn -0.7759 0.3250 -0.5407
vn -0.9198 0.3633 0.1481
vn -0.2118 0.0827 -0.9738
vn -0.5229 0.0726 0.8493
vn -0.5168 0.1375 0.8450
vn 0.2008 -0.2296 0.9523
vn 0.1967 -0.1970 0.9605
vn -0.7857 0.1561 -0.5986
vn -0.9439 0.3300 0.0143
vn -0.1399 -0.1724 -0.9750
vn -0.7376 0.0984 0.6680
vn -0.6730 0.2791 0.6850
vn 0.1050 -0.0310 0.9940
vn 0.0302 -0.1557 0.9873
vn -0.1039 -0.3675 0.9242
vn -0.7602 0.3755 -0.5302
vn -0.9007 0.4094 0.1457
vn -0.2176 0.1109 -0.9697
vn -0.5079 0.1813 0.8421
vn 0.1882 -0.1670 0.9678
vn -0.7390 0.2682 -0.6180
vn -0.8992 0.4370 -0.0207
vn -0.1051 -0.1160 -0.9877
vn -0.6490 0.3860 0.6556
vn 0.1078 0.0420 0.9933
vn -0.6958 0.2375 -0.6778
vn -0.8744 0.4852 0.0001
vn -0.0330 -0.1990 -0.9794
vn -0.6424 0.4919 0.5877
vn -0.0527 0.2415 0.9690
vn -0.8741 0.4587 0.1597
vn -0.7415 0.4231 -0.5208
vn -0.2051 0.1114 -0.9724
vn -0.5314 0.2272 0.8161
vn 0.1666 -0.1747 0.9704
vn -0.7342 0.4787 -0.4814
vn -0.8302 0.5301 0.1723
vn -0.5249 0.3010 0.7962
vn -0.2019 0.1052 -0.9737
vn 0.1603 -0.1724 0.9719
vn -0.7319 0.4623 -0.5007
vn -0.8248 0.5360 0.1800
vn -0.5605 0.3140 0.7663
vn 0.1311 -0.1918 0.9726
vn 0.0265 -0.3190 0.9474
vn -0.1960 0.0715 -0.9780
vn -0.2715 -0.0420 -0.9615
vn -0.4737 -0.4520 -0.7559
vn -0.4412 -0.8712 0.2154
vn -0.2470 -0.6866 0.6838
vn -0.7163 0.3338 -0.6128
vn -0.8702 0.4893 -0.0573
vn -0.6310 0.4371 0.6409
vn -0.0679 -0.0766 -0.9947
vn -0.6941 0.3393 -0.6349
vn -0.8523 0.5152 -0.0908
vn -0.0640 -0.0939 -0.9935
vn -0.6467 0.4774 0.5949
vn 0.0695 0.0746 0.9948
vn 0.0381 0.1047 0.9938
vn -0.6545 0.4631 0.5976
vn -0.8625 0.4971 -0.0947
vn -0.7012 0.3207 -0.6368
vn 0.0100 0.1205 0.9927
vn -0.0822 -0.1193 -0.9895
vn -0.8881 0.4527 -0.0797
vn -0.7101 0.2566 -0.6557
vn -0.0922 -0.1871 -0.9780
vn -0.6820 0.3718 0.6298
vn -0.0525 0.0400 0.9978
vn -0.1748 -0.1180 0.9775
vn -0.1633 -0.3685 -0.9152
vn -0.3329 -0.7344 -0.5914
vn -0.4029 -0.9036 -0.1456
vn -0.3078 -0.5357 0.7863
vn -0.6820 0.1943 -0.7051
vn -0.8782 0.4759 -0.0478
vn -0.6522 0.5057 0.5647
vn -0.0283 -0.2420 -0.9699
vn -0.0654 0.2423 0.9680
vn -0.8781 0.4638 -0.1174
vn -0.6854 0.5096 0.5202
vn -0.6778 0.1590 -0.7178
vn -0.1086 0.2209 0.9692
vn -0.0212 -0.2937 -0.9557
vn -0.6597 0.1113 -0.7432
vn -0.8805 0.4407 -0.1748
vn -0.0202 -0.3643 -0.9311
vn -0.7208 0.4795 0.5005
vn -0.1486 0.1853 0.9714
vn -0.0713 -0.5243 -0.8486
vn -0.2288 0.0520 0.9721
vn -0.4058 -0.3893 0.8269
vn -0.4809 -0.7405 0.4695
vn -0.4085 -0.9123 -0.0295
vn -0.2628 -0.8365 -0.4808
vn -0.2559 -0.9097 0.3270
vn 0.9765 0.1629 -0.1410
vn 0.9926 0.0609 0.1048
vn 0.9926 0.0568 0.1076
vn 0.9773 0.1663 -0.1311
vn 0.9540 -0.0087 -0.2997
vn 0.9539 -0.0097 -0.3000
vn 0.9582 -0.2610 0.1173
vn 0.9584 -0.2596 0.1190
vn 0.8971 -0.4336 -0.0851
vn 0.9017 -0.4255 -0.0762
vn 0.9288 -0.2040 -0.3095
vn 0.9276 -0.2135 -0.3065
vn 0.8674 -0.3931 -0.3051
vn 0.8823 -0.3639 -0.2986
vn 0.3803 -0.0743 -0.9219
vn 0.4048 0.5499 -0.7306
vn 0.4434 0.5418 -0.7140
vn 0.4046 -0.0057 -0.9145
vn 0.4750 -0.5544 -0.6834
vn 0.4788 -0.5146 -0.7113
vn 0.5569 0.8303 -0.0223
vn 0.5824 0.8129 -0.0018
vn 0.6677 0.3923 0.6327
vn 0.6994 0.4172 0.5803
vn 0.6575 -0.3073 0.6879
vn 0.6943 -0.1939 0.6931
vn 0.6521 -0.7117 0.2611
vn 0.6774 -0.6255 0.3872
vn 0.5812 -0.7659 -0.2749
vn 0.6154 -0.7531 -0.2326
vn 0.5811 -0.7657 -0.2757
vn 0.9672 0.1801 -0.1793
vn 0.9936 0.0848 0.0743
vn 0.9938 0.0642 0.0905
vn 0.9692 0.1865 -0.1608
vn 0.9797 -0.1356 0.1477
vn 0.9711 -0.2124 0.1088
vn 0.9480 -0.0066 -0.3181
vn 0.9482 -0.0030 -0.3178
vn 0.9274 -0.2716 -0.2573
vn 0.9302 -0.2433 -0.2748
vn 0.8889 -0.4093 -0.2058
vn 0.8892 -0.4087 -0.2058
vn 0.8613 -0.4809 -0.1640
vn 0.8561 -0.4865 -0.1745
vn 0.8563 -0.4863 -0.1738
vn 0.8614 -0.4810 -0.1633
vn 0.9161 -0.3991 -0.0387
vn 0.9210 -0.3887 -0.0247
vn 0.6715 -0.2091 0.7109
vn 0.6707 0.0453 0.7404
vn 0.6253 0.5562 0.5474
vn 0.6115 0.4960 0.6165
vn 0.6557 -0.6611 0.3647
vn 0.6765 -0.5664 0.4707
vn 0.5147 0.8465 -0.1364
vn 0.5482 0.8302 -0.1012
vn 0.4350 0.4187 -0.7971
vn 0.4626 0.5284 -0.7119
vn 0.4316 -0.2314 -0.8719
vn 0.4456 -0.1157 -0.8877
vn 0.5420 -0.6684 -0.5094
vn 0.5269 -0.5841 -0.6174
vn 0.6164 -0.7817 -0.0952
vn 0.6340 -0.7712 -0.0576
vn 0.6166 -0.7816 -0.0943
vn 0.9583 -0.2239 -0.1776
vn 0.9865 0.1605 0.0336
vn 0.9634 0.1497 0.2225
vn 0.9625 0.1479 0.2274
vn 0.9855 0.1638 0.0450
vn 0.9488 -0.0332 0.3141
vn 0.9487 -0.0239 0.3152
vn 0.9985 0.0520 -0.0162
vn 0.9990 0.0420 -0.0127
vn 0.9818 -0.0836 0.1705
vn 0.9831 -0.0819 0.1640
vn 0.9541 -0.1175 0.2753
vn 0.9541 -0.1170 0.2756
vn 0.9573 -0.1861 0.2213
vn 0.9572 -0.1833 0.2239
vn 0.9573 -0.1861 0.2214
vn 0.9572 -0.1832 0.2241
vn 0.9520 -0.1903 0.2397
vn 0.9521 -0.1909 0.2391
vn 0.5736 -0.3880 0.7214
vn 0.5763 -0.2735 0.7701
vn 0.4647 0.2744 0.8419
vn 0.4456 0.2190 0.8680
vn 0.6680 -0.6802 0.3018
vn 0.4777 0.7678 0.4269
vn 0.4248 0.7896 0.4429
vn 0.5248 0.8152 -0.2449
vn 0.5934 0.2701 -0.7583
vn 0.6340 -0.3609 -0.6839
vn 0.6653 -0.7030 -0.2513
vn 0.6681 -0.6805 0.3010
vn 0.0592 -0.0365 -0.9976
vn 0.0324 -0.0250 -0.9992
vn -0.6357 -0.7229 -0.2707
vn -0.5300 -0.7661 -0.3636
vn -0.3934 -0.8490 0.3527
vn -0.3407 -0.2296 -0.9117
vn 0.8228 -0.5070 -0.2567
vn 0.8215 -0.5058 -0.2632
vn 0.8217 -0.5059 -0.2626
vn 0.8228 -0.5072 -0.2563
vn -0.5443 -0.6656 0.5105
vn -0.2308 -0.7058 0.6697
vn -0.0151 -0.7029 0.7111
vn 0.2869 -0.7912 0.5401
vn 0.4786 -0.8267 0.2959
vn 0.5393 -0.8387 0.0756
vn 0.4817 -0.8614 -0.1611
vn 0.2933 -0.8856 -0.3600
vn 0.1005 -0.8601 -0.5001
vn -0.2813 -0.8216 -0.4959
vn -0.7540 -0.5230 -0.3976
vn -0.6567 -0.6643 -0.3570
vt 0.840152 0.373526
vt 0.858563 0.373526
vt 0.842358 0.368643
vt 0.237703 0.561332
vt 0.274075 0.553522
vt 0.245832 0.534113
vt 0.205404 0.507918
vt 0.196763 0.484556
vt 0.201887 0.511014
vt 0.426507 0.629906
vt 0.426194 0.611903
vt 0.422177 0.621797
vt 0.546885 0.606922
vt 0.531324 0.648190
vt 0.574105 0.638033
vt 0.235275 0.605637
vt 0.206695 0.607360
vt 0.229478 0.623681
vt 0.504670 0.617500
vt 0.499206 0.651032
vt 0.466400 0.625063
vt 0.462360 0.604600
vt 0.452857 0.627714
vt 0.406598 0.630900
vt 0.245508 0.707958
vt 0.255635 0.668285
vt 0.232246 0.703889
vt 0.257380 0.711411
vt 0.340945 0.728363
vt 0.338581 0.691762
vt 0.327890 0.725855
vt 0.342792 0.763864
vt 0.331721 0.787254
vt 0.359142 0.783798
vt 0.457562 0.932854
vt 0.467716 0.933005
vt 0.461772 0.926913
vt 0.390523 0.934410
vt 0.400991 0.934370
vt 0.397909 0.928590
vt 0.360911 0.799244
vt 0.341718 0.802516
vt 0.357395 0.817436
vt 0.295668 0.803193
vt 0.273842 0.801916
vt 0.288550 0.817446
vt 0.215305 0.801082
vt 0.229531 0.791002
vt 0.205842 0.783357
vt 0.297937 0.787781
vt 0.285220 0.759964
vt 0.268961 0.784396
vt 0.155749 0.777889
vt 0.137256 0.779890
vt 0.154953 0.789761
vt 0.321374 0.971284
vt 0.336018 0.971634
vt 0.327416 0.962975
vt 0.247101 0.964907
vt 0.238840 0.974663
vt 0.255843 0.974101
vt 0.167171 0.931592
vt 0.180722 0.931638
vt 0.173803 0.924200
vt 0.549386 0.836424
vt 0.582225 0.811854
vt 0.540896 0.811277
vt 0.498736 0.810230
vt 0.520344 0.836181
vt 0.525678 0.986123
vt 0.519332 0.975183
vt 0.511390 0.986068
vt 0.581215 0.981259
vt 0.574133 0.990284
vt 0.589752 0.989550
vt 0.643162 0.966314
vt 0.635071 0.975819
vt 0.649632 0.975589
vt 0.913718 0.763825
vt 0.909377 0.762460
vt 0.909508 0.767029
vt 0.914545 0.768819
vt 0.909050 0.774576
vt 0.914555 0.773001
vt 0.911838 0.373526
vt 0.907651 0.371386
vt 0.908069 0.373526
vt 0.905944 0.369458
vt 0.905945 0.373526
vt 0.257826 0.575560
vt 0.270113 0.558895
vt 0.219218 0.537564
vt 0.239343 0.534954
vt 0.472955 0.930194
vt 0.478285 0.927335
vt 0.446111 0.928029
vt 0.452402 0.930680
vt 0.381411 0.928855
vt 0.386006 0.931656
vt 0.409086 0.928947
vt 0.404639 0.931926
vt 0.311107 0.964100
vt 0.316080 0.967580
vt 0.344648 0.964034
vt 0.340028 0.968103
vt 0.228678 0.965073
vt 0.233793 0.969901
vt 0.267162 0.966785
vt 0.261544 0.970416
vt 0.186275 0.928866
vt 0.192873 0.925573
vt 0.155096 0.923661
vt 0.161719 0.928011
vt 0.022056 0.564063
vt 0.010561 0.562138
vt 0.014420 0.567995
vt 0.017447 0.572589
vt 0.023293 0.530547
vt 0.019312 0.534133
vt 0.015370 0.537684
vt 0.025831 0.540652
vt 0.734412 0.594863
vt 0.741651 0.590087
vt 0.737051 0.589481
vt 0.732405 0.588869
vt 0.747960 0.622227
vt 0.750206 0.616651
vt 0.753069 0.609542
vt 0.744105 0.615326
vt 0.502803 0.976514
vt 0.507400 0.981629
vt 0.531072 0.981050
vt 0.536139 0.976284
vt 0.562551 0.980598
vt 0.568300 0.985406
vt 0.599188 0.980758
vt 0.594438 0.985184
vt 0.654985 0.971493
vt 0.661487 0.966517
vt 0.624801 0.967237
vt 0.630377 0.971897
vt 0.784968 0.275743
vt 0.811323 0.275743
vt 0.811323 0.231285
vt 0.840151 0.350138
vt 0.845637 0.365693
vt 0.840152 0.363118
vt 0.846046 0.305812
vt 0.846047 0.286138
vt 0.840152 0.286139
vt 0.840151 0.305809
vt 0.822493 0.477200
vt 0.822493 0.449791
vt 0.811323 0.450929
vt 0.811323 0.474187
vt 0.822493 0.410232
vt 0.846046 0.252096
vt 0.840152 0.252094
vt 0.811323 0.363796
vt 0.822493 0.363796
vt 0.846046 0.222315
vt 0.840151 0.222312
vt 0.822493 0.318624
vt 0.811323 0.318623
vt 0.840152 0.197754
vt 0.846054 0.197754
vt 0.822493 0.275743
vt 0.846052 0.172551
vt 0.840152 0.172551
vt 0.822493 0.231285
vt 0.840151 0.147317
vt 0.846050 0.147315
vt 0.822494 0.185999
vt 0.811323 0.185998
vt 0.846048 0.122944
vt 0.840151 0.122945
vt 0.811325 0.142793
vt 0.822494 0.142793
vt 0.846046 0.098742
vt 0.840153 0.098537
vt 0.822493 0.096870
vt 0.846048 0.073347
vt 0.840152 0.073346
vt 0.840151 0.046529
vt 0.846046 0.046529
vt 0.840151 0.026312
vt 0.846046 0.026312
vt 0.858577 0.305809
vt 0.858574 0.286137
vt 0.858570 0.252094
vt 0.858561 0.222344
vt 0.858570 0.197754
vt 0.858568 0.172551
vt 0.858567 0.147318
vt 0.858566 0.122945
vt 0.858561 0.096616
vt 0.858563 0.073346
vt 0.858563 0.046529
vt 0.858563 0.026312
vt 0.858559 0.350146
vt 0.858563 0.368063
vt 0.881662 0.373526
vt 0.881661 0.370298
vt 0.881660 0.046529
vt 0.881661 0.026312
vt 0.881661 0.350125
vt 0.881661 0.323666
vt 0.881661 0.073342
vt 0.881662 0.096614
vt 0.881661 0.122941
vt 0.881662 0.147310
vt 0.881661 0.172544
vt 0.881662 0.197747
vt 0.881660 0.222303
vt 0.881661 0.252085
vt 0.881660 0.286124
vt 0.881662 0.305797
vt 0.905945 0.350084
vt 0.905951 0.323680
vt 0.905951 0.305809
vt 0.905951 0.286137
vt 0.905945 0.252056
vt 0.905945 0.222279
vt 0.905950 0.197754
vt 0.905950 0.172551
vt 0.905950 0.147317
vt 0.905945 0.122945
vt 0.905945 0.096615
vt 0.905945 0.073344
vt 0.905944 0.046529
vt 0.905944 0.026311
vt 0.908527 0.046529
vt 0.908528 0.026312
vt 0.908528 0.073347
vt 0.908528 0.350138
vt 0.908528 0.323680
vt 0.908528 0.096615
vt 0.908528 0.122945
vt 0.908528 0.147317
vt 0.908528 0.172551
vt 0.908528 0.197754
vt 0.908528 0.222311
vt 0.908527 0.252096
vt 0.908528 0.286137
vt 0.908527 0.305809
vt 0.911839 0.172551
vt 0.917567 0.172551
vt 0.917567 0.147315
vt 0.911840 0.147317
vt 0.911840 0.197754
vt 0.917567 0.197755
vt 0.911839 0.122945
vt 0.917567 0.122944
vt 0.349508 0.589926
vt 0.350288 0.583238
vt 0.326513 0.575632
vt 0.324279 0.582083
vt 0.377160 0.596745
vt 0.377428 0.590773
vt 0.296984 0.569078
vt 0.300315 0.562376
vt 0.911838 0.222312
vt 0.917566 0.222312
vt 0.911838 0.252097
vt 0.917566 0.252096
vt 0.911838 0.286138
vt 0.917566 0.286136
vt 0.222639 0.499004
vt 0.218437 0.501177
vt 0.911840 0.305809
vt 0.917567 0.305809
vt 0.212847 0.474853
vt 0.208925 0.477219
vt 0.911840 0.323677
vt 0.917567 0.323680
vt 0.911838 0.350138
vt 0.917567 0.350138
vt 0.579947 0.553608
vt 0.576923 0.550086
vt 0.556520 0.557278
vt 0.558385 0.562070
vt 0.523936 0.571190
vt 0.526672 0.575077
vt 0.917566 0.373526
vt 0.489497 0.574959
vt 0.491590 0.580257
vt 0.911838 0.026310
vt 0.911838 0.046529
vt 0.917567 0.046529
vt 0.917566 0.026312
vt 0.462698 0.587069
vt 0.462807 0.581416
vt 0.911839 0.073344
vt 0.917567 0.073346
vt 0.425833 0.591273
vt 0.425921 0.596303
vt 0.911838 0.096615
vt 0.917567 0.096615
vt 0.406384 0.597381
vt 0.406252 0.591549
vt 0.206409 0.542050
vt 0.599384 0.575078
vt 0.589326 0.564530
vt 0.564168 0.576930
vt 0.574635 0.592731
vt 0.184304 0.491621
vt 0.192142 0.514858
vt 0.535156 0.587131
vt 0.586881 0.608122
vt 0.605091 0.585310
vt 0.173634 0.497029
vt 0.182053 0.520009
vt 0.156061 0.505206
vt 0.163750 0.526541
vt 0.603299 0.620747
vt 0.616005 0.599078
vt 0.186963 0.548412
vt 0.195790 0.544070
vt 0.167567 0.552286
vt 0.598655 0.642687
vt 0.214083 0.573275
vt 0.266648 0.628872
vt 0.303664 0.644893
vt 0.317351 0.602091
vt 0.286652 0.589864
vt 0.342517 0.649406
vt 0.347087 0.610666
vt 0.378619 0.642893
vt 0.376327 0.615265
vt 0.406793 0.615466
vt 0.498080 0.596690
vt 0.621191 0.628476
vt 0.627654 0.608248
vt 0.139459 0.513235
vt 0.143663 0.533030
vt 0.117177 0.518208
vt 0.121487 0.536020
vt 0.146228 0.555393
vt 0.124336 0.555547
vt 0.100183 0.520037
vt 0.102808 0.536809
vt 0.103863 0.554049
vt 0.643698 0.631531
vt 0.643971 0.615366
vt 0.660645 0.625631
vt 0.656504 0.613244
vt 0.621648 0.646272
vt 0.645371 0.644345
vt 0.664128 0.638114
vt 0.201078 0.575726
vt 0.184511 0.577434
vt 0.165416 0.579389
vt 0.157506 0.605476
vt 0.174686 0.608624
vt 0.144708 0.626613
vt 0.159898 0.636964
vt 0.189219 0.647779
vt 0.145629 0.579184
vt 0.139566 0.600558
vt 0.131400 0.619026
vt 0.127662 0.645693
vt 0.135161 0.659861
vt 0.117642 0.634413
vt 0.135554 0.682421
vt 0.155089 0.684578
vt 0.178295 0.688790
vt 0.673700 0.730506
vt 0.673549 0.721832
vt 0.650253 0.712703
vt 0.647420 0.727634
vt 0.647226 0.740237
vt 0.673941 0.744247
vt 0.673371 0.711637
vt 0.656258 0.699783
vt 0.580623 0.685599
vt 0.605435 0.672782
vt 0.626834 0.666375
vt 0.541044 0.691158
vt 0.628305 0.696887
vt 0.617764 0.713996
vt 0.638662 0.685255
vt 0.619106 0.734320
vt 0.584701 0.728219
vt 0.544175 0.728171
vt 0.124317 0.576456
vt 0.102775 0.571126
vt 0.121107 0.594563
vt 0.115837 0.611114
vt 0.105783 0.624998
vt 0.677274 0.700211
vt 0.664546 0.689115
vt 0.219660 0.658046
vt 0.100303 0.587817
vt 0.095952 0.602458
vt 0.089810 0.614188
vt 0.655606 0.676050
vt 0.648484 0.659734
vt 0.679612 0.676254
vt 0.673455 0.665525
vt 0.667192 0.651629
vt 0.688524 0.686473
vt 0.470513 0.655851
vt 0.451469 0.658967
vt 0.502544 0.692742
vt 0.502515 0.728270
vt 0.472185 0.694444
vt 0.470008 0.728472
vt 0.449394 0.696662
vt 0.427068 0.661962
vt 0.427719 0.699284
vt 0.404477 0.665009
vt 0.404737 0.700001
vt 0.445412 0.730805
vt 0.377465 0.667176
vt 0.340486 0.665330
vt 0.299873 0.656609
vt 0.263352 0.642805
vt 0.375434 0.698028
vt 0.295597 0.679998
vt 0.206988 0.696286
vt 0.290501 0.718823
vt 0.374784 0.732197
vt 0.405598 0.733733
vt 0.428305 0.732910
vt 0.154429 0.719402
vt 0.154756 0.702167
vt 0.135846 0.699204
vt 0.136133 0.715648
vt 0.176241 0.707198
vt 0.174229 0.725235
vt 0.674420 0.771728
vt 0.674183 0.758127
vt 0.648515 0.753182
vt 0.649779 0.765867
vt 0.153667 0.742747
vt 0.136548 0.739409
vt 0.136894 0.759243
vt 0.154179 0.760831
vt 0.652033 0.790443
vt 0.674788 0.792800
vt 0.653106 0.810818
vt 0.675107 0.811106
vt 0.428570 0.748082
vt 0.406263 0.749226
vt 0.406915 0.764406
vt 0.428830 0.762948
vt 0.442359 0.746905
vt 0.439368 0.762680
vt 0.373617 0.765007
vt 0.374195 0.748769
vt 0.412481 0.787586
vt 0.429212 0.784884
vt 0.389521 0.780410
vt 0.399265 0.792467
vt 0.414505 0.804932
vt 0.429530 0.803116
vt 0.402318 0.806459
vt 0.440960 0.784296
vt 0.443932 0.803274
vt 0.467723 0.761237
vt 0.468854 0.745021
vt 0.467286 0.785086
vt 0.465644 0.806288
vt 0.170451 0.746451
vt 0.373806 0.774661
vt 0.201621 0.714988
vt 0.196363 0.733313
vt 0.223571 0.722210
vt 0.215070 0.740161
vt 0.236524 0.746842
vt 0.240970 0.727598
vt 0.257565 0.752786
vt 0.257473 0.732309
vt 0.287834 0.739603
vt 0.321071 0.744823
vt 0.314390 0.763408
vt 0.341878 0.746294
vt 0.315474 0.780335
vt 0.203318 0.764321
vt 0.191747 0.749672
vt 0.619800 0.747995
vt 0.620480 0.761395
vt 0.501872 0.761298
vt 0.502190 0.744952
vt 0.543731 0.761037
vt 0.543951 0.744771
vt 0.584974 0.760276
vt 0.584839 0.744411
vt 0.413281 0.818466
vt 0.390303 0.819585
vt 0.396301 0.836500
vt 0.414090 0.835560
vt 0.371920 0.825274
vt 0.379843 0.838996
vt 0.371287 0.813057
vt 0.366090 0.820474
vt 0.397884 0.807308
vt 0.388546 0.815428
vt 0.374012 0.808960
vt 0.396575 0.852104
vt 0.414366 0.851435
vt 0.380110 0.854352
vt 0.430093 0.835374
vt 0.429795 0.818208
vt 0.430379 0.851776
vt 0.364552 0.843795
vt 0.364682 0.851179
vt 0.362916 0.842831
vt 0.364861 0.861563
vt 0.444196 0.818368
vt 0.444499 0.835673
vt 0.444784 0.852075
vt 0.460650 0.840097
vt 0.460380 0.824628
vt 0.460929 0.856077
vt 0.476628 0.832308
vt 0.476882 0.846995
vt 0.483402 0.826672
vt 0.476983 0.860452
vt 0.485425 0.853876
vt 0.485088 0.847341
vt 0.485946 0.862490
vt 0.485221 0.846289
vt 0.396866 0.868876
vt 0.414656 0.867858
vt 0.380395 0.870615
vt 0.430661 0.867884
vt 0.445065 0.868126
vt 0.461181 0.870409
vt 0.477346 0.873547
vt 0.486061 0.874456
vt 0.365069 0.873440
vt 0.486021 0.888091
vt 0.477661 0.887400
vt 0.365343 0.889021
vt 0.380711 0.888753
vt 0.461476 0.887343
vt 0.477835 0.901542
vt 0.486660 0.900779
vt 0.461722 0.901505
vt 0.365594 0.903462
vt 0.380957 0.902845
vt 0.397210 0.888464
vt 0.397455 0.902553
vt 0.415009 0.888154
vt 0.431011 0.887874
vt 0.445407 0.887622
vt 0.415254 0.902221
vt 0.431261 0.902297
vt 0.445639 0.901067
vt 0.381219 0.917540
vt 0.397716 0.917251
vt 0.415515 0.916941
vt 0.365844 0.917808
vt 0.478087 0.915849
vt 0.487211 0.914396
vt 0.461982 0.916129
vt 0.445911 0.916410
vt 0.431516 0.916660
vt 0.484033 0.933306
vt 0.438832 0.935012
vt 0.418496 0.935886
vt 0.366137 0.934691
vt 0.477371 0.937566
vt 0.470823 0.941753
vt 0.447889 0.939237
vt 0.386933 0.944652
vt 0.376625 0.939714
vt 0.409625 0.940808
vt 0.455319 0.942702
vt 0.911578 0.796456
vt 0.871423 0.823240
vt 0.894100 0.867534
vt 0.912625 0.862536
vt 0.937397 0.868284
vt 0.958518 0.825942
vt 0.394639 0.794618
vt 0.849438 0.869935
vt 0.869260 0.885571
vt 0.365884 0.797607
vt 0.960117 0.884592
vt 0.975499 0.871235
vt 0.385790 0.785128
vt 0.841916 0.913691
vt 0.851040 0.916218
vt 0.363879 0.785877
vt 0.984809 0.915402
vt 0.977633 0.914387
vt 0.373729 0.780235
vt 0.978000 0.958546
vt 0.972731 0.954395
vt 0.849220 0.957059
vt 0.852613 0.951696
vt 0.931310 0.880484
vt 0.951013 0.895056
vt 0.914206 0.877137
vt 0.963995 0.915726
vt 0.898513 0.880038
vt 0.878534 0.894444
vt 0.864026 0.919016
vt 0.964340 0.943467
vt 0.863693 0.943993
vt 0.918447 0.913862
vt 0.916891 0.917039
vt 0.917423 0.910459
vt 0.917203 0.920645
vt 0.911174 0.919256
vt 0.909277 0.915942
vt 0.909249 0.911131
vt 0.912011 0.908920
vt 0.914651 0.908634
vt 0.361680 0.842608
vt 0.499976 0.786460
vt 0.542743 0.785739
vt 0.315919 0.787062
vt 0.326643 0.792036
vt 0.304927 0.790553
vt 0.704018 0.815868
vt 0.707365 0.811120
vt 0.700680 0.779658
vt 0.693304 0.780566
vt 0.829086 0.763877
vt 0.822119 0.766527
vt 0.821482 0.802899
vt 0.826019 0.806306
vt 0.334318 0.802850
vt 0.700288 0.734488
vt 0.715716 0.747551
vt 0.331808 0.815085
vt 0.337790 0.818175
vt 0.718920 0.687022
vt 0.732241 0.729597
vt 0.347585 0.822913
vt 0.322863 0.829154
vt 0.320877 0.821563
vt 0.343392 0.831779
vt 0.755585 0.654857
vt 0.758739 0.718036
vt 0.309196 0.813957
vt 0.304562 0.817864
vt 0.787044 0.723890
vt 0.797695 0.675660
vt 0.299001 0.820753
vt 0.306403 0.830212
vt 0.309026 0.844981
vt 0.325345 0.844263
vt 0.342596 0.846481
vt 0.302618 0.801644
vt 0.808043 0.739387
vt 0.820170 0.719796
vt 0.261232 0.788763
vt 0.265741 0.800335
vt 0.260380 0.814127
vt 0.267808 0.817103
vt 0.710413 0.879152
vt 0.699177 0.920377
vt 0.705596 0.920058
vt 0.721120 0.891540
vt 0.729722 0.822774
vt 0.743756 0.871250
vt 0.277631 0.821503
vt 0.253515 0.773182
vt 0.251892 0.781596
vt 0.707222 0.955289
vt 0.710626 0.950546
vt 0.248942 0.817921
vt 0.247947 0.823434
vt 0.767050 0.795397
vt 0.769787 0.864962
vt 0.270410 0.829380
vt 0.233047 0.807951
vt 0.239377 0.806651
vt 0.223761 0.809044
vt 0.228010 0.821920
vt 0.244962 0.842360
vt 0.265042 0.845281
vt 0.226518 0.841385
vt 0.795492 0.872365
vt 0.810494 0.822463
vt 0.237121 0.791316
vt 0.819307 0.893601
vt 0.827078 0.875950
vt 0.232548 0.773308
vt 0.242914 0.780976
vt 0.832034 0.925077
vt 0.835431 0.924081
vt 0.822749 0.952457
vt 0.827620 0.955008
vt 0.196847 0.766619
vt 0.199144 0.780010
vt 0.199163 0.794946
vt 0.194405 0.789693
vt 0.852808 0.724365
vt 0.841774 0.768855
vt 0.847374 0.769074
vt 0.866056 0.739347
vt 0.867995 0.682199
vt 0.885948 0.722876
vt 0.188826 0.755743
vt 0.847266 0.808098
vt 0.851908 0.804720
vt 0.179662 0.795347
vt 0.181614 0.789183
vt 0.910020 0.656454
vt 0.911925 0.717251
vt 0.207263 0.802965
vt 0.201167 0.808689
vt 0.165817 0.777900
vt 0.172668 0.777198
vt 0.171895 0.814833
vt 0.191080 0.822952
vt 0.153098 0.809173
vt 0.934978 0.726634
vt 0.954317 0.679911
vt 0.170900 0.762280
vt 0.163942 0.762501
vt 0.955720 0.742550
vt 0.975474 0.728110
vt 0.177026 0.751735
vt 0.970802 0.776336
vt 0.979476 0.777318
vt 0.962266 0.817318
vt 0.959992 0.812280
vt 0.309459 0.869763
vt 0.325782 0.869249
vt 0.343012 0.870295
vt 0.290531 0.848347
vt 0.290639 0.854478
vt 0.290953 0.872486
vt 0.289000 0.845129
vt 0.360234 0.846667
vt 0.360353 0.853444
vt 0.360181 0.843673
vt 0.360661 0.871154
vt 0.287321 0.844686
vt 0.283863 0.845283
vt 0.281631 0.849920
vt 0.207391 0.833524
vt 0.207333 0.830265
vt 0.206973 0.828898
vt 0.207468 0.837981
vt 0.205899 0.833102
vt 0.245335 0.863744
vt 0.265388 0.865121
vt 0.226893 0.862871
vt 0.281775 0.858295
vt 0.282031 0.872934
vt 0.207674 0.849828
vt 0.207978 0.867189
vt 0.205172 0.840478
vt 0.172232 0.834215
vt 0.191353 0.838644
vt 0.205726 0.854096
vt 0.153484 0.831363
vt 0.137693 0.804959
vt 0.138092 0.827852
vt 0.326155 0.890966
vt 0.343359 0.890666
vt 0.309832 0.891250
vt 0.360996 0.890357
vt 0.291288 0.891573
vt 0.310160 0.909860
vt 0.326475 0.909049
vt 0.291631 0.911305
vt 0.343683 0.908799
vt 0.361320 0.908933
vt 0.310477 0.928089
vt 0.326805 0.927948
vt 0.344023 0.928194
vt 0.291965 0.930480
vt 0.361664 0.928690
vt 0.310816 0.947495
vt 0.327142 0.947210
vt 0.292268 0.947819
vt 0.344352 0.946910
vt 0.361977 0.946601
vt 0.362364 0.968775
vt 0.292662 0.970364
vt 0.305033 0.976580
vt 0.318201 0.983197
vt 0.340262 0.981939
vt 0.350531 0.975823
vt 0.245751 0.887493
vt 0.227297 0.887816
vt 0.265697 0.887146
vt 0.208345 0.888146
vt 0.227662 0.906984
vt 0.246103 0.907641
vt 0.208707 0.908991
vt 0.266137 0.908038
vt 0.282275 0.886856
vt 0.282665 0.909190
vt 0.246470 0.928670
vt 0.228038 0.928423
vt 0.266499 0.928818
vt 0.209075 0.930064
vt 0.283055 0.931587
vt 0.228407 0.949559
vt 0.246827 0.949239
vt 0.266850 0.948888
vt 0.209422 0.949890
vt 0.283393 0.950937
vt 0.209835 0.973565
vt 0.283763 0.972193
vt 0.222791 0.980249
vt 0.259713 0.986316
vt 0.271826 0.979203
vt 0.235572 0.986842
vt 0.172568 0.853402
vt 0.191743 0.857695
vt 0.153843 0.851886
vt 0.206662 0.865718
vt 0.191952 0.872747
vt 0.172913 0.873079
vt 0.206558 0.877878
vt 0.154220 0.873405
vt 0.138481 0.850060
vt 0.138892 0.873673
vt 0.173221 0.890807
vt 0.192277 0.891454
vt 0.154511 0.890117
vt 0.207552 0.893524
vt 0.139196 0.890967
vt 0.154827 0.908230
vt 0.173520 0.907941
vt 0.139534 0.910472
vt 0.192586 0.909199
vt 0.207453 0.911662
vt 0.207799 0.931574
vt 0.139904 0.931666
vt 0.185677 0.943915
vt 0.195787 0.938275
vt 0.163221 0.944524
vt 0.152693 0.938719
vt 0.082178 0.566125
vt 0.079389 0.581782
vt 0.082535 0.549694
vt 0.076380 0.594171
vt 0.062410 0.561075
vt 0.059525 0.575890
vt 0.055242 0.587407
vt 0.063719 0.545005
vt 0.081422 0.534105
vt 0.063580 0.531145
vt 0.043008 0.542531
vt 0.041962 0.555860
vt 0.041897 0.528053
vt 0.039077 0.569313
vt 0.036761 0.580238
vt 0.024489 0.552018
vt 0.011016 0.549091
vt 0.080583 0.520060
vt 0.677865 0.616908
vt 0.672407 0.604649
vt 0.062596 0.518663
vt 0.693930 0.605606
vt 0.688258 0.595880
vt 0.040225 0.519397
vt 0.712416 0.595338
vt 0.708821 0.586016
vt 0.019134 0.523408
vt 0.729855 0.580333
vt 0.013764 0.527948
vt 0.736906 0.581187
vt 0.072674 0.607563
vt 0.701242 0.673397
vt 0.695904 0.664877
vt 0.052170 0.597519
vt 0.720288 0.659602
vt 0.714298 0.651837
vt 0.033279 0.590465
vt 0.730950 0.638053
vt 0.736357 0.645725
vt 0.012450 0.578078
vt 0.752847 0.626540
vt 0.002121 0.564127
vt 0.007910 0.571946
vt 0.755767 0.619094
vt 0.759489 0.609601
vt 0.001714 0.547741
vt 0.008447 0.532444
vt 0.756517 0.593060
vt 0.749504 0.597876
vt 0.743888 0.582032
vt 0.681615 0.628203
vt 0.685346 0.642129
vt 0.690221 0.654665
vt 0.697593 0.616741
vt 0.702348 0.630111
vt 0.708477 0.642729
vt 0.720869 0.616790
vt 0.716664 0.605381
vt 0.726076 0.628777
vt 0.739241 0.603732
vt 0.584632 0.786497
vt 0.622240 0.788310
vt 0.625859 0.812669
vt 0.490480 0.824280
vt 0.607862 0.832603
vt 0.613064 0.833076
vt 0.555205 0.838158
vt 0.578695 0.837000
vt 0.601074 0.839511
vt 0.675805 0.851177
vt 0.675427 0.829368
vt 0.658399 0.829764
vt 0.659448 0.849688
vt 0.659851 0.872605
vt 0.676173 0.872207
vt 0.637097 0.832478
vt 0.641176 0.852621
vt 0.641556 0.874323
vt 0.622550 0.838298
vt 0.622876 0.856899
vt 0.623221 0.876815
vt 0.611258 0.856974
vt 0.611495 0.870691
vt 0.611865 0.883940
vt 0.610766 0.853715
vt 0.560299 0.851559
vt 0.578940 0.850948
vt 0.548015 0.853966
vt 0.547992 0.857750
vt 0.547846 0.860633
vt 0.541628 0.842609
vt 0.547321 0.854868
vt 0.517116 0.848222
vt 0.537160 0.852472
vt 0.546968 0.861378
vt 0.498189 0.833931
vt 0.500257 0.847393
vt 0.485653 0.846976
vt 0.500810 0.862236
vt 0.517341 0.861055
vt 0.486795 0.861522
vt 0.486867 0.871965
vt 0.501206 0.884932
vt 0.517754 0.884736
vt 0.487057 0.888492
vt 0.534174 0.863688
vt 0.534558 0.885747
vt 0.546725 0.869607
vt 0.545967 0.887531
vt 0.560588 0.868119
vt 0.579217 0.866788
vt 0.547876 0.871228
vt 0.596962 0.853199
vt 0.597209 0.867354
vt 0.609515 0.872076
vt 0.609640 0.863021
vt 0.609640 0.855840
vt 0.501586 0.906778
vt 0.518133 0.906486
vt 0.488104 0.907104
vt 0.534915 0.906196
vt 0.545579 0.903656
vt 0.560885 0.885113
vt 0.579520 0.884172
vt 0.547363 0.886160
vt 0.597501 0.884103
vt 0.609388 0.885889
vt 0.623552 0.895719
vt 0.641922 0.895400
vt 0.612258 0.896476
vt 0.660239 0.895079
vt 0.676589 0.894793
vt 0.518447 0.924448
vt 0.501883 0.923727
vt 0.486867 0.924426
vt 0.535241 0.924893
vt 0.545739 0.924829
vt 0.502215 0.942753
vt 0.518775 0.943260
vt 0.535564 0.943343
vt 0.485682 0.942906
vt 0.546338 0.942301
vt 0.502534 0.961008
vt 0.519080 0.960721
vt 0.535861 0.960427
vt 0.546788 0.960373
vt 0.546876 0.980862
vt 0.486005 0.961298
vt 0.486372 0.982444
vt 0.497678 0.989539
vt 0.529100 0.996016
vt 0.538265 0.988202
vt 0.561189 0.902866
vt 0.579832 0.902539
vt 0.597805 0.902227
vt 0.546916 0.903917
vt 0.561529 0.922041
vt 0.580156 0.920539
vt 0.546440 0.921806
vt 0.598144 0.921051
vt 0.609683 0.902845
vt 0.610241 0.921181
vt 0.598537 0.943527
vt 0.580546 0.942925
vt 0.561907 0.943698
vt 0.611576 0.943219
vt 0.546827 0.943990
vt 0.580892 0.962834
vt 0.562247 0.963159
vt 0.547166 0.963425
vt 0.598870 0.962520
vt 0.612518 0.962248
vt 0.612833 0.985285
vt 0.547560 0.986057
vt 0.559021 0.992552
vt 0.570651 0.999142
vt 0.603346 0.992305
vt 0.623864 0.913579
vt 0.642227 0.912829
vt 0.660534 0.911993
vt 0.612583 0.915119
vt 0.676861 0.911626
vt 0.642567 0.932335
vt 0.660883 0.931956
vt 0.624201 0.932936
vt 0.677187 0.930320
vt 0.613246 0.933585
vt 0.624528 0.951681
vt 0.642899 0.951360
vt 0.613751 0.952565
vt 0.661215 0.951042
vt 0.677546 0.950757
vt 0.616330 0.973846
vt 0.677917 0.971970
vt 0.665467 0.979818
vt 0.655218 0.986278
vt 0.632748 0.987126
vt 0.625245 0.981057
vt 0.610150 0.855212
vt 0.741766 0.743645
vt 0.759876 0.732431
vt 0.781264 0.736344
vt 0.725891 0.754870
vt 0.710681 0.779769
vt 0.798652 0.748756
vt 0.812689 0.770700
vt 0.766761 0.764210
vt 0.767891 0.767902
vt 0.765850 0.772078
vt 0.763151 0.762117
vt 0.759963 0.764104
vt 0.758469 0.767859
vt 0.759581 0.772539
vt 0.712102 0.804206
vt 0.761630 0.773385
vt 0.814843 0.797900
vt 0.749607 0.885776
vt 0.768352 0.880012
vt 0.727051 0.902443
vt 0.789057 0.884065
vt 0.808284 0.898401
vt 0.822792 0.924900
vt 0.817309 0.948343
vt 0.714763 0.944864
vt 0.715637 0.922721
vt 0.762976 0.912509
vt 0.764307 0.910146
vt 0.763754 0.916916
vt 0.766791 0.909427
vt 0.770535 0.909967
vt 0.771933 0.913841
vt 0.772118 0.918014
vt 0.766840 0.919944
vt 0.767691 0.914203
vt 0.891854 0.736019
vt 0.909687 0.731570
vt 0.876013 0.747411
vt 0.927413 0.737723
vt 0.943984 0.751016
vt 0.957691 0.775547
vt 0.955290 0.804731
vt 0.858482 0.798457
vt 0.858466 0.771103
vt 0.902992 0.772012
vt 0.903111 0.766909
vt 0.904252 0.762793
vt 0.402348 0.944846
vt 0.507490 0.995697
vt 0.593987 0.999231
vt 0.486141 0.852747
vt 0.826785 0.478357
vt 0.826785 0.449354
vt 0.826785 0.410232
vt 0.826785 0.363796
vt 0.826785 0.318625
vt 0.826785 0.275743
vt 0.826785 0.231285
vt 0.826786 0.185999
vt 0.826785 0.142793
vt 0.826785 0.096870
vt 0.822493 0.047708
vt 0.826785 0.047708
s 1
usemtl hands
f 5/1/1 6/2/2 7/3/3
f 8/4/4 9/5/5 10/6/6
f 11/7/7 12/8/8 13/9/9
f 14/10/10 15/11/11 16/12/12
f 17/13/13 18/14/14 19/15/15
f 20/16/16 21/17/17 22/18/18
f 18/14/14 17/13/13 23/19/19
f 24/20/20 18/14/14 23/19/19
f 25/21/21 26/22/22 27/23/23
f 16/12/12 28/24/24 14/10/10
f 29/25/25 30/26/26 31/27/27
f 32/28/28 30/26/26 29/25/25
f 33/29/29 34/30/30 35/31/31
f 36/32/32 37/33/33 38/34/34
f 39/35/35 40/36/36 41/37/37
f 42/38/38 43/39/39 44/40/40
f 45/41/41 46/42/42 47/43/43
f 48/44/44 49/45/45 50/46/46
f 51/47/47 52/48/48 53/49/49
f 54/50/50 55/51/51 56/52/52
f 57/53/53 58/54/54 59/55/55
f 60/56/56 61/57/57 62/58/58
f 63/59/59 64/60/60 65/61/61
f 66/62/62 67/63/63 68/64/64
f 69/65/65 70/66/66 71/67/67
f 71/67/67 72/68/68 73/69/69
f 74/70/70 75/71/71 76/72/72
f 77/73/73 78/74/74 79/75/75
f 80/76/76 81/77/77 82/78/78
f 83/79/79 84/80/80 85/81/81
f 86/82/82 87/83/83 88/84/84
f 89/85/85 90/86/86 91/87/87
f 90/86/86 92/88/88 93/89/89
f 90/86/86 93/89/89 91/87/87
f 94/90/90 95/91/91 9/5/5
f 94/90/90 9/5/5 8/4/4
f 96/92/92 8/4/4 10/6/6
f 96/92/92 10/6/6 97/93/93
f 40/36/36 98/94/94 99/95/95
f 40/36/36 99/95/95 41/37/37
f 41/37/37 100/96/96 101/97/97
f 41/37/37 101/97/97 39/35/35
f 44/40/40 102/98/98 103/99/99
f 44/40/40 103/99/99 42/38/38
f 104/100/100 44/40/40 43/39/39
f 104/100/100 43/39/39 105/101/101
f 62/58/58 106/102/102 107/103/103
f 62/58/58 107/103/103 60/56/56
f 108/104/104 62/58/58 61/57/57
f 108/104/104 61/57/57 109/105/105
f 63/59/59 110/106/106 111/107/107
f 63/59/59 111/107/107 64/60/60
f 112/108/108 63/59/59 65/61/61
f 112/108/108 65/61/61 113/109/109
f 67/63/63 114/110/110 115/111/111
f 67/63/63 115/111/111 68/64/64
f 68/64/64 116/112/112 117/113/113
f 68/64/64 117/113/113 66/62/62
f 118/114/114 119/115/115 120/116/116
f 118/114/114 120/116/116 121/117/117
f 122/118/118 123/119/119 124/120/120
f 122/118/118 124/120/120 125/121/121
f 126/122/122 127/123/123 128/124/124
f 126/122/122 128/124/124 129/125/125
f 130/126/126 131/127/127 132/128/128
f 130/126/126 132/128/128 133/129/129
f 76/72/72 75/71/71 134/130/130
f 76/72/72 134/130/130 135/131/131
f 74/70/70 136/132/132 137/133/133
f 74/70/70 137/133/133 75/71/71
f 77/73/73 138/134/134 139/135/135
f 77/73/73 139/135/135 78/74/74
f 140/136/136 77/73/73 79/75/75
f 140/136/136 79/75/75 141/137/137
f 82/78/78 142/138/138 143/139/139
f 82/78/78 143/139/139 80/76/76
f 81/77/77 80/76/76 144/140/140
f 81/77/77 144/140/140 145/141/141
f 146/142/142 150/143/143 151/144/144
f 157/145/145 7/3/3 158/146/146
f 157/145/145 159/147/147 5/1/1
f 157/145/145 5/1/1 7/3/3
f 161/148/148 163/149/149 164/150/150
f 161/148/148 164/150/150 162/151/151
f 160/152/152 165/153/153 1/154/154
f 160/152/152 1/154/154 2/155/155
f 1/154/154 165/153/153 166/156/156
f 163/149/149 167/157/157 168/158/158
f 163/149/149 168/158/158 164/150/150
f 148/159/159 166/156/156 169/160/160
f 167/157/157 170/161/161 171/162/162
f 167/157/157 171/162/162 168/158/158
f 148/159/159 169/160/160 172/163/163
f 148/159/159 172/163/163 149/164/164
f 173/165/165 171/162/162 170/161/161
f 173/165/165 170/161/161 174/166/166
f 149/164/164 172/163/163 175/167/167
f 149/164/164 175/167/167 150/143/143
f 174/166/166 176/168/168 177/169/169
f 174/166/166 177/169/169 173/165/165
f 151/144/144 150/143/143 175/167/167
f 151/144/144 175/167/167 178/170/170
f 179/171/171 177/169/169 176/168/168
f 179/171/171 176/168/168 180/172/172
f 151/144/144 178/170/170 181/173/173
f 151/144/144 181/173/173 152/174/174
f 180/172/172 182/175/175 183/176/176
f 180/172/172 183/176/176 179/171/171
f 153/177/177 152/174/174 181/173/173
f 153/177/177 181/173/173 184/178/178
f 182/175/175 185/179/179 186/180/180
f 182/175/175 186/180/180 183/176/176
f 153/177/177 184/178/178 187/181/181
f 185/179/179 188/182/182 189/183/183
f 185/179/179 189/183/183 186/180/180
f 191/184/184 189/183/183 188/182/182
f 191/184/184 188/182/182 192/185/185
f 193/186/186 191/184/184 192/185/185
f 193/186/186 192/185/185 194/187/187
f 163/149/149 161/148/148 196/188/188
f 163/149/149 196/188/188 197/189/189
f 197/189/189 198/190/190 167/157/157
f 197/189/189 167/157/157 163/149/149
f 198/190/190 199/191/191 170/161/161
f 198/190/190 170/161/161 167/157/157
f 199/191/191 200/192/192 174/166/166
f 199/191/191 174/166/166 170/161/161
f 176/168/168 174/166/166 200/192/192
f 176/168/168 200/192/192 201/193/193
f 201/193/193 202/194/194 180/172/172
f 201/193/193 180/172/172 176/168/168
f 202/194/194 203/195/195 182/175/175
f 202/194/194 182/175/175 180/172/172
f 204/196/196 185/179/179 182/175/175
f 204/196/196 182/175/175 203/195/195
f 205/197/197 188/182/182 185/179/179
f 205/197/197 185/179/179 204/196/196
f 192/185/185 188/182/182 205/197/197
f 192/185/185 205/197/197 206/198/198
f 194/187/187 192/185/185 206/198/198
f 194/187/187 206/198/198 207/199/199
f 195/200/200 158/146/146 208/201/201
f 6/2/2 208/201/201 158/146/146
f 6/2/2 158/146/146 7/3/3
f 209/202/202 210/203/203 208/201/201
f 209/202/202 208/201/201 6/2/2
f 207/199/199 206/198/198 211/204/204
f 207/199/199 211/204/204 212/205/205
f 213/206/206 195/200/200 208/201/201
f 213/206/206 208/201/201 210/203/203
f 195/200/200 213/206/206 214/207/207
f 205/197/197 215/208/208 211/204/204
f 205/197/197 211/204/204 206/198/198
f 204/196/196 216/209/209 215/208/208
f 204/196/196 215/208/208 205/197/197
f 203/195/195 217/210/210 216/209/209
f 203/195/195 216/209/209 204/196/196
f 203/195/195 202/194/194 218/211/211
f 203/195/195 218/211/211 217/210/210
f 202/194/194 201/193/193 219/212/212
f 202/194/194 219/212/212 218/211/211
f 201/193/193 200/192/192 220/213/213
f 201/193/193 220/213/213 219/212/212
f 220/213/213 200/192/192 199/191/191
f 220/213/213 199/191/191 221/214/214
f 199/191/191 198/190/190 222/215/215
f 199/191/191 222/215/215 221/214/214
f 223/216/216 222/215/215 198/190/190
f 223/216/216 198/190/190 197/189/189
f 197/189/189 196/188/188 224/217/217
f 197/189/189 224/217/217 223/216/216
f 213/206/206 225/218/218 226/219/219
f 213/206/206 226/219/219 214/207/207
f 227/220/220 224/217/217 214/207/207
f 227/220/220 214/207/207 226/219/219
f 225/218/218 213/206/206 210/203/203
f 225/218/218 210/203/203 92/88/88
f 227/220/220 228/221/221 223/216/216
f 227/220/220 223/216/216 224/217/217
f 222/215/215 223/216/216 228/221/221
f 222/215/215 228/221/221 229/222/222
f 229/222/222 230/223/223 221/214/214
f 229/222/222 221/214/214 222/215/215
f 231/224/224 220/213/213 221/214/214
f 231/224/224 221/214/214 230/223/223
f 220/213/213 231/224/224 232/225/225
f 220/213/213 232/225/225 219/212/212
f 219/212/212 232/225/225 233/226/226
f 219/212/212 233/226/226 218/211/211
f 234/227/227 217/210/210 218/211/211
f 234/227/227 218/211/211 233/226/226
f 235/228/228 216/209/209 217/210/210
f 235/228/228 217/210/210 234/227/227
f 215/208/208 216/209/209 235/228/228
f 215/208/208 235/228/228 236/229/229
f 236/229/229 237/230/230 211/204/204
f 236/229/229 211/204/204 215/208/208
f 237/230/230 238/231/231 212/205/205
f 237/230/230 212/205/205 211/204/204
f 239/232/232 240/233/233 238/231/231
f 239/232/232 238/231/231 237/230/230
f 237/230/230 236/229/229 241/234/234
f 237/230/230 241/234/234 239/232/232
f 92/88/88 90/86/86 242/235/235
f 92/88/88 242/235/235 225/218/218
f 225/218/218 242/235/235 243/236/236
f 225/218/218 243/236/236 226/219/219
f 236/229/229 235/228/228 244/237/237
f 236/229/229 244/237/237 241/234/234
f 234/227/227 245/238/238 244/237/237
f 234/227/227 244/237/237 235/228/228
f 233/226/226 246/239/239 245/238/238
f 233/226/226 245/238/238 234/227/227
f 232/225/225 247/240/240 246/239/239
f 232/225/225 246/239/239 233/226/226
f 231/224/224 248/241/241 247/240/240
f 231/224/224 247/240/240 232/225/225
f 230/223/223 249/242/242 248/241/241
f 230/223/223 248/241/241 231/224/224
f 229/222/222 250/243/243 249/242/242
f 229/222/222 249/242/242 230/223/223
f 228/221/221 251/244/244 250/243/243
f 228/221/221 250/243/243 229/222/222
f 227/220/220 252/245/245 251/244/244
f 227/220/220 251/244/244 228/221/221
f 226/219/219 243/236/236 252/245/245
f 226/219/219 252/245/245 227/220/220
f 253/246/246 254/247/247 255/248/248
f 253/246/246 255/248/248 256/249/249
f 257/250/250 258/251/251 254/247/247
f 257/250/250 254/247/247 253/246/246
f 259/252/252 256/249/249 255/248/248
f 259/252/252 255/248/248 260/253/253
f 261/254/254 262/255/255 263/256/256
f 261/254/254 263/256/256 264/257/257
f 262/255/255 261/254/254 265/258/258
f 262/255/255 265/258/258 266/259/259
f 267/260/260 264/257/257 263/256/256
f 267/260/260 263/256/256 268/261/261
f 269/262/262 270/263/263 258/251/251
f 269/262/262 258/251/251 257/250/250
f 268/261/261 9/5/5 95/91/91
f 268/261/261 95/91/91 267/260/260
f 271/264/264 272/265/265 270/263/263
f 271/264/264 270/263/263 269/262/262
f 273/266/266 274/267/267 272/265/265
f 273/266/266 272/265/265 271/264/264
f 10/6/6 275/268/268 276/269/269
f 10/6/6 276/269/269 97/93/93
f 277/270/270 278/271/271 274/267/267
f 277/270/270 274/267/267 273/266/266
f 279/272/272 280/273/273 276/269/269
f 279/272/272 276/269/269 275/268/268
f 277/270/270 281/274/274 282/275/275
f 277/270/270 282/275/275 278/271/271
f 281/274/274 283/276/276 284/277/277
f 281/274/274 284/277/277 282/275/275
f 285/278/278 286/279/279 287/280/280
f 285/278/278 287/280/280 288/281/281
f 289/282/282 290/283/283 288/281/281
f 289/282/282 288/281/281 287/280/280
f 291/284/284 284/277/277 283/276/276
f 291/284/284 283/276/276 89/85/85
f 290/283/283 289/282/282 292/285/285
f 290/283/283 292/285/285 293/286/286
f 294/287/287 295/288/288 296/289/289
f 294/287/287 296/289/289 297/290/290
f 298/291/291 293/286/286 292/285/285
f 298/291/291 292/285/285 299/292/292
f 295/288/288 300/293/293 301/294/294
f 295/288/288 301/294/294 296/289/289
f 299/292/292 302/295/295 303/296/296
f 299/292/292 303/296/296 298/291/291
f 300/293/293 304/297/297 305/298/298
f 300/293/293 305/298/298 301/294/294
f 304/297/297 259/252/252 260/253/253
f 304/297/297 260/253/253 305/298/298
f 266/259/259 265/258/258 306/299/299
f 266/259/259 306/299/299 307/300/300
f 307/300/300 306/299/299 308/296/301
f 307/300/300 308/296/301 309/295/302
f 96/92/92 11/7/7 13/9/9
f 96/92/92 13/9/9 310/301/303
f 311/302/304 312/303/305 313/304/306
f 311/302/304 313/304/306 314/305/307
f 12/8/308 315/306/309 316/307/310
f 12/8/308 316/307/310 317/9/311
f 314/305/307 313/304/306 318/308/312
f 314/305/307 318/308/312 17/13/13
f 314/305/307 319/309/313 320/310/314
f 314/305/307 320/310/314 311/302/304
f 315/306/309 321/311/315 322/312/316
f 315/306/309 322/312/316 316/307/310
f 321/311/315 323/313/317 324/314/318
f 321/311/315 324/314/318 322/312/316
f 320/310/314 319/309/313 325/315/319
f 320/310/314 325/315/319 326/316/320
f 316/307/310 322/312/316 327/317/321
f 316/307/310 327/317/321 328/318/322
f 322/312/316 324/314/318 329/319/323
f 322/312/316 329/319/323 327/317/321
f 17/13/13 19/15/15 319/309/313
f 17/13/13 319/309/313 314/305/307
f 19/15/15 330/320/324 325/315/319
f 19/15/15 325/315/319 319/309/313
f 8/4/4 96/92/92 310/301/303
f 8/4/4 310/301/303 331/321/325
f 332/322/326 333/323/327 334/324/328
f 332/322/326 334/324/328 335/325/329
f 333/323/327 336/326/330 337/327/331
f 333/323/327 337/327/331 334/324/328
f 336/326/330 338/328/332 339/329/333
f 336/326/330 339/329/333 337/327/331
f 338/328/332 340/24/334 341/330/335
f 338/328/332 341/330/335 339/329/333
f 26/22/22 15/11/11 14/10/10
f 26/22/22 14/10/10 27/23/23
f 25/21/21 23/19/19 342/331/336
f 25/21/21 342/331/336 26/22/22
f 325/315/319 343/332/337 344/333/338
f 325/315/319 344/333/338 326/316/320
f 323/313/317 345/334/339 346/335/340
f 323/313/317 346/335/340 324/314/318
f 345/334/339 347/336/341 348/337/342
f 345/334/339 348/337/342 346/335/340
f 349/338/343 346/335/340 348/337/342
f 349/338/343 348/337/342 350/339/344
f 348/337/342 347/336/341 351/340/345
f 348/337/342 351/340/345 352/341/346
f 350/339/344 348/337/342 352/341/346
f 350/339/344 352/341/346 353/342/347
f 344/333/338 343/332/337 354/343/348
f 344/333/338 354/343/348 355/344/349
f 355/344/349 354/343/348 356/345/350
f 355/344/349 356/345/350 357/346/351
f 343/332/337 358/347/352 359/348/353
f 343/332/337 359/348/353 354/343/348
f 354/343/348 359/348/353 360/349/354
f 354/343/348 360/349/354 356/345/350
f 325/315/319 330/320/324 358/347/352
f 325/315/319 358/347/352 343/332/337
f 361/350/355 328/318/322 327/317/321
f 361/350/355 327/317/321 362/351/356
f 327/317/321 329/319/323 363/352/357
f 327/317/321 363/352/357 362/351/356
f 362/351/356 363/352/357 364/353/358
f 362/351/356 364/353/358 365/354/359
f 365/354/359 21/17/17 361/350/355
f 365/354/359 361/350/355 362/351/356
f 366/321/360 367/301/361 328/318/322
f 366/321/360 328/318/322 361/350/355
f 20/16/16 366/321/360 361/350/355
f 20/16/16 361/350/355 21/17/17
f 368/16/362 94/90/90 8/4/4
f 368/16/362 8/4/4 331/321/325
f 365/354/359 364/353/358 369/355/363
f 365/354/359 369/355/363 370/356/364
f 21/17/17 365/354/359 370/356/364
f 21/17/17 370/356/364 371/357/365
f 324/314/318 346/335/340 349/338/343
f 324/314/318 349/338/343 329/319/323
f 329/319/323 349/338/343 372/358/366
f 329/319/323 372/358/366 363/352/357
f 363/352/357 372/358/366 373/359/367
f 363/352/357 373/359/367 364/353/358
f 364/353/358 373/359/367 374/360/368
f 364/353/358 374/360/368 369/355/363
f 370/356/364 369/355/363 375/361/369
f 370/356/364 375/361/369 376/362/370
f 369/355/363 374/360/368 377/363/371
f 369/355/363 377/363/371 375/361/369
f 370/356/364 376/362/370 378/364/372
f 370/356/364 378/364/372 379/365/373
f 371/357/365 370/356/364 379/365/373
f 371/357/365 379/365/373 380/366/374
f 381/367/375 382/368/376 383/369/377
f 381/367/375 383/369/377 384/370/378
f 381/367/375 384/370/378 385/371/379
f 381/367/375 385/371/379 386/372/380
f 382/368/376 387/373/381 388/374/382
f 382/368/376 388/374/382 383/369/377
f 389/375/383 390/376/384 330/320/324
f 389/375/383 330/320/324 19/15/15
f 330/320/324 390/376/384 391/377/385
f 330/320/324 391/377/385 358/347/352
f 19/15/15 18/14/14 392/378/386
f 19/15/15 392/378/386 389/375/383
f 384/370/378 383/369/377 393/379/387
f 384/370/378 393/379/387 394/380/388
f 383/369/377 388/374/382 395/381/389
f 383/369/377 395/381/389 393/379/387
f 394/380/388 396/382/390 385/371/379
f 394/380/388 385/371/379 384/370/378
f 389/375/383 394/380/388 393/379/387
f 389/375/383 393/379/387 390/376/384
f 390/376/384 393/379/387 395/381/389
f 390/376/384 395/381/389 391/377/385
f 389/375/383 397/383/391 396/382/390
f 389/375/383 396/382/390 394/380/388
f 397/383/391 389/375/383 392/378/386
f 397/383/391 392/378/386 398/384/392
f 349/338/343 350/339/344 399/385/393
f 349/338/343 399/385/393 372/358/366
f 399/385/393 350/339/344 353/342/347
f 399/385/393 353/342/347 400/386/394
f 372/358/366 399/385/393 401/387/395
f 372/358/366 401/387/395 373/359/367
f 373/359/367 401/387/395 402/388/396
f 373/359/367 402/388/396 374/360/368
f 374/360/368 402/388/396 403/389/397
f 374/360/368 403/389/397 377/363/371
f 387/373/381 404/390/398 405/391/399
f 387/373/381 405/391/399 388/374/382
f 21/17/17 371/357/365 406/392/400
f 21/17/17 406/392/400 22/18/18
f 399/385/393 400/386/394 407/393/401
f 399/385/393 407/393/401 401/387/395
f 401/387/395 407/393/401 408/394/402
f 401/387/395 408/394/402 402/388/396
f 402/388/396 408/394/402 409/395/403
f 402/388/396 409/395/403 403/389/397
f 391/377/385 395/381/389 410/396/404
f 391/377/385 410/396/404 411/397/405
f 395/381/389 388/374/382 405/391/399
f 395/381/389 405/391/399 410/396/404
f 405/391/399 412/398/406 413/399/407
f 405/391/399 413/399/407 410/396/404
f 411/397/405 410/396/404 413/399/407
f 411/397/405 413/399/407 414/400/408
f 404/390/398 415/401/409 412/398/406
f 404/390/398 412/398/406 405/391/399
f 358/347/352 391/377/385 411/397/405
f 358/347/352 411/397/405 359/348/353
f 359/348/353 411/397/405 414/400/408
f 359/348/353 414/400/408 360/349/354
f 23/19/19 25/21/21 416/402/410
f 23/19/19 416/402/410 24/20/20
f 417/403/411 416/402/410 25/21/21
f 417/403/411 25/21/21 27/23/23
f 392/378/386 18/14/14 24/20/20
f 392/378/386 24/20/20 418/404/412
f 398/384/392 392/378/386 418/404/412
f 398/384/392 418/404/412 419/405/413
f 24/20/20 416/402/410 420/406/414
f 24/20/20 420/406/414 418/404/412
f 418/404/412 420/406/414 421/407/415
f 418/404/412 421/407/415 419/405/413
f 422/408/416 420/406/414 416/402/410
f 422/408/416 416/402/410 417/403/411
f 27/23/23 14/10/10 423/409/417
f 27/23/23 423/409/417 417/403/411
f 417/403/411 423/409/417 424/410/418
f 417/403/411 424/410/418 422/408/416
f 425/411/419 423/409/417 14/10/10
f 425/411/419 14/10/10 28/24/24
f 423/409/417 425/411/419 426/412/420
f 423/409/417 426/412/420 424/410/418
f 427/413/421 421/407/415 420/406/414
f 427/413/421 420/406/414 422/408/416
f 28/24/24 428/328/422 429/414/423
f 28/24/24 429/414/423 425/411/419
f 428/328/422 430/326/424 431/415/425
f 428/328/422 431/415/425 429/414/423
f 432/416/426 431/415/425 430/326/424
f 432/416/426 430/326/424 433/323/427
f 434/322/428 435/417/429 432/416/426
f 434/322/428 432/416/426 433/323/427
f 332/322/326 335/325/329 94/90/90
f 332/322/326 94/90/90 368/16/362
f 20/16/16 22/18/18 435/417/429
f 20/16/16 435/417/429 434/322/428
f 425/411/419 429/414/423 436/418/430
f 425/411/419 436/418/430 426/412/420
f 429/414/423 431/415/425 34/30/30
f 429/414/423 34/30/30 436/418/430
f 34/30/30 431/415/425 432/416/426
f 34/30/30 432/416/426 437/419/431
f 30/26/26 437/419/431 432/416/426
f 30/26/26 432/416/426 435/417/429
f 22/18/18 406/392/400 30/26/26
f 22/18/18 30/26/26 435/417/429
f 30/26/26 406/392/400 438/420/432
f 30/26/26 438/420/432 31/27/27
f 406/392/400 371/357/365 380/366/374
f 406/392/400 380/366/374 438/420/432
f 30/26/26 32/28/28 439/421/433
f 30/26/26 439/421/433 437/419/431
f 34/30/30 437/419/431 439/421/433
f 34/30/30 439/421/433 35/31/31
f 34/30/30 33/29/29 440/422/434
f 34/30/30 440/422/434 436/418/430
f 440/422/434 441/423/435 426/412/420
f 440/422/434 426/412/420 436/418/430
f 424/410/418 426/412/420 441/423/435
f 424/410/418 441/423/435 442/424/436
f 422/408/416 424/410/418 442/424/436
f 422/408/416 442/424/436 427/413/421
f 443/425/437 444/426/438 445/427/439
f 443/425/437 445/427/439 446/428/440
f 447/429/441 444/426/438 443/425/437
f 447/429/441 443/425/437 448/430/442
f 449/431/443 450/432/444 451/433/445
f 449/431/443 451/433/445 452/434/446
f 453/435/447 443/425/437 446/428/440
f 453/435/447 446/428/440 454/436/448
f 454/436/448 455/437/449 456/438/450
f 454/436/448 456/438/450 453/435/447
f 452/434/446 457/439/451 458/440/452
f 452/434/446 458/440/452 449/431/443
f 457/439/451 459/441/453 460/442/454
f 457/439/451 460/442/454 458/440/452
f 461/443/455 462/444/456 463/445/457
f 461/443/455 463/445/457 464/446/458
f 465/447/459 461/443/455 464/446/458
f 465/447/459 464/446/458 466/448/460
f 467/449/461 463/445/457 462/444/456
f 467/449/461 462/444/456 468/450/462
f 469/451/463 470/452/464 464/446/458
f 469/451/463 464/446/458 463/445/457
f 463/445/457 471/453/465 472/454/466
f 463/445/457 472/454/466 469/451/463
f 470/452/464 469/451/463 473/455/467
f 470/452/464 473/455/467 474/456/468
f 469/451/463 472/454/466 475/457/469
f 469/451/463 475/457/469 473/455/467
f 466/448/460 464/446/458 470/452/464
f 466/448/460 470/452/464 476/458/470
f 477/459/471 476/458/470 470/452/464
f 477/459/471 470/452/464 474/456/468
f 466/448/460 478/460/472 479/461/473
f 466/448/460 479/461/473 465/447/459
f 478/460/472 466/448/460 476/458/470
f 478/460/472 476/458/470 480/462/474
f 476/458/470 477/459/471 481/463/475
f 476/458/470 481/463/475 480/462/474
f 448/430/442 443/425/437 453/435/447
f 448/430/442 453/435/447 482/464/476
f 463/445/457 467/449/461 483/465/477
f 463/445/457 483/465/477 471/453/465
f 484/466/478 447/429/441 448/430/442
f 484/466/478 448/430/442 485/467/479
f 486/468/480 484/466/478 485/467/479
f 486/468/480 485/467/479 487/469/481
f 487/469/481 488/470/482 489/471/483
f 487/469/481 489/471/483 486/468/480
f 490/472/484 491/473/485 489/471/483
f 490/472/484 489/471/483 488/470/482
f 492/474/486 491/473/485 490/472/484
f 492/474/486 490/472/484 55/51/51
f 493/475/487 492/474/486 55/51/51
f 493/475/487 55/51/51 494/476/488
f 494/476/488 36/32/32 495/477/489
f 494/476/488 495/477/489 493/475/487
f 468/450/462 495/477/489 36/32/32
f 468/450/462 36/32/32 467/449/461
f 36/32/32 494/476/488 496/478/490
f 36/32/32 496/478/490 37/33/33
f 36/32/32 38/34/34 483/465/477
f 36/32/32 483/465/477 467/449/461
f 497/479/491 487/469/481 485/467/479
f 497/479/491 485/467/479 498/480/492
f 482/464/476 498/480/492 485/467/479
f 482/464/476 485/467/479 448/430/442
f 452/434/446 451/433/445 499/481/493
f 452/434/446 499/481/493 500/482/494
f 478/460/472 501/483/495 502/484/496
f 478/460/472 502/484/496 479/461/473
f 502/484/496 501/483/495 503/485/497
f 502/484/496 503/485/497 504/486/498
f 504/486/498 503/485/497 505/487/499
f 504/486/498 505/487/499 506/488/500
f 506/488/500 505/487/499 500/482/494
f 506/488/500 500/482/494 499/481/493
f 507/489/501 508/490/502 509/491/503
f 507/489/501 509/491/503 510/492/504
f 509/491/503 508/490/502 511/493/505
f 509/491/503 511/493/505 512/494/506
f 508/490/502 507/489/501 473/455/467
f 508/490/502 473/455/467 475/457/469
f 508/490/502 513/495/507 514/496/508
f 508/490/502 514/496/508 511/493/505
f 475/457/469 515/497/509 516/498/510
f 475/457/469 516/498/510 508/490/502
f 508/490/502 516/498/510 517/499/511
f 508/490/502 517/499/511 513/495/507
f 510/492/504 509/491/503 518/500/512
f 510/492/504 518/500/512 519/501/513
f 512/494/506 520/502/514 518/500/512
f 512/494/506 518/500/512 509/491/503
f 510/492/504 521/503/515 522/504/516
f 510/492/504 522/504/516 507/489/501
f 521/503/515 510/492/504 519/501/513
f 521/503/515 519/501/513 523/505/517
f 507/489/501 522/504/516 474/456/468
f 507/489/501 474/456/468 473/455/467
f 511/493/505 524/506/518 525/507/519
f 511/493/505 525/507/519 512/494/506
f 514/496/508 526/508/520 524/506/518
f 514/496/508 524/506/518 511/493/505
f 512/494/506 525/507/519 527/509/521
f 512/494/506 527/509/521 520/502/514
f 528/510/522 522/504/516 521/503/515
f 528/510/522 521/503/515 529/511/523
f 477/459/471 474/456/468 522/504/516
f 477/459/471 522/504/516 528/510/522
f 523/505/517 530/512/524 529/511/523
f 523/505/517 529/511/523 521/503/515
f 528/510/522 529/511/523 531/513/525
f 528/510/522 531/513/525 532/514/526
f 533/515/527 531/513/525 529/511/523
f 533/515/527 529/511/523 530/512/524
f 481/463/475 477/459/471 528/510/522
f 481/463/475 528/510/522 532/514/526
f 534/516/528 532/514/526 531/513/525
f 534/516/528 531/513/525 535/517/529
f 481/463/475 532/514/526 534/516/528
f 481/463/475 534/516/528 536/518/530
f 535/517/529 531/513/525 533/515/527
f 535/517/529 533/515/527 537/519/531
f 534/516/528 535/517/529 538/520/532
f 534/516/528 538/520/532 539/521/533
f 535/517/529 537/519/531 540/522/534
f 535/517/529 540/522/534 538/520/532
f 536/518/530 534/516/528 539/521/533
f 536/518/530 539/521/533 541/523/535
f 518/500/512 542/524/536 543/525/537
f 518/500/512 543/525/537 519/501/513
f 544/526/538 542/524/536 518/500/512
f 544/526/538 518/500/512 520/502/514
f 519/501/513 543/525/537 545/527/539
f 519/501/513 545/527/539 523/505/517
f 523/505/517 545/527/539 546/528/540
f 523/505/517 546/528/540 530/512/524
f 547/529/541 533/515/527 530/512/524
f 547/529/541 530/512/524 546/528/540
f 533/515/527 547/529/541 548/530/542
f 533/515/527 548/530/542 537/519/531
f 537/519/531 548/530/542 549/531/543
f 537/519/531 549/531/543 540/522/534
f 520/502/514 527/509/521 550/532/544
f 520/502/514 550/532/544 544/526/538
f 551/533/545 549/531/543 548/530/542
f 551/533/545 548/530/542 552/534/546
f 544/526/538 550/532/544 553/535/547
f 544/526/538 553/535/547 554/536/548
f 548/530/542 547/529/541 555/537/549
f 548/530/542 555/537/549 552/534/546
f 551/533/545 552/534/546 556/538/550
f 551/533/545 556/538/550 557/539/551
f 552/534/546 555/537/549 558/540/552
f 552/534/546 558/540/552 556/538/550
f 554/536/548 553/535/547 559/541/553
f 554/536/548 559/541/553 560/542/554
f 542/524/536 544/526/538 554/536/548
f 542/524/536 554/536/548 561/543/555
f 561/543/555 554/536/548 560/542/554
f 561/543/555 560/542/554 562/544/556
f 561/543/555 563/545/557 543/525/537
f 561/543/555 543/525/537 542/524/536
f 543/525/537 563/545/557 564/546/558
f 543/525/537 564/546/558 545/527/539
f 545/527/539 564/546/558 565/547/559
f 545/527/539 565/547/559 546/528/540
f 546/528/540 565/547/559 555/537/549
f 546/528/540 555/537/549 547/529/541
f 561/543/555 562/544/556 566/548/560
f 561/543/555 566/548/560 563/545/557
f 563/545/557 566/548/560 567/549/561
f 563/545/557 567/549/561 564/546/558
f 568/550/562 565/547/559 564/546/558
f 568/550/562 564/546/558 567/549/561
f 565/547/559 568/550/562 558/540/552
f 565/547/559 558/540/552 555/537/549
f 560/542/554 569/551/563 570/552/564
f 560/542/554 570/552/564 562/544/556
f 562/544/556 570/552/564 571/553/565
f 562/544/556 571/553/565 566/548/560
f 572/554/566 569/551/563 560/542/554
f 572/554/566 560/542/554 559/541/553
f 557/539/551 556/538/550 573/555/567
f 557/539/551 573/555/567 574/556/568
f 556/538/550 558/540/552 575/557/569
f 556/538/550 575/557/569 573/555/567
f 568/550/562 576/558/570 575/557/569
f 568/550/562 575/557/569 558/540/552
f 567/549/561 577/559/571 576/558/570
f 567/549/561 576/558/570 568/550/562
f 577/559/571 567/549/561 566/548/560
f 577/559/571 566/548/560 571/553/565
f 573/555/567 575/557/569 41/37/37
f 573/555/567 41/37/37 99/95/95
f 576/558/570 100/96/96 41/37/37
f 576/558/570 41/37/37 575/557/569
f 573/555/567 99/95/95 578/560/572
f 573/555/567 578/560/572 574/556/568
f 577/559/571 579/561/573 100/96/96
f 577/559/571 100/96/96 576/558/570
f 571/553/565 104/100/100 580/562/574
f 571/553/565 580/562/574 577/559/571
f 571/553/565 570/552/564 44/40/40
f 571/553/565 44/40/40 104/100/100
f 569/551/563 102/98/98 44/40/40
f 569/551/563 44/40/40 570/552/564
f 569/551/563 572/554/566 581/563/575
f 569/551/563 581/563/575 102/98/98
f 582/564/576 98/94/94 40/36/36
f 582/564/576 40/36/36 583/565/577
f 579/561/573 584/566/578 101/97/97
f 579/561/573 101/97/97 100/96/96
f 585/567/579 42/38/38 103/99/99
f 585/567/579 103/99/99 586/568/580
f 587/569/581 580/562/574 104/100/100
f 587/569/581 104/100/100 105/101/101
f 588/570/582 583/565/577 40/36/36
f 588/570/582 40/36/36 39/35/35
f 589/571/583 590/572/584 591/573/585
f 589/571/583 591/573/585 592/574/586
f 589/571/583 592/574/586 593/575/587
f 589/571/583 593/575/587 594/576/588
f 472/454/466 595/577/589 515/497/509
f 472/454/466 515/497/509 475/457/469
f 590/572/584 596/578/590 597/579/591
f 590/572/584 597/579/591 591/573/585
f 513/495/507 517/499/511 598/580/592
f 513/495/507 598/580/592 45/41/41
f 594/576/588 593/575/587 599/581/593
f 594/576/588 599/581/593 600/582/594
f 45/41/41 47/43/43 514/496/508
f 45/41/41 514/496/508 513/495/507
f 471/453/465 601/583/595 595/577/589
f 471/453/465 595/577/589 472/454/466
f 596/578/590 602/584/596 603/585/597
f 596/578/590 603/585/597 597/579/591
f 38/34/34 45/41/41 598/580/592
f 38/34/34 598/580/592 604/586/598
f 605/587/599 600/582/594 599/581/593
f 605/587/599 599/581/593 606/588/600
f 37/33/33 46/42/42 45/41/41
f 37/33/33 45/41/41 38/34/34
f 483/465/477 38/34/34 604/586/598
f 483/465/477 604/586/598 607/589/601
f 608/590/602 605/587/599 606/588/600
f 608/590/602 606/588/600 609/591/603
f 471/453/465 483/465/477 607/589/601
f 471/453/465 607/589/601 601/583/595
f 610/592/604 611/593/605 603/585/597
f 610/592/604 603/585/597 602/584/596
f 612/575/606 613/594/607 614/595/608
f 612/575/606 614/595/608 615/581/609
f 616/574/610 617/596/611 613/594/607
f 616/574/610 613/594/607 612/575/606
f 618/588/612 615/581/609 614/595/608
f 618/588/612 614/595/608 619/597/613
f 616/574/610 620/573/614 621/598/615
f 616/574/610 621/598/615 617/596/611
f 620/573/614 622/579/616 623/599/617
f 620/573/614 623/599/617 621/598/615
f 624/585/618 625/600/619 623/599/617
f 624/585/618 623/599/617 622/579/616
f 626/591/620 618/588/612 619/597/613
f 626/591/620 619/597/613 627/601/621
f 628/593/622 629/602/623 625/600/619
f 628/593/622 625/600/619 624/585/618
f 630/597/624 631/595/625 632/603/626
f 630/597/624 632/603/626 633/604/627
f 631/595/625 634/594/628 635/605/629
f 631/595/625 635/605/629 632/603/626
f 636/601/630 630/597/624 633/604/627
f 636/601/630 633/604/627 637/606/631
f 638/602/632 639/607/633 640/608/634
f 638/602/632 640/608/634 641/600/635
f 641/600/635 640/608/634 642/609/636
f 641/600/635 642/609/636 643/599/637
f 643/599/637 642/609/636 644/610/638
f 643/599/637 644/610/638 645/598/639
f 645/598/639 644/610/638 646/611/640
f 645/598/639 646/611/640 647/596/641
f 634/594/628 647/596/641 646/611/640
f 634/594/628 646/611/640 635/605/629
f 646/611/640 640/608/634 639/607/633
f 646/611/640 639/607/633 633/604/627
f 47/43/43 648/612/642 526/508/520
f 47/43/43 526/508/520 514/496/508
f 501/483/495 478/460/472 480/462/474
f 501/483/495 480/462/474 649/613/643
f 649/613/643 650/614/644 503/485/497
f 649/613/643 503/485/497 501/483/495
f 496/478/490 651/615/645 652/616/646
f 496/478/490 652/616/646 37/33/33
f 54/50/50 653/617/647 651/615/645
f 54/50/50 651/615/645 496/478/490
f 654/618/648 655/619/649 656/620/650
f 654/618/648 656/620/650 657/621/651
f 658/622/652 659/623/653 660/624/654
f 658/622/652 660/624/654 661/625/655
f 37/33/33 652/616/646 662/626/656
f 37/33/33 662/626/656 46/42/42
f 663/627/657 657/621/651 656/620/650
f 663/627/657 656/620/650 664/628/658
f 46/42/42 662/626/656 665/629/659
f 46/42/42 665/629/659 666/630/660
f 667/631/661 663/627/657 664/628/658
f 667/631/661 664/628/658 668/632/662
f 46/42/42 666/630/660 669/633/663
f 46/42/42 669/633/663 47/43/43
f 670/634/664 666/630/660 665/629/659
f 670/634/664 665/629/659 671/635/665
f 670/634/664 672/636/666 669/633/663
f 670/634/664 669/633/663 666/630/660
f 673/637/667 667/631/661 668/632/662
f 673/637/667 668/632/662 674/638/668
f 670/634/664 671/635/665 675/639/669
f 670/634/664 675/639/669 676/640/670
f 673/637/667 674/638/668 677/641/671
f 673/637/667 677/641/671 678/642/672
f 670/634/664 676/640/670 679/643/673
f 670/634/664 679/643/673 680/644/674
f 680/644/674 681/645/675 682/646/676
f 680/644/674 682/646/676 670/634/664
f 670/634/664 682/646/676 683/647/677
f 670/634/664 683/647/677 672/636/666
f 676/640/670 675/639/669 684/648/678
f 676/640/670 684/648/678 48/44/44
f 48/44/44 50/46/46 679/643/673
f 48/44/44 679/643/673 676/640/670
f 678/642/672 677/641/671 685/649/679
f 678/642/672 685/649/679 686/650/680
f 48/44/44 684/648/678 653/617/647
f 48/44/44 653/617/647 54/50/50
f 686/650/680 685/649/679 659/623/653
f 686/650/680 659/623/653 658/622/652
f 56/52/52 49/45/45 48/44/44
f 56/52/52 48/44/44 54/50/50
f 56/52/52 687/651/681 688/652/682
f 56/52/52 688/652/682 49/45/45
f 49/45/45 688/652/682 689/653/683
f 49/45/45 689/653/683 690/654/684
f 691/655/685 692/656/686 693/657/687
f 691/655/685 693/657/687 694/658/688
f 695/659/689 691/655/685 694/658/688
f 695/659/689 694/658/688 696/660/690
f 49/45/45 690/654/684 697/661/691
f 49/45/45 697/661/691 50/46/46
f 56/52/52 698/662/692 699/663/693
f 56/52/52 699/663/693 687/651/681
f 700/664/694 701/665/695 693/657/687
f 700/664/694 693/657/687 692/656/686
f 690/654/684 689/653/683 702/666/696
f 690/654/684 702/666/696 703/667/697
f 704/668/698 695/659/689 696/660/690
f 704/668/698 696/660/690 705/669/699
f 703/667/697 706/670/700 697/661/691
f 703/667/697 697/661/691 690/654/684
f 707/671/701 703/667/697 702/666/696
f 707/671/701 702/666/696 708/672/702
f 703/667/697 707/671/701 709/673/703
f 703/667/697 709/673/703 710/674/704
f 706/670/700 703/667/697 711/675/705
f 706/670/700 711/675/705 712/676/706
f 710/674/704 713/677/707 711/675/705
f 710/674/704 711/675/705 703/667/697
f 704/668/698 705/669/699 714/678/708
f 704/668/698 714/678/708 715/679/709
f 52/48/48 707/671/701 708/672/702
f 52/48/48 708/672/702 716/680/710
f 715/679/709 714/678/708 717/681/711
f 715/679/709 717/681/711 718/682/712
f 52/48/48 51/47/47 709/673/703
f 52/48/48 709/673/703 707/671/701
f 719/683/713 52/48/48 716/680/710
f 719/683/713 716/680/710 720/684/714
f 497/479/491 53/49/49 52/48/48
f 497/479/491 52/48/48 719/683/713
f 718/682/712 717/681/711 721/685/715
f 718/682/712 721/685/715 722/686/716
f 719/683/713 720/684/714 699/663/693
f 719/683/713 699/663/693 698/662/692
f 722/686/716 721/685/715 723/687/717
f 722/686/716 723/687/717 724/688/718
f 719/683/713 698/662/692 490/472/484
f 719/683/713 490/472/484 488/470/482
f 497/479/491 725/689/719 726/690/720
f 497/479/491 726/690/720 53/49/49
f 727/691/721 53/49/49 726/690/720
f 727/691/721 726/690/720 728/692/722
f 729/693/723 730/694/724 731/695/725
f 729/693/723 731/695/725 732/696/726
f 733/697/727 729/693/723 732/696/726
f 733/697/727 732/696/726 734/698/728
f 498/480/492 735/699/729 725/689/719
f 498/480/492 725/689/719 497/479/491
f 736/700/730 737/701/731 731/695/725
f 736/700/730 731/695/725 730/694/724
f 738/702/732 727/691/721 728/692/722
f 738/702/732 728/692/722 739/703/733
f 740/704/734 733/697/727 734/698/728
f 740/704/734 734/698/728 741/705/735
f 53/49/49 727/691/721 742/706/736
f 53/49/49 742/706/736 51/47/47
f 738/702/732 743/707/737 742/706/736
f 738/702/732 742/706/736 727/691/721
f 744/708/738 738/702/732 739/703/733
f 744/708/738 739/703/733 745/709/739
f 738/702/732 744/708/738 57/53/53
f 738/702/732 57/53/53 59/55/55
f 743/707/737 738/702/732 746/710/740
f 743/707/737 746/710/740 747/711/741
f 738/702/732 59/55/55 748/712/742
f 738/702/732 748/712/742 746/710/740
f 740/704/734 741/705/735 749/713/743
f 740/704/734 749/713/743 750/714/744
f 751/715/745 752/716/746 744/708/738
f 751/715/745 744/708/738 745/709/739
f 750/714/744 749/713/743 753/717/747
f 750/714/744 753/717/747 754/718/748
f 456/438/450 57/53/53 744/708/738
f 456/438/450 744/708/738 752/716/746
f 752/716/746 751/715/745 755/719/749
f 752/716/746 755/719/749 482/464/476
f 754/718/748 753/717/747 756/720/750
f 754/718/748 756/720/750 757/721/751
f 482/464/476 755/719/749 735/699/729
f 482/464/476 735/699/729 498/480/492
f 758/722/752 757/721/751 756/720/750
f 758/722/752 756/720/750 759/723/753
f 682/646/676 681/645/675 760/724/754
f 682/646/676 760/724/754 761/725/755
f 682/646/676 761/725/755 762/726/756
f 682/646/676 762/726/756 683/647/677
f 680/644/674 763/727/757 764/728/758
f 680/644/674 764/728/758 681/645/675
f 681/645/675 764/728/758 765/729/759
f 681/645/675 765/729/759 760/724/754
f 766/730/760 763/727/757 680/644/674
f 766/730/760 680/644/674 679/643/673
f 767/731/761 672/636/666 683/647/677
f 767/731/761 683/647/677 768/732/762
f 769/733/763 669/633/663 672/636/666
f 769/733/763 672/636/666 767/731/761
f 683/647/677 762/726/756 770/734/764
f 683/647/677 770/734/764 768/732/762
f 669/633/663 769/733/763 648/612/642
f 669/633/663 648/612/642 47/43/43
f 679/643/673 50/46/46 771/735/765
f 679/643/673 771/735/765 766/730/760
f 50/46/46 697/661/691 772/736/766
f 50/46/46 772/736/766 771/735/765
f 697/661/691 706/670/700 773/737/767
f 697/661/691 773/737/767 772/736/766
f 774/738/768 709/673/703 51/47/47
f 774/738/768 51/47/47 775/739/769
f 776/740/770 775/739/769 51/47/47
f 776/740/770 51/47/47 742/706/736
f 709/673/703 774/738/768 777/741/771
f 709/673/703 777/741/771 710/674/704
f 742/706/736 743/707/737 778/742/772
f 742/706/736 778/742/772 776/740/770
f 712/676/706 711/675/705 779/743/773
f 712/676/706 779/743/773 780/744/774
f 779/743/773 711/675/705 713/677/707
f 779/743/773 713/677/707 781/745/775
f 706/670/700 712/676/706 782/746/776
f 706/670/700 782/746/776 773/737/767
f 712/676/706 780/744/774 783/747/777
f 712/676/706 783/747/777 782/746/776
f 710/674/704 777/741/771 784/748/778
f 710/674/704 784/748/778 713/677/707
f 713/677/707 784/748/778 785/749/779
f 713/677/707 785/749/779 781/745/775
f 743/707/737 747/711/741 786/750/780
f 743/707/737 786/750/780 778/742/772
f 787/751/781 788/752/782 747/711/741
f 787/751/781 747/711/741 746/710/740
f 786/750/780 747/711/741 788/752/782
f 786/750/780 788/752/782 789/753/783
f 748/712/742 790/754/784 787/751/781
f 748/712/742 787/751/781 746/710/740
f 58/54/54 791/755/785 748/712/742
f 58/54/54 748/712/742 59/55/55
f 791/755/785 792/756/786 790/754/784
f 791/755/785 790/754/784 748/712/742
f 455/437/449 58/54/54 57/53/53
f 455/437/449 57/53/53 456/438/450
f 761/725/755 793/757/787 794/758/788
f 761/725/755 794/758/788 762/726/756
f 795/759/789 793/757/787 761/725/755
f 795/759/789 761/725/755 760/724/754
f 794/758/788 796/760/790 770/734/764
f 794/758/788 770/734/764 762/726/756
f 760/724/754 765/729/759 797/761/791
f 760/724/754 797/761/791 795/759/789
f 793/757/787 795/759/789 798/762/792
f 793/757/787 798/762/792 799/763/793
f 795/759/789 797/761/791 800/764/794
f 795/759/789 800/764/794 798/762/792
f 799/763/793 801/765/795 794/758/788
f 799/763/793 794/758/788 793/757/787
f 796/760/790 794/758/788 801/765/795
f 796/760/790 801/765/795 802/766/796
f 799/763/793 798/762/792 803/767/797
f 799/763/793 803/767/797 804/768/798
f 801/765/795 799/763/793 804/768/798
f 801/765/795 804/768/798 805/769/799
f 798/762/792 800/764/794 806/770/800
f 798/762/792 806/770/800 803/767/797
f 801/765/795 805/769/799 807/771/801
f 801/765/795 807/771/801 802/766/796
f 804/768/798 803/767/797 808/772/802
f 804/768/798 808/772/802 809/773/803
f 810/774/804 808/772/802 803/767/797
f 810/774/804 803/767/797 806/770/800
f 804/768/798 809/773/803 811/775/805
f 804/768/798 811/775/805 805/769/799
f 805/769/799 811/775/805 812/776/806
f 805/769/799 812/776/806 807/771/801
f 811/775/805 809/773/803 62/58/58
f 811/775/805 62/58/58 108/104/104
f 811/775/805 108/104/104 813/777/807
f 811/775/805 813/777/807 812/776/806
f 808/772/802 106/102/102 62/58/58
f 808/772/802 62/58/58 809/773/803
f 808/772/802 810/774/804 814/778/808
f 808/772/802 814/778/808 106/102/102
f 815/779/809 816/780/810 60/56/56
f 815/779/809 60/56/56 107/103/103
f 817/781/811 61/57/57 60/56/56
f 817/781/811 60/56/56 816/780/810
f 813/777/807 108/104/104 109/105/105
f 813/777/807 109/105/105 818/782/812
f 819/783/813 779/743/773 781/745/775
f 819/783/813 781/745/775 820/784/814
f 819/783/813 821/785/815 780/744/774
f 819/783/813 780/744/774 779/743/773
f 822/786/816 820/784/814 781/745/775
f 822/786/816 781/745/775 785/749/779
f 819/783/813 820/784/814 823/787/817
f 819/783/813 823/787/817 824/788/818
f 820/784/814 822/786/816 825/789/819
f 820/784/814 825/789/819 823/787/817
f 819/783/813 824/788/818 826/790/820
f 819/783/813 826/790/820 821/785/815
f 780/744/774 821/785/815 827/791/821
f 780/744/774 827/791/821 783/747/777
f 821/785/815 826/790/820 828/792/822
f 821/785/815 828/792/822 827/791/821
f 829/793/823 824/788/818 823/787/817
f 829/793/823 823/787/817 830/794/824
f 831/795/825 826/790/820 824/788/818
f 831/795/825 824/788/818 829/793/823
f 823/787/817 825/789/819 832/796/826
f 823/787/817 832/796/826 830/794/824
f 826/790/820 831/795/825 833/797/827
f 826/790/820 833/797/827 828/792/822
f 830/794/824 834/798/828 835/799/829
f 830/794/824 835/799/829 829/793/823
f 831/795/825 829/793/823 835/799/829
f 831/795/825 835/799/829 836/800/830
f 830/794/824 832/796/826 837/801/831
f 830/794/824 837/801/831 834/798/828
f 831/795/825 836/800/830 838/802/832
f 831/795/825 838/802/832 833/797/827
f 834/798/828 110/106/106 63/59/59
f 834/798/828 63/59/59 835/799/829
f 836/800/830 835/799/829 63/59/59
f 836/800/830 63/59/59 112/108/108
f 839/803/833 110/106/106 834/798/828
f 839/803/833 834/798/828 837/801/831
f 838/802/832 836/800/830 112/108/108
f 838/802/832 112/108/108 840/804/834
f 841/805/835 111/107/107 110/106/106
f 841/805/835 110/106/106 839/803/833
f 842/806/836 843/807/837 113/109/109
f 842/806/836 113/109/109 65/61/61
f 842/806/836 65/61/61 64/60/60
f 842/806/836 64/60/60 844/808/838
f 788/752/782 787/751/781 845/809/839
f 788/752/782 845/809/839 846/810/840
f 787/751/781 790/754/784 847/811/841
f 787/751/781 847/811/841 845/809/839
f 789/753/783 788/752/782 846/810/840
f 789/753/783 846/810/840 848/812/842
f 849/813/843 846/810/840 845/809/839
f 849/813/843 845/809/839 850/814/844
f 848/812/842 846/810/840 849/813/843
f 848/812/842 849/813/843 851/815/845
f 845/809/839 847/811/841 852/816/846
f 845/809/839 852/816/846 850/814/844
f 792/756/786 853/817/847 847/811/841
f 792/756/786 847/811/841 790/754/784
f 853/817/847 854/818/848 852/816/846
f 853/817/847 852/816/846 847/811/841
f 849/813/843 850/814/844 855/819/849
f 849/813/843 855/819/849 856/820/850
f 850/814/844 852/816/846 857/821/851
f 850/814/844 857/821/851 855/819/849
f 851/815/845 849/813/843 856/820/850
f 851/815/845 856/820/850 858/822/852
f 852/816/846 854/818/848 859/823/853
f 852/816/846 859/823/853 857/821/851
f 857/821/851 860/824/854 861/825/855
f 857/821/851 861/825/855 855/819/849
f 862/826/856 860/824/854 857/821/851
f 862/826/856 857/821/851 859/823/853
f 856/820/850 855/819/849 861/825/855
f 856/820/850 861/825/855 863/827/857
f 856/820/850 863/827/857 864/828/858
f 856/820/850 864/828/858 858/822/852
f 863/827/857 861/825/855 68/64/64
f 863/827/857 68/64/64 115/111/111
f 864/828/858 863/827/857 115/111/111
f 864/828/858 115/111/111 865/829/859
f 860/824/854 116/112/112 68/64/64
f 860/824/854 68/64/64 861/825/855
f 860/824/854 862/826/856 866/830/860
f 860/824/854 866/830/860 116/112/112
f 867/831/861 868/832/862 114/110/110
f 867/831/861 114/110/110 67/63/63
f 869/833/863 66/62/62 117/113/113
f 869/833/863 117/113/113 870/834/864
f 869/833/863 867/831/861 67/63/63
f 869/833/863 67/63/63 66/62/62
f 400/386/394 871/835/865 872/836/866
f 400/386/394 872/836/866 407/393/401
f 873/837/867 871/835/865 400/386/394
f 873/837/867 400/386/394 353/342/347
f 407/393/401 872/836/866 874/838/868
f 407/393/401 874/838/868 408/394/402
f 871/835/865 875/839/869 876/840/870
f 871/835/865 876/840/870 872/836/866
f 877/841/871 874/838/868 872/836/866
f 877/841/871 872/836/866 876/840/870
f 871/835/865 873/837/867 878/842/872
f 871/835/865 878/842/872 875/839/869
f 353/342/347 352/341/346 879/843/873
f 353/342/347 879/843/873 873/837/867
f 873/837/867 879/843/873 880/844/874
f 873/837/867 880/844/874 878/842/872
f 875/839/869 878/842/872 881/845/875
f 875/839/869 881/845/875 882/846/876
f 883/847/877 881/845/875 878/842/872
f 883/847/877 878/842/872 880/844/874
f 876/840/870 875/839/869 882/846/876
f 876/840/870 882/846/876 884/848/878
f 876/840/870 884/848/878 885/849/879
f 876/840/870 885/849/879 877/841/871
f 881/845/875 125/121/121 886/850/880
f 881/845/875 886/850/880 882/846/876
f 882/846/876 886/850/880 118/114/114
f 882/846/876 118/114/114 884/848/878
f 881/845/875 883/847/877 122/118/118
f 881/845/875 122/118/118 125/121/121
f 885/849/879 884/848/878 118/114/114
f 885/849/879 118/114/114 121/117/117
f 887/851/881 119/115/115 118/114/114
f 887/851/881 118/114/114 886/850/880
f 887/851/881 886/850/880 125/121/121
f 887/851/881 125/121/121 124/120/120
f 352/341/346 351/340/345 888/852/882
f 352/341/346 888/852/882 879/843/873
f 357/346/351 356/345/350 889/853/883
f 357/346/351 889/853/883 890/854/884
f 879/843/873 888/852/882 891/855/885
f 879/843/873 891/855/885 880/844/874
f 889/853/883 892/856/886 893/857/887
f 889/853/883 893/857/887 890/854/884
f 880/844/874 891/855/885 894/858/888
f 880/844/874 894/858/888 883/847/877
f 893/857/887 892/856/886 895/859/889
f 893/857/887 895/859/889 896/860/890
f 897/861/891 122/118/118 883/847/877
f 897/861/891 883/847/877 894/858/888
f 129/125/125 898/862/892 896/860/890
f 129/125/125 896/860/890 895/859/889
f 899/863/893 123/119/119 122/118/118
f 899/863/893 122/118/118 897/861/891
f 898/862/892 129/125/125 128/124/124
f 898/862/892 128/124/124 900/864/894
f 874/838/868 901/865/895 409/395/403
f 874/838/868 409/395/403 408/394/402
f 415/401/409 902/866/896 903/867/897
f 415/401/409 903/867/897 412/398/406
f 901/865/895 874/838/868 877/841/871
f 901/865/895 877/841/871 904/868/898
f 902/866/896 905/869/899 906/870/900
f 902/866/896 906/870/900 903/867/897
f 885/849/879 907/871/901 904/868/898
f 885/849/879 904/868/898 877/841/871
f 908/872/902 906/870/900 905/869/899
f 908/872/902 905/869/899 909/873/903
f 907/871/901 885/849/879 121/117/117
f 907/871/901 121/117/117 910/874/904
f 909/873/903 911/875/905 130/126/126
f 909/873/903 130/126/126 908/872/902
f 912/876/906 913/877/907 120/116/116
f 912/876/906 120/116/116 119/115/115
f 914/878/908 915/879/909 132/128/128
f 914/878/908 132/128/128 131/127/127
f 916/880/910 887/851/881 124/120/120
f 916/880/910 124/120/120 917/881/911
f 912/876/906 119/115/115 887/851/881
f 912/876/906 887/851/881 916/880/910
f 918/882/912 919/883/913 132/128/128
f 918/882/912 132/128/128 915/879/909
f 920/884/914 127/123/123 919/883/913
f 920/884/914 919/883/913 918/882/912
f 921/885/915 360/349/354 414/400/408
f 921/885/915 414/400/408 922/886/916
f 414/400/408 413/399/407 923/887/917
f 414/400/408 923/887/917 922/886/916
f 356/345/350 360/349/354 921/885/915
f 356/345/350 921/885/915 889/853/883
f 892/856/886 889/853/883 921/885/915
f 892/856/886 921/885/915 924/888/918
f 922/886/916 925/889/919 924/888/918
f 922/886/916 924/888/918 921/885/915
f 923/887/917 926/890/920 925/889/919
f 923/887/917 925/889/919 922/886/916
f 925/889/919 927/891/921 928/892/922
f 925/889/919 928/892/922 924/888/918
f 927/891/921 925/889/919 926/890/920
f 927/891/921 926/890/920 929/893/923
f 924/888/918 928/892/922 895/859/889
f 924/888/918 895/859/889 892/856/886
f 895/859/889 928/892/922 126/122/122
f 895/859/889 126/122/122 129/125/125
f 927/891/921 930/894/924 126/122/122
f 927/891/921 126/122/122 928/892/922
f 930/894/924 927/891/921 929/893/923
f 930/894/924 929/893/923 133/129/129
f 412/398/406 903/867/897 923/887/917
f 412/398/406 923/887/917 413/399/407
f 903/867/897 906/870/900 926/890/920
f 903/867/897 926/890/920 923/887/917
f 929/893/923 926/890/920 906/870/900
f 929/893/923 906/870/900 908/872/902
f 919/883/913 127/123/123 126/122/122
f 919/883/913 126/122/122 930/894/924
f 931/895/925 505/487/499 503/485/497
f 931/895/925 503/485/497 650/614/644
f 932/896/926 500/482/494 505/487/499
f 932/896/926 505/487/499 931/895/925
f 500/482/494 932/896/926 457/439/451
f 500/482/494 457/439/451 452/434/446
f 72/68/68 649/613/643 480/462/474
f 72/68/68 480/462/474 481/463/475
f 650/614/644 649/613/643 72/68/68
f 650/614/644 72/68/68 71/67/67
f 931/895/925 650/614/644 71/67/67
f 931/895/925 71/67/67 70/66/66
f 933/897/927 932/896/926 931/895/925
f 933/897/927 931/895/925 70/66/66
f 932/896/926 933/897/927 459/441/453
f 932/896/926 459/441/453 457/439/451
f 481/463/475 536/518/530 934/898/928
f 481/463/475 934/898/928 72/68/68
f 70/66/66 935/899/929 936/900/930
f 70/66/66 936/900/930 933/897/927
f 70/66/66 69/65/65 937/901/931
f 70/66/66 937/901/931 938/902/932
f 70/66/66 938/902/932 939/903/933
f 70/66/66 939/903/933 935/899/929
f 940/904/934 941/905/935 942/906/936
f 940/904/934 942/906/936 943/907/937
f 943/907/937 944/908/938 945/909/939
f 943/907/937 945/909/939 940/904/934
f 459/441/453 942/906/936 941/905/935
f 459/441/453 941/905/935 460/442/454
f 946/910/940 947/911/941 943/907/937
f 946/910/940 943/907/937 942/906/936
f 933/897/927 946/910/940 942/906/936
f 933/897/927 942/906/936 459/441/453
f 943/907/937 947/911/941 948/912/942
f 943/907/937 948/912/942 944/908/938
f 949/913/943 950/914/944 947/911/941
f 949/913/943 947/911/941 946/910/940
f 933/897/927 936/900/930 949/913/943
f 933/897/927 949/913/943 946/910/940
f 948/912/942 947/911/941 950/914/944
f 948/912/942 950/914/944 951/915/945
f 949/913/943 952/916/946 953/917/947
f 949/913/943 953/917/947 950/914/944
f 950/914/944 953/917/947 954/918/948
f 950/914/944 954/918/948 951/915/945
f 936/900/930 955/919/949 952/916/946
f 936/900/930 952/916/946 949/913/943
f 937/901/931 956/920/950 957/921/951
f 937/901/931 957/921/951 938/902/932
f 69/65/65 958/922/952 959/923/953
f 69/65/65 959/923/953 937/901/931
f 937/901/931 959/923/953 960/924/954
f 937/901/931 960/924/954 956/920/950
f 71/67/67 73/69/69 961/925/955
f 71/67/67 961/925/955 69/65/65
f 69/65/65 961/925/955 962/926/956
f 69/65/65 962/926/956 958/922/952
f 73/69/69 963/927/957 964/928/958
f 73/69/69 964/928/958 961/925/955
f 965/929/959 962/926/956 961/925/955
f 965/929/959 961/925/955 964/928/958
f 73/69/69 72/68/68 934/898/928
f 73/69/69 934/898/928 966/930/960
f 966/930/960 967/931/961 963/927/957
f 966/930/960 963/927/957 73/69/69
f 934/898/928 536/518/530 541/523/535
f 934/898/928 541/523/535 968/932/962
f 967/931/961 969/933/963 970/934/964
f 967/931/961 970/934/964 963/927/957
f 967/931/961 971/935/965 972/936/966
f 967/931/961 972/936/966 969/933/963
f 969/933/963 973/937/967 974/938/968
f 969/933/963 974/938/968 970/934/964
f 969/933/963 972/936/966 975/939/969
f 969/933/963 975/939/969 973/937/967
f 963/927/957 970/934/964 976/940/970
f 963/927/957 976/940/970 964/928/958
f 970/934/964 974/938/968 977/941/971
f 970/934/964 977/941/971 976/940/970
f 964/928/958 976/940/970 978/942/972
f 964/928/958 978/942/972 965/929/959
f 976/940/970 977/941/971 979/943/973
f 976/940/970 979/943/973 978/942/972
f 956/920/950 980/944/974 981/945/975
f 956/920/950 981/945/975 957/921/951
f 956/920/950 960/924/954 982/946/976
f 956/920/950 982/946/976 980/944/974
f 939/903/933 938/902/932 957/921/951
f 939/903/933 957/921/951 983/947/977
f 981/945/975 984/948/978 983/947/977
f 981/945/975 983/947/977 957/921/951
f 985/949/979 986/950/980 983/947/977
f 985/949/979 983/947/977 984/948/978
f 939/903/933 983/947/977 986/950/980
f 939/903/933 986/950/980 987/951/981
f 973/937/967 988/952/982 989/953/983
f 973/937/967 989/953/983 974/938/968
f 973/937/967 975/939/969 990/954/984
f 973/937/967 990/954/984 988/952/982
f 991/955/985 977/941/971 974/938/968
f 991/955/985 974/938/968 989/953/983
f 977/941/971 991/955/985 992/956/986
f 977/941/971 992/956/986 979/943/973
f 993/957/987 994/958/988 981/945/975
f 993/957/987 981/945/975 980/944/974
f 982/946/976 995/959/989 993/957/987
f 982/946/976 993/957/987 980/944/974
f 984/948/978 981/945/975 994/958/988
f 984/948/978 994/958/988 996/960/990
f 996/960/990 997/961/991 985/949/979
f 996/960/990 985/949/979 984/948/978
f 951/915/945 998/962/992 999/963/993
f 951/915/945 999/963/993 948/912/942
f 951/915/945 954/918/948 1000/964/994
f 951/915/945 1000/964/994 998/962/992
f 999/963/993 1001/965/995 944/908/938
f 999/963/993 944/908/938 948/912/942
f 945/909/939 944/908/938 1001/965/995
f 945/909/939 1001/965/995 1002/966/996
f 1003/967/997 989/953/983 988/952/982
f 1003/967/997 988/952/982 1004/968/998
f 988/952/982 990/954/984 1005/969/999
f 988/952/982 1005/969/999 1004/968/998
f 989/953/983 1003/967/997 1006/970/1000
f 989/953/983 1006/970/1000 991/955/985
f 991/955/985 1006/970/1000 1007/971/1001
f 991/955/985 1007/971/1001 992/956/986
f 1004/968/998 1008/972/1002 1009/973/1003
f 1004/968/998 1009/973/1003 1003/967/997
f 1003/967/997 1009/973/1003 1010/974/1004
f 1003/967/997 1010/974/1004 1006/970/1000
f 1008/972/1002 1004/968/998 1005/969/999
f 1008/972/1002 1005/969/999 1011/975/1005
f 1007/971/1001 1006/970/1000 1010/974/1004
f 1007/971/1001 1010/974/1004 1012/976/1006
f 1008/972/1002 1013/977/1007 1014/978/1008
f 1008/972/1002 1014/978/1008 1009/973/1003
f 1015/979/1009 1010/974/1004 1009/973/1003
f 1015/979/1009 1009/973/1003 1014/978/1008
f 1012/976/1006 1010/974/1004 1015/979/1009
f 1012/976/1006 1015/979/1009 1016/980/1010
f 1015/979/1009 1014/978/1008 75/71/71
f 1015/979/1009 75/71/71 137/133/133
f 1016/980/1010 1015/979/1009 137/133/133
f 1016/980/1010 137/133/133 1017/981/1011
f 1013/977/1007 134/130/130 75/71/71
f 1013/977/1007 75/71/71 1014/978/1008
f 1011/975/1005 1018/982/1012 1013/977/1007
f 1011/975/1005 1013/977/1007 1008/972/1002
f 1018/982/1012 1019/983/1013 134/130/130
f 1018/982/1012 134/130/130 1013/977/1007
f 1019/983/1013 1020/984/1014 135/131/131
f 1019/983/1013 135/131/131 134/130/130
f 1021/985/1015 1022/986/1016 136/132/132
f 1021/985/1015 136/132/132 74/70/70
f 994/958/988 993/957/987 1023/987/1017
f 994/958/988 1023/987/1017 1024/988/1018
f 996/960/990 994/958/988 1024/988/1018
f 996/960/990 1024/988/1018 1025/989/1019
f 995/959/989 1026/990/1020 1023/987/1017
f 995/959/989 1023/987/1017 993/957/987
f 1027/991/1021 1028/992/1022 1024/988/1018
f 1027/991/1021 1024/988/1018 1023/987/1017
f 1023/987/1017 1026/990/1020 1029/993/1023
f 1023/987/1017 1029/993/1023 1027/991/1021
f 1025/989/1019 1024/988/1018 1028/992/1022
f 1025/989/1019 1028/992/1022 1030/994/1024
f 997/961/991 996/960/990 1025/989/1019
f 997/961/991 1025/989/1019 1031/995/1025
f 1031/995/1025 1025/989/1019 1030/994/1024
f 1031/995/1025 1030/994/1024 1032/996/1026
f 1033/997/1027 1030/994/1024 1028/992/1022
f 1033/997/1027 1028/992/1022 1034/998/1028
f 1028/992/1022 1027/991/1021 1035/999/1029
f 1028/992/1022 1035/999/1029 1034/998/1028
f 1033/997/1027 1036/1000/1030 1032/996/1026
f 1033/997/1027 1032/996/1026 1030/994/1024
f 1029/993/1023 1037/1001/1031 1035/999/1029
f 1029/993/1023 1035/999/1029 1027/991/1021
f 1038/1002/1032 1034/998/1028 1035/999/1029
f 1038/1002/1032 1035/999/1029 1039/1003/1033
f 1035/999/1029 1037/1001/1031 1040/1004/1034
f 1035/999/1029 1040/1004/1034 1039/1003/1033
f 1034/998/1028 1038/1002/1032 1041/1005/1035
f 1034/998/1028 1041/1005/1035 1033/997/1027
f 1036/1000/1030 1033/997/1027 1041/1005/1035
f 1036/1000/1030 1041/1005/1035 1042/1006/1036
f 1041/1005/1035 1038/1002/1032 77/73/73
f 1041/1005/1035 77/73/73 140/136/136
f 1039/1003/1033 138/134/134 77/73/73
f 1039/1003/1033 77/73/73 1038/1002/1032
f 1042/1006/1036 1041/1005/1035 140/136/136
f 1042/1006/1036 140/136/136 1043/1007/1037
f 138/134/134 1039/1003/1033 1040/1004/1034
f 138/134/134 1040/1004/1034 1044/1008/1038
f 1045/1009/1039 1046/1010/1040 78/74/74
f 1045/1009/1039 78/74/74 139/135/135
f 1043/1007/1037 140/136/136 141/137/137
f 1043/1007/1037 141/137/137 1047/1011/1041
f 1048/1012/1042 1049/1013/1043 999/963/993
f 1048/1012/1042 999/963/993 998/962/992
f 1001/965/995 999/963/993 1049/1013/1043
f 1001/965/995 1049/1013/1043 1050/1014/1044
f 1051/1015/1045 1048/1012/1042 998/962/992
f 1051/1015/1045 998/962/992 1000/964/994
f 1052/1016/1046 1002/966/996 1001/965/995
f 1052/1016/1046 1001/965/995 1050/1014/1044
f 1050/1014/1044 1049/1013/1043 1053/1017/1047
f 1050/1014/1044 1053/1017/1047 1054/1018/1048
f 1055/1019/1049 1053/1017/1047 1049/1013/1043
f 1055/1019/1049 1049/1013/1043 1048/1012/1042
f 1054/1018/1048 1056/1020/1050 1052/1016/1046
f 1054/1018/1048 1052/1016/1046 1050/1014/1044
f 1048/1012/1042 1051/1015/1045 1057/1021/1051
f 1048/1012/1042 1057/1021/1051 1055/1019/1049
f 1055/1019/1049 1058/1022/1052 1059/1023/1053
f 1055/1019/1049 1059/1023/1053 1053/1017/1047
f 1055/1019/1049 1057/1021/1051 1060/1024/1054
f 1055/1019/1049 1060/1024/1054 1058/1022/1052
f 1054/1018/1048 1053/1017/1047 1059/1023/1053
f 1054/1018/1048 1059/1023/1053 1061/1025/1055
f 1056/1020/1050 1054/1018/1048 1061/1025/1055
f 1056/1020/1050 1061/1025/1055 1062/1026/1056
f 1058/1022/1052 144/140/140 80/76/76
f 1058/1022/1052 80/76/76 1059/1023/1053
f 1063/1027/1057 144/140/140 1058/1022/1052
f 1063/1027/1057 1058/1022/1052 1060/1024/1054
f 1061/1025/1055 1059/1023/1053 80/76/76
f 1061/1025/1055 80/76/76 143/139/139
f 1062/1026/1056 1061/1025/1055 143/139/139
f 1062/1026/1056 143/139/139 1064/1028/1058
f 1065/1029/1059 142/138/138 82/78/78
f 1065/1029/1059 82/78/78 1066/1030/1060
f 1067/1031/1061 81/77/77 145/141/141
f 1067/1031/1061 145/141/141 1068/1032/1062
f 1069/1033/1063 955/919/949 936/900/930
f 1069/1033/1063 936/900/930 935/899/929
f 1070/638/1064 1071/632/1065 1072/1034/1066
f 1070/638/1064 1072/1034/1066 1073/1035/1067
f 1070/638/1064 1073/1035/1067 1074/1036/1068
f 1070/638/1064 1074/1036/1068 1075/641/1069
f 1071/632/1065 1076/628/1070 1077/1037/1071
f 1071/632/1065 1077/1037/1071 1072/1034/1066
f 1078/620/1072 1079/1038/1073 1077/1037/1071
f 1078/620/1072 1077/1037/1071 1076/628/1070
f 1080/649/1074 1081/1039/1075 1082/1040/1076
f 1080/649/1074 1082/1040/1076 1083/623/1077
f 1075/641/1069 1074/1036/1068 1081/1039/1075
f 1075/641/1069 1081/1039/1075 1080/649/1074
f 1084/1039/1078 1085/1036/1079 1086/1041/1080
f 1084/1039/1078 1086/1041/1080 1087/1042/1081
f 1088/1040/1082 1084/1039/1078 1087/1042/1081
f 1088/1040/1082 1087/1042/1081 1089/1043/1083
f 1085/1036/1079 1090/1035/1084 1091/1044/1085
f 1085/1036/1079 1091/1044/1085 1086/1041/1080
f 1090/1035/1084 1092/1034/1086 1093/1045/1087
f 1090/1035/1084 1093/1045/1087 1091/1044/1085
f 1094/1037/1088 1095/1046/1089 1093/1045/1087
f 1094/1037/1088 1093/1045/1087 1092/1034/1086
f 1096/1038/1090 1097/1047/1091 1095/1046/1089
f 1096/1038/1090 1095/1046/1089 1094/1037/1088
f 1098/1048/1092 1099/1049/1093 1097/1047/1091
f 1098/1048/1092 1097/1047/1091 1096/1038/1090
f 1100/1050/1094 1088/1040/1082 1089/1043/1083
f 1100/1050/1094 1089/1043/1083 1099/1049/1093
f 1089/1043/1083 1087/1042/1081 1086/1041/1080
f 1089/1043/1083 1086/1041/1080 1091/1044/1085
f 1091/1044/1085 1093/1045/1087 1095/1046/1089
f 1091/1044/1085 1095/1046/1089 1097/1047/1091
f 1101/669/1095 1102/660/1096 1103/1051/1097
f 1101/669/1095 1103/1051/1097 1104/1052/1098
f 1102/660/1096 1105/658/1099 1106/1053/1100
f 1102/660/1096 1106/1053/1100 1103/1051/1097
f 1107/678/1101 1101/669/1095 1104/1052/1098
f 1107/678/1101 1104/1052/1098 1108/1054/1102
f 1109/681/1103 1107/678/1101 1108/1054/1102
f 1109/681/1103 1108/1054/1102 1110/1055/1104
f 1111/685/1105 1109/681/1103 1110/1055/1104
f 1111/685/1105 1110/1055/1104 1112/1056/1106
f 1111/685/1105 1112/1056/1106 1113/1057/1107
f 1111/685/1105 1113/1057/1107 1114/687/1108
f 1115/665/1109 1116/1058/1110 1117/1059/1111
f 1115/665/1109 1117/1059/1111 1118/657/1112
f 1105/658/1099 1118/657/1112 1117/1059/1111
f 1105/658/1099 1117/1059/1111 1106/1053/1100
f 1119/1053/1113 1120/1060/1114 1121/1061/1115
f 1119/1053/1113 1121/1061/1115 1122/1051/1116
f 1123/1059/1117 1124/1062/1118 1120/1060/1114
f 1123/1059/1117 1120/1060/1114 1119/1053/1113
f 1125/1052/1119 1122/1051/1116 1121/1061/1115
f 1125/1052/1119 1121/1061/1115 1126/1063/1120
f 1127/1054/1121 1125/1052/1119 1126/1063/1120
f 1127/1054/1121 1126/1063/1120 1128/1064/1122
f 1129/1055/1123 1127/1054/1121 1128/1064/1122
f 1129/1055/1123 1128/1064/1122 1130/1065/1124
f 1131/1056/1125 1129/1055/1123 1130/1065/1124
f 1131/1056/1125 1130/1065/1124 1132/1066/1126
f 1133/1057/1127 1131/1056/1125 1132/1066/1126
f 1133/1057/1127 1132/1066/1126 1134/1067/1128
f 1135/1058/1129 1134/1067/1128 1124/1062/1118
f 1135/1058/1129 1124/1062/1118 1123/1059/1117
f 1124/1062/1118 1134/1067/1128 1132/1066/1126
f 1124/1062/1118 1132/1066/1126 1136/1068/1130
f 1124/1062/1118 1136/1068/1130 1121/1061/1115
f 1124/1062/1118 1121/1061/1115 1120/1060/1114
f 1128/1064/1122 1126/1063/1120 1121/1061/1115
f 1128/1064/1122 1121/1061/1115 1136/1068/1130
f 1137/705/1131 1138/698/1132 1139/1069/1133
f 1137/705/1131 1139/1069/1133 1140/1070/1134
f 1138/698/1132 1141/696/1135 1142/1071/1136
f 1138/698/1132 1142/1071/1136 1139/1069/1133
f 1137/705/1131 1140/1070/1134 1143/1072/1137
f 1137/705/1131 1143/1072/1137 1144/713/1138
f 1145/717/1139 1144/713/1138 1143/1072/1137
f 1145/717/1139 1143/1072/1137 1146/1073/1140
f 1147/720/1141 1145/717/1139 1146/1073/1140
f 1147/720/1141 1146/1073/1140 1148/1074/1142
f 1149/723/1143 1147/720/1141 1148/1074/1142
f 1149/723/1143 1148/1074/1142 1150/1075/1144
f 1151/701/1145 1152/1076/1146 1153/1077/1147
f 1151/701/1145 1153/1077/1147 1154/695/1148
f 1154/695/1148 1153/1077/1147 1142/1071/1136
f 1154/695/1148 1142/1071/1136 1141/696/1135
f 1155/1077/1149 1156/1078/1150 1157/1079/1151
f 1155/1077/1149 1157/1079/1151 1158/1071/1152
f 1159/1076/1153 87/83/83 1156/1078/1150
f 1159/1076/1153 1156/1078/1150 1155/1077/1149
f 1158/1071/1152 1157/1079/1151 1160/1080/1154
f 1158/1071/1152 1160/1080/1154 1161/1069/1155
f 1162/1070/1156 1161/1069/1155 1160/1080/1154
f 1162/1070/1156 1160/1080/1154 84/80/80
f 1162/1070/1156 84/80/80 83/79/79
f 1162/1070/1156 83/79/79 1163/1072/1157
f 1164/1073/1158 1163/1072/1157 83/79/79
f 1164/1073/1158 83/79/79 86/82/82
f 1165/1074/1159 1164/1073/1158 86/82/82
f 1165/1074/1159 86/82/82 88/84/84
f 1166/1075/1160 1165/1074/1159 88/84/84
f 1166/1075/1160 88/84/84 87/83/83
f 1157/1079/1151 1156/1078/1150 87/83/83
f 1157/1079/1151 87/83/83 85/81/81
f 93/89/89 92/88/88 210/203/203
f 93/89/89 210/203/203 209/202/202
f 1167/11/1161 341/330/335 340/24/334
f 1167/11/1161 340/24/334 1168/12/1162
f 17/13/13 318/308/312 342/331/336
f 17/13/13 342/331/336 23/19/19
f 367/301/361 317/9/311 316/307/310
f 367/301/361 316/307/310 328/318/322
f 585/567/579 1169/1081/1163 43/39/39
f 585/567/579 43/39/39 42/38/38
f 640/608/634 646/611/640 644/610/638
f 640/608/634 644/610/638 642/609/636
f 646/611/640 633/604/627 632/603/626
f 646/611/640 632/603/626 635/605/629
f 55/51/51 490/472/484 698/662/692
f 55/51/51 698/662/692 56/52/52
f 482/464/476 453/435/447 456/438/450
f 482/464/476 456/438/450 752/716/746
f 497/479/491 719/683/713 488/470/482
f 497/479/491 488/470/482 487/469/481
f 908/872/902 130/126/126 133/129/129
f 908/872/902 133/129/129 929/893/923
f 919/883/913 930/894/924 133/129/129
f 919/883/913 133/129/129 132/128/128
f 935/899/929 939/903/933 987/951/981
f 935/899/929 987/951/981 1069/1033/1063
f 1170/1082/1164 1021/985/1015 74/70/70
f 1170/1082/1164 74/70/70 76/72/72
f 1171/1083/1165 79/75/75 78/74/74
f 1171/1083/1165 78/74/74 1046/1010/1040
f 1066/1030/1060 82/78/78 81/77/77
f 1066/1030/1060 81/77/77 1067/1031/1061
f 1091/1044/1085 1097/1047/1091 1099/1049/1093
f 1091/1044/1085 1099/1049/1093 1089/1043/1083
f 1128/1064/1122 1136/1068/1130 1132/1066/1126
f 1128/1064/1122 1132/1066/1126 1130/1065/1124
f 1157/1079/1151 85/81/81 84/80/80
f 1157/1079/1151 84/80/80 1160/1080/1154
f 83/79/79 85/81/81 87/83/83
f 83/79/79 87/83/83 86/82/82
f 55/51/51 54/50/50 496/478/490
f 55/51/51 496/478/490 494/476/488
f 934/898/928 968/932/962 1172/1084/1166
f 934/898/928 1172/1084/1166 966/930/960
f 966/930/960 1172/1084/1166 971/935/965
f 966/930/960 971/935/965 967/931/961
f 1083/623/1077 1082/1040/1076 1173/1050/1167
f 1083/623/1077 1173/1050/1167 1174/624/1168
f 1175/619/1169 1176/1048/1170 1079/1038/1073
f 1175/619/1169 1079/1038/1073 1078/620/1072
f 252/245/245 277/270/270 273/266/266
f 252/245/245 273/266/266 251/244/244
f 250/243/243 251/244/244 273/266/266
f 250/243/243 273/266/266 271/264/264
f 249/242/242 250/243/243 271/264/264
f 249/242/242 271/264/264 269/262/262
f 248/241/241 249/242/242 269/262/262
f 248/241/241 269/262/262 257/250/250
f 247/240/240 248/241/241 257/250/250
f 247/240/240 257/250/250 253/246/246
f 246/239/239 247/240/240 253/246/246
f 246/239/239 253/246/246 256/249/249
f 245/238/238 246/239/239 256/249/249
f 245/238/238 256/249/249 259/252/252
f 244/237/237 245/238/238 259/252/252
f 244/237/237 259/252/252 304/297/297
f 241/234/234 244/237/237 304/297/297
f 241/234/234 304/297/297 300/293/293
f 239/232/232 241/234/234 300/293/293
f 239/232/232 300/293/293 295/288/288
f 295/288/288 294/287/287 240/233/233
f 295/288/288 240/233/233 239/232/232
f 242/235/235 90/86/86 89/85/85
f 242/235/235 89/85/85 283/276/276
f 243/236/236 242/235/235 283/276/276
f 243/236/236 283/276/276 281/274/274
f 252/245/245 243/236/236 281/274/274
f 252/245/245 281/274/274 277/270/270
f 491/473/485 32/28/28 29/25/25
f 491/473/485 29/25/25 489/471/483
f 486/468/480 489/471/483 29/25/25
f 486/468/480 29/25/25 31/27/27
f 31/27/27 438/420/432 484/466/478
f 31/27/27 484/466/478 486/468/480
f 438/420/432 380/366/374 447/429/441
f 438/420/432 447/429/441 484/466/478
f 380/366/374 379/365/373 444/426/438
f 380/366/374 444/426/438 447/429/441
f 445/427/439 444/426/438 379/365/373
f 445/427/439 379/365/373 378/364/372
f 451/433/445 450/432/444 386/372/380
f 451/433/445 386/372/380 385/371/379
f 499/481/493 451/433/445 385/371/379
f 499/481/493 385/371/379 396/382/390
f 397/383/391 506/488/500 499/481/493
f 397/383/391 499/481/493 396/382/390
f 398/384/392 504/486/498 506/488/500
f 398/384/392 506/488/500 397/383/391
f 419/405/413 502/484/496 504/486/498
f 419/405/413 504/486/498 398/384/392
f 479/461/473 502/484/496 419/405/413
f 479/461/473 419/405/413 421/407/415
f 465/447/459 479/461/473 421/407/415
f 465/447/459 421/407/415 427/413/421
f 427/413/421 442/424/436 461/443/455
f 427/413/421 461/443/455 465/447/459
f 442/424/436 441/423/435 462/444/456
f 442/424/436 462/444/456 461/443/455
f 468/450/462 462/444/456 441/423/435
f 468/450/462 441/423/435 440/422/434
f 440/422/434 33/29/29 495/477/489
f 440/422/434 495/477/489 468/450/462
f 493/475/487 495/477/489 33/29/29
f 493/475/487 33/29/29 35/31/31
f 35/31/31 439/421/433 492/474/486
f 35/31/31 492/474/486 493/475/487
f 32/28/28 491/473/485 492/474/486
f 32/28/28 492/474/486 439/421/433
f 814/778/808 815/779/809 107/103/103
f 814/778/808 107/103/103 106/102/102
f 136/132/132 1022/986/1016 1017/981/1011
f 136/132/132 1017/981/1011 137/133/133
f 818/782/812 109/105/105 61/57/57
f 818/782/812 61/57/57 817/781/811
f 135/131/131 1020/984/1014 1170/1082/1164
f 135/131/131 1170/1082/1164 76/72/72
f 586/568/580 103/99/99 102/98/98
f 586/568/580 102/98/98 581/563/575
f 578/560/572 99/95/95 98/94/94
f 578/560/572 98/94/94 582/564/576
f 1169/1081/1163 587/569/581 105/101/101
f 1169/1081/1163 105/101/101 43/39/39
f 101/97/97 584/566/578 588/570/582
f 101/97/97 588/570/582 39/35/35
f 1044/1008/1038 1045/1009/1039 139/135/135
f 1044/1008/1038 139/135/135 138/134/134
f 113/109/109 843/807/837 840/804/834
f 113/109/109 840/804/834 112/108/108
f 1047/1011/1041 141/137/137 79/75/75
f 1047/1011/1041 79/75/75 1171/1083/1165
f 844/808/838 64/60/60 111/107/107
f 844/808/838 111/107/107 841/805/835
f 1068/1032/1062 145/141/141 144/140/140
f 1068/1032/1062 144/140/140 1063/1027/1057
f 114/110/110 868/832/862 865/829/859
f 114/110/110 865/829/859 115/111/111
f 870/834/864 117/113/113 116/112/112
f 870/834/864 116/112/112 866/830/860
f 1064/1028/1058 143/139/139 142/138/138
f 1064/1028/1058 142/138/138 1065/1029/1059
f 911/875/905 914/878/908 131/127/127
f 911/875/905 131/127/127 130/126/126
f 120/116/116 913/877/907 910/874/904
f 120/116/116 910/874/904 121/117/117
f 900/864/894 128/124/124 127/123/123
f 900/864/894 127/123/123 920/884/914
f 917/881/911 124/120/120 123/119/119
f 917/881/911 123/119/119 899/863/893
f 267/260/260 95/91/91 94/90/90
f 267/260/260 94/90/90 335/325/329
f 335/325/329 334/324/328 264/257/257
f 335/325/329 264/257/257 267/260/260
f 337/327/331 261/254/254 264/257/257
f 337/327/331 264/257/257 334/324/328
f 265/258/258 261/254/254 337/327/331
f 265/258/258 337/327/331 339/329/333
f 306/299/299 265/258/258 339/329/333
f 306/299/299 339/329/333 341/330/335
f 308/296/301 306/299/299 341/330/335
f 308/296/301 341/330/335 1167/11/1161
f 298/291/291 303/296/296 15/11/11
f 298/291/291 15/11/11 26/22/22
f 26/22/22 342/331/336 293/286/286
f 26/22/22 293/286/286 298/291/291
f 318/308/312 290/283/283 293/286/286
f 318/308/312 293/286/286 342/331/336
f 288/281/281 290/283/283 318/308/312
f 288/281/281 318/308/312 313/304/306
f 312/303/305 285/278/278 288/281/281
f 312/303/305 288/281/281 313/304/306
f 276/269/269 280/273/273 12/8/8
f 276/269/269 12/8/8 11/7/7
f 97/93/93 276/269/269 11/7/7
f 97/93/93 11/7/7 96/92/92
f 1178/1085/1171 1179/1086/1172 165/153/153
f 1178/1085/1171 165/153/153 160/152/152
f 166/156/156 165/153/153 1179/1086/1172
f 166/156/156 1179/1086/1172 1180/1087/1173
f 169/160/160 166/156/156 1180/1087/1173
f 169/160/160 1180/1087/1173 1181/1088/1174
f 172/163/163 169/160/160 1181/1088/1174
f 172/163/163 1181/1088/1174 1182/1089/1175
f 175/167/167 172/163/163 1182/1089/1175
f 175/167/167 1182/1089/1175 1183/1090/1176
f 178/170/170 175/167/167 1183/1090/1176
f 178/170/170 1183/1090/1176 1184/1091/1177
f 181/173/173 178/170/170 1184/1091/1177
f 181/173/173 1184/1091/1177 1185/1092/1178
f 184/178/178 181/173/173 1185/1092/1178
f 184/178/178 1185/1092/1178 1186/1093/1179
f 187/181/181 184/178/178 1186/1093/1179
f 187/181/181 1186/1093/1179 1187/1094/1180
f 190/1095/1181 187/181/181 1187/1094/1180
f 190/1095/1181 1187/1094/1180 1188/1096/1182
l 156 157
l 156 162
l 154 190
l 147 154
l 155 1177
l 1188 1189
l 3 4
l 4 154
